{"type":"FeatureCollection","features":[{"type":"Feature","geometry":{"type":"Polygon","coordinates":[[[35.039854,31.226132],[35.04831,31.226132],[35.04831,31.23345],[35.039854,31.23345],[35.039854,31.226132],[35.039854,31.226132]]]},"id":967,"properties":{"r_סמל ועדה":18,"SHEM_YISHUV":"אבו ג'ווייעד (שבט)","SEMEL_YISHUV":967,"r_בזב":2279,"r_מצביעים":549,"r_פסולים":9,"r_כשרים":540,"r_ום":38,"r_כן":5,"r_מחל":12,"r_עם":468,"r_שס":4,"r_אחר":13,"max_party":"רע\"מ","color_general":"#F7C94C","color_ynet":"#FE9601","TOTAL_BZB":2279}},{"type":"Feature","geometry":{"type":"Polygon","coordinates":[[[35.094691,31.799081],[35.122526,31.799081],[35.122526,31.81394],[35.094691,31.81394],[35.094691,31.799081],[35.094691,31.799081]]]},"id":472,"properties":{"r_סמל ועדה":2,"SHEM_YISHUV":"אבו גוש","SEMEL_YISHUV":472,"r_בזב":5094,"r_מצביעים":2809,"r_פסולים":40,"r_כשרים":2769,"r_ום":312,"r_מחל":208,"r_מרצ":58,"r_עם":838,"r_פה":26,"r_אחר":1327,"max_party":"אחר","color_general":"#F7C94C","color_ynet":"#FE9601","TOTAL_BZB":5094}},{"type":"Feature","geometry":{"type":"Polygon","coordinates":[[[35.125123,32.952455],[35.184175,32.952455],[35.184175,32.979832],[35.125123,32.979832],[35.125123,32.952455],[35.125123,32.952455]]]},"id":473,"properties":{"r_סמל ועדה":6,"SHEM_YISHUV":"אבו סנאן","SEMEL_YISHUV":473,"r_בזב":10013,"r_מצביעים":5458,"r_פסולים":76,"r_כשרים":5382,"r_אמת":34,"r_ום":2030,"r_כן":401,"r_ל":355,"r_מחל":405,"r_מרצ":82,"r_עם":1160,"r_פה":163,"r_אחר":752,"max_party":"חד\"ש תע\"ל","color_general":"#58C879","color_ynet":"#FFC37B","TOTAL_BZB":10013}},{"type":"Feature","geometry":{"type":"Polygon","coordinates":[[[34.845803,31.30627],[34.850793,31.30627],[34.850793,31.310074],[34.845803,31.310074],[34.845803,31.30627],[34.845803,31.30627]]]},"id":958,"properties":{"r_סמל ועדה":18,"SHEM_YISHUV":"אבו עבדון (שבט)","SEMEL_YISHUV":958,"r_בזב":154,"r_מצביעים":41,"r_פסולים":0,"r_כשרים":41,"r_ום":1,"r_עם":39,"r_אחר":1,"max_party":"רע\"מ","color_general":"#F7C94C","color_ynet":"#FE9601","TOTAL_BZB":154}},{"type":"Feature","geometry":{"type":"Polygon","coordinates":[[[34.96932,31.125019],[34.977199,31.125019],[34.977199,31.131198],[34.96932,31.131198],[34.96932,31.125019],[34.96932,31.125019]]]},"id":968,"properties":{"r_סמל ועדה":18,"SHEM_YISHUV":"אבו קורינאת (שבט)","SEMEL_YISHUV":968,"r_בזב":3386,"r_מצביעים":1215,"r_פסולים":6,"r_כשרים":1209,"r_ום":65,"r_מחל":9,"r_עם":1096,"r_אחר":39,"max_party":"רע\"מ","color_general":"#F7C94C","color_ynet":"#FE9601","TOTAL_BZB":3386}},{"type":"Feature","geometry":{"type":"Polygon","coordinates":[[[34.943513,31.119525],[34.984397,31.119525],[34.984397,31.15647],[34.943513,31.15647],[34.943513,31.119525],[34.943513,31.119525]]]},"id":1342,"properties":{"r_סמל ועדה":18,"SHEM_YISHUV":"אבו קורינאת (יישוב)","SEMEL_YISHUV":1342,"r_בזב":703,"r_מצביעים":351,"r_פסולים":5,"r_כשרים":346,"r_אמת":2,"r_ום":9,"r_מחל":2,"r_עם":311,"r_פה":12,"r_אחר":10,"max_party":"רע\"מ","color_general":"#F7C94C","color_ynet":"#FE9601","TOTAL_BZB":703}},{"type":"Feature","geometry":{"type":"Polygon","coordinates":[[[35.05755,31.234871],[35.065809,31.234871],[35.065809,31.243809],[35.05755,31.243809],[35.05755,31.234871],[35.05755,31.234871]]]},"id":966,"properties":{"r_סמל ועדה":18,"SHEM_YISHUV":"אבו רובייעה (שבט)","SEMEL_YISHUV":966,"r_בזב":4484,"r_מצביעים":1496,"r_פסולים":23,"r_כשרים":1473,"r_אמת":10,"r_ום":92,"r_כן":12,"r_מחל":27,"r_עם":1257,"r_פה":9,"r_אחר":66,"max_party":"רע\"מ","color_general":"#F7C94C","color_ynet":"#FE9601","TOTAL_BZB":4484}},{"type":"Feature","geometry":{"type":"Polygon","coordinates":[[[34.905536,31.176353],[34.923974,31.176353],[34.923974,31.19492],[34.905536,31.19492],[34.905536,31.176353],[34.905536,31.176353]]]},"id":961,"properties":{"r_סמל ועדה":18,"SHEM_YISHUV":"אבו רוקייק (שבט)","SEMEL_YISHUV":961,"r_בזב":5336,"r_מצביעים":2105,"r_פסולים":12,"r_כשרים":2093,"r_ום":392,"r_ט":17,"r_עם":1608,"r_אחר":76,"max_party":"רע\"מ","color_general":"#F7C94C","color_ynet":"#FE9601","TOTAL_BZB":5336}},{"type":"Feature","geometry":{"type":"Polygon","coordinates":[[[34.900835,31.163347],[34.967929,31.163347],[34.967929,31.200609],[34.900835,31.200609],[34.900835,31.163347],[34.900835,31.163347]]]},"id":1375,"properties":{"r_סמל ועדה":18,"SHEM_YISHUV":"אבו תלול","SEMEL_YISHUV":1375,"r_בזב":1141,"r_מצביעים":653,"r_פסולים":6,"r_כשרים":647,"r_ום":136,"r_מחל":4,"r_עם":496,"r_אחר":11,"max_party":"רע\"מ","color_general":"#F7C94C","color_ynet":"#FE9601","TOTAL_BZB":1141}},{"type":"Feature","geometry":{"type":"Polygon","coordinates":[[[35.104055,32.757998],[35.123106,32.757998],[35.123106,32.765241],[35.104055,32.765241],[35.104055,32.757998],[35.104055,32.757998]]]},"id":652,"properties":{"r_סמל ועדה":8,"SHEM_YISHUV":"אבטין","SEMEL_YISHUV":652,"r_בזב":1935,"r_מצביעים":875,"r_פסולים":8,"r_כשרים":867,"r_ום":195,"r_כן":8,"r_ל":19,"r_מחל":14,"r_עם":535,"r_פה":12,"r_אחר":84,"max_party":"רע\"מ","color_general":"#F7C94C","color_ynet":"#FE9601","TOTAL_BZB":1935}},{"type":"Feature","geometry":{"type":"Polygon","coordinates":[[[35.346793,32.835052],[35.356929,32.835052],[35.356929,32.839254],[35.346793,32.839254],[35.346793,32.835052],[35.346793,32.835052]]]},"id":1275,"properties":{"r_סמל ועדה":20,"SHEM_YISHUV":"אבטליון","SEMEL_YISHUV":1275,"r_בזב":323,"r_מצביעים":244,"r_פסולים":0,"r_כשרים":244,"r_אמת":32,"r_ום":5,"r_ט":5,"r_כן":25,"r_ל":5,"r_מחל":24,"r_מרצ":24,"r_פה":105,"r_אחר":19,"max_party":"יש עתיד","color_general":"#FF8E3C","color_ynet":"#F90000","TOTAL_BZB":323}},{"type":"Feature","geometry":{"type":"Polygon","coordinates":[[[34.980238,32.525448],[35.002466,32.525448],[35.002466,32.538716],[34.980238,32.538716],[34.980238,32.525448],[34.980238,32.525448]]]},"id":679,"properties":{"r_סמל ועדה":9,"SHEM_YISHUV":"אביאל","SEMEL_YISHUV":679,"r_בזב":547,"r_מצביעים":405,"r_פסולים":3,"r_כשרים":402,"r_אמת":36,"r_ום":3,"r_ט":17,"r_כן":77,"r_ל":3,"r_מחל":71,"r_מרצ":46,"r_פה":127,"r_אחר":22,"max_party":"יש עתיד","color_general":"#FF8E3C","color_ynet":"#F90000","TOTAL_BZB":547}},{"type":"Feature","geometry":{"type":"Polygon","coordinates":[[[35.464551,33.083976],[35.478982,33.083976],[35.478982,33.092503],[35.464551,33.092503],[35.464551,33.083976],[35.464551,33.083976]]]},"id":1115,"properties":{"r_סמל ועדה":3,"SHEM_YISHUV":"אביבים","SEMEL_YISHUV":1115,"r_בזב":347,"r_מצביעים":271,"r_פסולים":1,"r_כשרים":270,"r_ג":5,"r_ט":42,"r_מחל":137,"r_שס":83,"r_אחר":3,"max_party":"הליכוד","color_general":"#1C5BAD","color_ynet":"#1417AC","TOTAL_BZB":347}},{"type":"Feature","geometry":{"type":"Polygon","coordinates":[[[34.729645,31.702765],[34.753809,31.702765],[34.753809,31.716106],[34.729645,31.716106],[34.729645,31.702765],[34.729645,31.702765]]]},"id":819,"properties":{"r_סמל ועדה":17,"SHEM_YISHUV":"אביגדור","SEMEL_YISHUV":819,"r_בזב":607,"r_מצביעים":486,"r_פסולים":3,"r_כשרים":483,"r_אמת":38,"r_ט":31,"r_כן":100,"r_מחל":52,"r_מרצ":26,"r_פה":218,"r_שס":9,"r_אחר":9,"max_party":"יש עתיד","color_general":"#FF8E3C","color_ynet":"#F90000","TOTAL_BZB":607}},{"type":"Feature","geometry":{"type":"Polygon","coordinates":[[[34.866208,32.345152],[34.876974,32.345152],[34.876974,32.357743],[34.866208,32.357743],[34.866208,32.345152],[34.866208,32.345152]]]},"id":175,"properties":{"r_סמל ועדה":10,"SHEM_YISHUV":"אביחיל","SEMEL_YISHUV":175,"r_בזב":987,"r_מצביעים":698,"r_פסולים":4,"r_כשרים":694,"r_אמת":68,"r_ט":28,"r_כן":116,"r_ל":17,"r_מחל":98,"r_מרצ":68,"r_פה":270,"r_אחר":29,"max_party":"יש עתיד","color_general":"#FF8E3C","color_ynet":"#F90000","TOTAL_BZB":987}},{"type":"Feature","geometry":{"type":"Polygon","coordinates":[[[35.298339,32.551982],[35.317705,32.551982],[35.317705,32.56204],[35.298339,32.56204],[35.298339,32.551982],[35.298339,32.551982]]]},"id":2052,"properties":{"r_סמל ועדה":5,"SHEM_YISHUV":"אביטל","SEMEL_YISHUV":2052,"r_בזב":414,"r_מצביעים":328,"r_פסולים":1,"r_כשרים":327,"r_אמת":2,"r_ג":6,"r_ט":86,"r_כן":33,"r_ל":2,"r_מחל":154,"r_פה":7,"r_שס":28,"r_אחר":9,"max_party":"הליכוד","color_general":"#1C5BAD","color_ynet":"#1417AC","TOTAL_BZB":414}},{"type":"Feature","geometry":{"type":"Polygon","coordinates":[[[35.007026,31.676799],[35.021223,31.676799],[35.021223,31.684667],[35.007026,31.684667],[35.007026,31.676799],[35.007026,31.676799]]]},"id":1070,"properties":{"r_סמל ועדה":2,"SHEM_YISHUV":"אביעזר","SEMEL_YISHUV":1070,"r_בזב":618,"r_מצביעים":497,"r_פסולים":1,"r_כשרים":496,"r_אמת":37,"r_ום":7,"r_ט":65,"r_כן":60,"r_ל":13,"r_מחל":174,"r_מרצ":21,"r_פה":89,"r_שס":16,"r_אחר":14,"max_party":"הליכוד","color_general":"#1C5BAD","color_ynet":"#1417AC","TOTAL_BZB":618}},{"type":"Feature","geometry":{"type":"Polygon","coordinates":[[[35.284007,33.035875],[35.290073,33.035875],[35.290073,33.045027],[35.284007,33.045027],[35.284007,33.035875],[35.284007,33.035875]]]},"id":1220,"properties":{"r_סמל ועדה":6,"SHEM_YISHUV":"אבירים","SEMEL_YISHUV":1220,"r_בזב":235,"r_מצביעים":152,"r_פסולים":2,"r_כשרים":150,"r_אמת":29,"r_ום":3,"r_ט":3,"r_כן":12,"r_ל":4,"r_מחל":6,"r_מרצ":38,"r_פה":44,"r_אחר":11,"max_party":"יש עתיד","color_general":"#FF8E3C","color_ynet":"#F90000","TOTAL_BZB":235}},{"type":"Feature","geometry":{"type":"Polygon","coordinates":[[[34.865924,32.242065],[34.896634,32.242065],[34.896634,32.293523],[34.865924,32.293523],[34.865924,32.242065],[34.865924,32.242065]]]},"id":182,"properties":{"r_סמל ועדה":10,"SHEM_YISHUV":"אבן יהודה","SEMEL_YISHUV":182,"r_בזב":10452,"r_מצביעים":7712,"r_פסולים":19,"r_כשרים":7693,"r_אמת":540,"r_ט":416,"r_כן":1178,"r_ל":142,"r_מחל":1509,"r_מרצ":410,"r_פה":3159,"r_שס":126,"r_אחר":213,"max_party":"יש עתיד","color_general":"#FF8E3C","color_ynet":"#F90000","TOTAL_BZB":10452}},{"type":"Feature","geometry":{"type":"Polygon","coordinates":[[[35.284865,33.069299],[35.301451,33.069299],[35.301451,33.078376],[35.284865,33.078376],[35.284865,33.069299],[35.284865,33.069299]]]},"id":1081,"properties":{"r_סמל ועדה":6,"SHEM_YISHUV":"אבן מנחם","SEMEL_YISHUV":1081,"r_בזב":278,"r_מצביעים":194,"r_פסולים":0,"r_כשרים":194,"r_אמת":5,"r_ט":31,"r_כן":23,"r_ל":1,"r_מחל":89,"r_פה":10,"r_שס":33,"r_אחר":2,"max_party":"הליכוד","color_general":"#1C5BAD","color_ynet":"#1417AC","TOTAL_BZB":278}},{"type":"Feature","geometry":{"type":"Polygon","coordinates":[[[35.129773,31.759136],[35.139583,31.759136],[35.139583,31.768453],[35.129773,31.768453],[35.129773,31.759136],[35.129773,31.759136]]]},"id":783,"properties":{"r_סמל ועדה":2,"SHEM_YISHUV":"אבן ספיר","SEMEL_YISHUV":783,"r_בזב":506,"r_מצביעים":369,"r_פסולים":1,"r_כשרים":368,"r_אמת":12,"r_ג":3,"r_ט":42,"r_כן":48,"r_ל":2,"r_מחל":181,"r_מרצ":10,"r_פה":41,"r_שס":18,"r_אחר":11,"max_party":"הליכוד","color_general":"#1C5BAD","color_ynet":"#1417AC","TOTAL_BZB":506}},{"type":"Feature","geometry":{"type":"Polygon","coordinates":[[[34.75895,31.570874],[34.772476,31.570874],[34.772476,31.579009],[34.75895,31.579009],[34.75895,31.570874],[34.75895,31.570874]]]},"id":400,"properties":{"r_סמל ועדה":17,"SHEM_YISHUV":"אבן שמואל","SEMEL_YISHUV":400,"r_בזב":1069,"r_מצביעים":905,"r_פסולים":1,"r_כשרים":904,"r_ג":14,"r_ט":482,"r_כן":19,"r_מחל":248,"r_שס":86,"r_אחר":55,"max_party":"הציונות הדתית","color_general":"#A88461","color_ynet":"#5C97BF","TOTAL_BZB":1069}},{"type":"Feature","geometry":{"type":"Polygon","coordinates":[[[35.750669,32.812114],[35.773048,32.812114],[35.773048,32.830339],[35.750669,32.830339],[35.750669,32.812114],[35.750669,32.812114]]]},"id":4011,"properties":{"r_סמל ועדה":4,"SHEM_YISHUV":"אבני איתן","SEMEL_YISHUV":4011,"r_בזב":455,"r_מצביעים":325,"r_פסולים":1,"r_כשרים":324,"r_ט":206,"r_כן":17,"r_ל":3,"r_מחל":47,"r_מרצ":2,"r_פה":8,"r_שס":6,"r_אחר":35,"max_party":"הציונות הדתית","color_general":"#A88461","color_ynet":"#5C97BF","TOTAL_BZB":455}},{"type":"Feature","geometry":{"type":"Polygon","coordinates":[[[35.068351,32.281972],[35.080727,32.281972],[35.080727,32.290988],[35.068351,32.290988],[35.068351,32.281972],[35.068351,32.281972]]]},"id":3793,"properties":{"r_סמל ועדה":10,"SHEM_YISHUV":"אבני חפץ","SEMEL_YISHUV":3793,"r_בזב":1358,"r_מצביעים":1049,"r_פסולים":5,"r_כשרים":1044,"r_ג":10,"r_ט":725,"r_כן":7,"r_מחל":172,"r_שס":98,"r_אחר":32,"max_party":"הציונות הדתית","color_general":"#A88461","color_ynet":"#5C97BF","TOTAL_BZB":1358}},{"type":"Feature","geometry":{"type":"Polygon","coordinates":[[[34.326635,31.187614],[34.337909,31.187614],[34.337909,31.19772],[34.326635,31.19772],[34.326635,31.187614],[34.326635,31.187614]]]},"id":1311,"properties":{"r_סמל ועדה":18,"SHEM_YISHUV":"אבשלום","SEMEL_YISHUV":1311,"r_בזב":308,"r_מצביעים":199,"r_פסולים":3,"r_כשרים":196,"r_אמת":3,"r_ג":2,"r_ט":33,"r_כן":19,"r_ל":49,"r_מחל":47,"r_מרצ":10,"r_פה":28,"r_שס":1,"r_אחר":4,"max_party":"ישראל ביתנו","color_general":"#69D1E5","color_ynet":"#FFA1A1","TOTAL_BZB":308}},{"type":"Feature","geometry":{"type":"Polygon","coordinates":[[[35.014968,31.549617],[35.022457,31.549617],[35.022457,31.553617],[35.014968,31.553617],[35.014968,31.549617],[35.014968,31.549617]]]},"id":3759,"properties":{"r_סמל ועדה":2,"SHEM_YISHUV":"אדורה","SEMEL_YISHUV":3759,"r_בזב":264,"r_מצביעים":208,"r_פסולים":1,"r_כשרים":207,"r_ט":109,"r_כן":18,"r_ל":4,"r_מחל":43,"r_פה":16,"r_שס":3,"r_אחר":14,"max_party":"הציונות הדתית","color_general":"#A88461","color_ynet":"#5C97BF","TOTAL_BZB":264}},{"type":"Feature","geometry":{"type":"Polygon","coordinates":[[[35.266354,32.544352],[35.277626,32.544352],[35.277626,32.554321],[35.266354,32.554321],[35.266354,32.544352],[35.266354,32.544352]]]},"id":113,"properties":{"r_סמל ועדה":5,"SHEM_YISHUV":"אדירים","SEMEL_YISHUV":113,"r_בזב":235,"r_מצביעים":177,"r_פסולים":1,"r_כשרים":176,"r_אמת":1,"r_ט":30,"r_כן":5,"r_מחל":68,"r_פה":3,"r_שס":68,"r_אחר":1,"max_party":"הליכוד","color_general":"#6C7CA5","color_ynet":"#995700","TOTAL_BZB":235}},{"type":"Feature","geometry":{"type":"Polygon","coordinates":[[[35.202705,33.077451],[35.216623,33.077451],[35.216623,33.081599],[35.202705,33.081599],[35.202705,33.077451],[35.202705,33.077451]]]},"id":1068,"properties":{"r_סמל ועדה":6,"SHEM_YISHUV":"אדמית","SEMEL_YISHUV":1068,"r_בזב":369,"r_מצביעים":205,"r_פסולים":0,"r_כשרים":205,"r_אמת":26,"r_ום":4,"r_ט":11,"r_כן":20,"r_ל":10,"r_מחל":37,"r_מרצ":35,"r_עם":4,"r_פה":49,"r_אחר":9,"max_party":"יש עתיד","color_general":"#FF8E3C","color_ynet":"#F90000","TOTAL_BZB":369}},{"type":"Feature","geometry":{"type":"Polygon","coordinates":[[[34.989042,31.655639],[34.99893,31.655639],[34.99893,31.665106],[34.989042,31.665106],[34.989042,31.655639],[34.989042,31.655639]]]},"id":1123,"properties":{"r_סמל ועדה":2,"SHEM_YISHUV":"אדרת","SEMEL_YISHUV":1123,"r_בזב":609,"r_מצביעים":443,"r_פסולים":0,"r_כשרים":443,"r_אמת":10,"r_ט":95,"r_כן":35,"r_מחל":202,"r_מרצ":3,"r_פה":24,"r_שס":49,"r_אחר":25,"max_party":"הליכוד","color_general":"#1C5BAD","color_ynet":"#1417AC","TOTAL_BZB":609}},{"type":"Feature","geometry":{"type":"Polygon","coordinates":[[[34.837037,32.257232],[34.862006,32.257232],[34.862006,32.27367],[34.837037,32.27367],[34.837037,32.257232],[34.837037,32.257232]]]},"id":446,"properties":{"r_סמל ועדה":10,"SHEM_YISHUV":"אודים","SEMEL_YISHUV":446,"r_בזב":833,"r_מצביעים":617,"r_פסולים":3,"r_כשרים":614,"r_אמת":67,"r_ט":19,"r_כן":92,"r_ל":14,"r_מחל":69,"r_מרצ":56,"r_פה":271,"r_שס":6,"r_אחר":20,"max_party":"יש עתיד","color_general":"#FF8E3C","color_ynet":"#F90000","TOTAL_BZB":833}},{"type":"Feature","geometry":{"type":"Polygon","coordinates":[[[35.743232,33.189481],[35.754462,33.189481],[35.754462,33.19807],[35.743232,33.19807],[35.743232,33.189481],[35.743232,33.189481]]]},"id":4010,"properties":{"r_סמל ועדה":3,"SHEM_YISHUV":"אודם","SEMEL_YISHUV":4010,"r_בזב":133,"r_מצביעים":99,"r_פסולים":1,"r_כשרים":98,"r_אמת":10,"r_ט":7,"r_כן":19,"r_ל":1,"r_מחל":17,"r_מרצ":2,"r_פה":30,"r_אחר":12,"max_party":"יש עתיד","color_general":"#FF8E3C","color_ynet":"#F90000","TOTAL_BZB":133}},{"type":"Feature","geometry":{"type":"Polygon","coordinates":[[[34.42746,31.233223],[34.436238,31.233223],[34.436238,31.241277],[34.42746,31.241277],[34.42746,31.233223],[34.42746,31.233223]]]},"id":1046,"properties":{"r_סמל ועדה":18,"SHEM_YISHUV":"אוהד","SEMEL_YISHUV":1046,"r_בזב":280,"r_מצביעים":200,"r_פסולים":0,"r_כשרים":200,"r_אמת":15,"r_ט":23,"r_כן":35,"r_ל":4,"r_מחל":78,"r_מרצ":3,"r_עם":3,"r_פה":30,"r_שס":6,"r_אחר":3,"max_party":"הליכוד","color_general":"#1C5BAD","color_ynet":"#1417AC","TOTAL_BZB":280}},{"type":"Feature","geometry":{"type":"Polygon","coordinates":[[[35.10844,32.50104],[35.19406,32.50104],[35.19406,32.563802],[35.10844,32.563802],[35.10844,32.50104],[35.10844,32.50104]]]},"id":2710,"properties":{"r_סמל ועדה":9,"SHEM_YISHUV":"אום אל-פחם","SEMEL_YISHUV":2710,"r_בזב":38286,"r_מצביעים":14658,"r_פסולים":207,"r_כשרים":14451,"r_ום":5858,"r_מחל":103,"r_מרצ":138,"r_עם":2608,"r_אחר":5744,"max_party":"חד\"ש תע\"ל","color_general":"#58C879","color_ynet":"#FFC37B","TOTAL_BZB":38286}},{"type":"Feature","geometry":{"type":"Polygon","coordinates":[[[35.047158,32.463713],[35.06233,32.463713],[35.06233,32.473977],[35.047158,32.473977],[35.047158,32.463713],[35.047158,32.463713]]]},"id":2024,"properties":{"r_סמל ועדה":9,"SHEM_YISHUV":"אום אל-קוטוף","SEMEL_YISHUV":2024,"r_בזב":784,"r_מצביעים":454,"r_פסולים":8,"r_כשרים":446,"r_ום":105,"r_מרצ":12,"r_עם":151,"r_אחר":178,"max_party":"אחר","color_general":"#F7C94C","color_ynet":"#FE9601","TOTAL_BZB":784}},{"type":"Feature","geometry":{"type":"Polygon","coordinates":[[[34.868002,31.258083],[34.89341,31.258083],[34.89341,31.29516],[34.868002,31.29516],[34.868002,31.258083],[34.868002,31.258083]]]},"id":1358,"properties":{"r_סמל ועדה":18,"SHEM_YISHUV":"אום בטין","SEMEL_YISHUV":1358,"r_בזב":2399,"r_מצביעים":1300,"r_פסולים":11,"r_כשרים":1289,"r_ום":94,"r_מחל":9,"r_עם":1136,"r_אחר":50,"max_party":"רע\"מ","color_general":"#F7C94C","color_ynet":"#FE9601","TOTAL_BZB":2399}},{"type":"Feature","geometry":{"type":"Polygon","coordinates":[[[35.240161,32.559502],[35.254623,32.559502],[35.254623,32.567116],[35.240161,32.567116],[35.240161,32.559502],[35.240161,32.559502]]]},"id":1108,"properties":{"r_סמל ועדה":5,"SHEM_YISHUV":"אומן","SEMEL_YISHUV":1108,"r_בזב":499,"r_מצביעים":339,"r_פסולים":0,"r_כשרים":339,"r_ג":2,"r_ט":59,"r_כן":18,"r_ל":20,"r_מחל":163,"r_פה":51,"r_שס":20,"r_אחר":6,"max_party":"הליכוד","color_general":"#1C5BAD","color_ynet":"#1417AC","TOTAL_BZB":499}},{"type":"Feature","geometry":{"type":"Polygon","coordinates":[[[34.985184,32.36395],[35.003214,32.36395],[35.003214,32.3766],[34.985184,32.3766],[34.985184,32.36395],[34.985184,32.36395]]]},"id":680,"properties":{"r_סמל ועדה":10,"SHEM_YISHUV":"אומץ","SEMEL_YISHUV":680,"r_בזב":537,"r_מצביעים":398,"r_פסולים":1,"r_כשרים":397,"r_אמת":42,"r_ט":12,"r_כן":72,"r_ל":6,"r_מחל":46,"r_מרצ":31,"r_פה":172,"r_שס":6,"r_אחר":10,"max_party":"יש עתיד","color_general":"#FF8E3C","color_ynet":"#F90000","TOTAL_BZB":537}},{"type":"Feature","geometry":{"type":"Polygon","coordinates":[[[34.60486,31.289974],[34.667505,31.289974],[34.667505,31.326136],[34.60486,31.326136],[34.60486,31.289974],[34.60486,31.289974]]]},"id":31,"properties":{"r_סמל ועדה":18,"SHEM_YISHUV":"אופקים","SEMEL_YISHUV":31,"r_בזב":23916,"r_מצביעים":16406,"r_פסולים":122,"r_כשרים":16284,"r_אמת":116,"r_ג":2445,"r_ט":2585,"r_כן":530,"r_ל":608,"r_מחל":5225,"r_פה":701,"r_שס":3765,"r_אחר":309,"max_party":"הליכוד","color_general":"#1C5BAD","color_ynet":"#1417AC","TOTAL_BZB":23916}},{"type":"Feature","geometry":{"type":"Polygon","coordinates":[[[35.440898,33.002036],[35.450535,33.002036],[35.450535,33.008436],[35.440898,33.008436],[35.440898,33.002036],[35.440898,33.002036]]]},"id":1294,"properties":{"r_סמל ועדה":3,"SHEM_YISHUV":"אור הגנוז","SEMEL_YISHUV":1294,"r_בזב":323,"r_מצביעים":215,"r_פסולים":1,"r_כשרים":214,"r_ג":95,"r_ט":53,"r_מחל":10,"r_פה":3,"r_שס":51,"r_אחר":2,"max_party":"יהדות התורה","color_general":"#49536B","color_ynet":"#683B04","TOTAL_BZB":323}},{"type":"Feature","geometry":{"type":"Polygon","coordinates":[[[34.592765,31.554781],[34.608046,31.554781],[34.608046,31.561007],[34.592765,31.561007],[34.592765,31.554781],[34.592765,31.554781]]]},"id":67,"properties":{"r_סמל ועדה":17,"SHEM_YISHUV":"אור הנר","SEMEL_YISHUV":67,"r_בזב":630,"r_מצביעים":481,"r_פסולים":0,"r_כשרים":481,"r_אמת":77,"r_ום":3,"r_ט":15,"r_כן":123,"r_ל":12,"r_מחל":32,"r_מרצ":31,"r_פה":176,"r_אחר":12,"max_party":"יש עתיד","color_general":"#FF8E3C","color_ynet":"#F90000","TOTAL_BZB":630}},{"type":"Feature","geometry":{"type":"Polygon","coordinates":[[[34.827319,32.016578],[34.875751,32.016578],[34.875751,32.041458],[34.827319,32.041458],[34.827319,32.016578],[34.827319,32.016578]]]},"id":2400,"properties":{"r_סמל ועדה":16,"SHEM_YISHUV":"אור יהודה","SEMEL_YISHUV":2400,"r_בזב":27640,"r_מצביעים":20022,"r_פסולים":130,"r_כשרים":19892,"r_אמת":331,"r_ג":133,"r_ט":2179,"r_כן":1535,"r_ל":279,"r_מחל":9099,"r_מרצ":209,"r_פה":1977,"r_שס":3780,"r_אחר":370,"max_party":"הליכוד","color_general":"#1C5BAD","color_ynet":"#1417AC","TOTAL_BZB":27640}},{"type":"Feature","geometry":{"type":"Polygon","coordinates":[[[34.911783,32.480676],[34.940056,32.480676],[34.940056,32.524031],[34.911783,32.524031],[34.911783,32.480676],[34.911783,32.480676]]]},"id":1020,"properties":{"r_סמל ועדה":9,"SHEM_YISHUV":"אור עקיבא","SEMEL_YISHUV":1020,"r_בזב":17133,"r_מצביעים":10955,"r_פסולים":76,"r_כשרים":10879,"r_אמת":133,"r_ג":99,"r_ט":1288,"r_כן":630,"r_ל":812,"r_מחל":5130,"r_מרצ":70,"r_פה":1284,"r_שס":1160,"r_אחר":273,"max_party":"הליכוד","color_general":"#1C5BAD","color_ynet":"#1417AC","TOTAL_BZB":17133}},{"type":"Feature","geometry":{"type":"Polygon","coordinates":[[[35.145674,31.74465],[35.160571,31.74465],[35.160571,31.76058],[35.145674,31.76058],[35.145674,31.74465],[35.145674,31.74465]]]},"id":780,"properties":{"r_סמל ועדה":2,"SHEM_YISHUV":"אורה","SEMEL_YISHUV":780,"r_בזב":831,"r_מצביעים":596,"r_פסולים":3,"r_כשרים":593,"r_אמת":23,"r_ט":105,"r_כן":103,"r_ל":7,"r_מחל":186,"r_מרצ":8,"r_פה":86,"r_שס":50,"r_אחר":25,"max_party":"הליכוד","color_general":"#1C5BAD","color_ynet":"#1417AC","TOTAL_BZB":831}},{"type":"Feature","geometry":{"type":"Polygon","coordinates":[[[34.71212,31.734625],[34.743084,31.734625],[34.743084,31.750869],[34.71212,31.750869],[34.71212,31.734625],[34.71212,31.734625]]]},"id":2012,"properties":{"r_סמל ועדה":17,"SHEM_YISHUV":"אורות","SEMEL_YISHUV":2012,"r_בזב":443,"r_מצביעים":326,"r_פסולים":2,"r_כשרים":324,"r_אמת":43,"r_ט":12,"r_כן":68,"r_מחל":45,"r_מרצ":26,"r_פה":121,"r_שס":2,"r_אחר":7,"max_party":"יש עתיד","color_general":"#FF8E3C","color_ynet":"#F90000","TOTAL_BZB":443}},{"type":"Feature","geometry":{"type":"Polygon","coordinates":[[[35.757047,33.075878],[35.776674,33.075878],[35.776674,33.091871],[35.757047,33.091871],[35.757047,33.075878],[35.757047,33.075878]]]},"id":4013,"properties":{"r_סמל ועדה":3,"SHEM_YISHUV":"אורטל","SEMEL_YISHUV":4013,"r_בזב":269,"r_מצביעים":176,"r_פסולים":1,"r_כשרים":175,"r_אמת":29,"r_ט":8,"r_כן":53,"r_ל":4,"r_מחל":11,"r_מרצ":10,"r_פה":50,"r_שס":1,"r_אחר":9,"max_party":"המחנה הממלכתי","color_general":"#6079FC","color_ynet":"#D600D6","TOTAL_BZB":269}},{"type":"Feature","geometry":{"type":"Polygon","coordinates":[[[34.518008,31.300147],[34.527745,31.300147],[34.527745,31.307031],[34.518008,31.307031],[34.518008,31.300147],[34.518008,31.300147]]]},"id":403,"properties":{"r_סמל ועדה":18,"SHEM_YISHUV":"אורים","SEMEL_YISHUV":403,"r_בזב":463,"r_מצביעים":249,"r_פסולים":2,"r_כשרים":247,"r_אמת":53,"r_ום":5,"r_ט":10,"r_כן":41,"r_מחל":18,"r_מרצ":24,"r_פה":83,"r_שס":2,"r_אחר":11,"max_party":"יש עתיד","color_general":"#FF8E3C","color_ynet":"#F90000","TOTAL_BZB":463}},{"type":"Feature","geometry":{"type":"Polygon","coordinates":[[[34.984943,32.117688],[35.008663,32.117688],[35.008663,32.14222],[34.984943,32.14222],[34.984943,32.117688],[34.984943,32.117688]]]},"id":3760,"properties":{"r_סמל ועדה":19,"SHEM_YISHUV":"אורנית","SEMEL_YISHUV":3760,"r_בזב":6744,"r_מצביעים":5080,"r_פסולים":16,"r_כשרים":5064,"r_אמת":175,"r_ט":639,"r_כן":848,"r_ל":115,"r_מחל":1317,"r_מרצ":76,"r_פה":1475,"r_שס":95,"r_אחר":324,"max_party":"יש עתיד","color_general":"#FF8E3C","color_ynet":"#F90000","TOTAL_BZB":6744}},{"type":"Feature","geometry":{"type":"Polygon","coordinates":[[[35.11026,32.79321],[35.118229,32.79321],[35.118229,32.799369],[35.11026,32.799369],[35.11026,32.79321],[35.11026,32.79321]]]},"id":278,"properties":{"r_סמל ועדה":8,"SHEM_YISHUV":"אושה","SEMEL_YISHUV":278,"r_בזב":403,"r_מצביעים":289,"r_פסולים":2,"r_כשרים":287,"r_אמת":45,"r_ום":4,"r_ט":9,"r_כן":49,"r_ל":7,"r_מחל":28,"r_מרצ":14,"r_פה":126,"r_אחר":5,"max_party":"יש עתיד","color_general":"#FF8E3C","color_ynet":"#F90000","TOTAL_BZB":403}},{"type":"Feature","geometry":{"type":"Polygon","coordinates":[[[34.790601,32.010535],[34.82122,32.010535],[34.82122,32.034483],[34.790601,32.034483],[34.790601,32.010535],[34.790601,32.010535]]]},"id":565,"properties":{"r_סמל ועדה":16,"SHEM_YISHUV":"אזור","SEMEL_YISHUV":565,"r_בזב":10054,"r_מצביעים":6864,"r_פסולים":41,"r_כשרים":6823,"r_אמת":250,"r_ג":60,"r_ט":733,"r_כן":746,"r_ל":191,"r_מחל":2314,"r_מרצ":105,"r_פה":1424,"r_שס":821,"r_אחר":179,"max_party":"הליכוד","color_general":"#1C5BAD","color_ynet":"#1417AC","TOTAL_BZB":10054}},{"type":"Feature","geometry":{"type":"Polygon","coordinates":[[[34.766917,31.741879],[34.772715,31.741879],[34.772715,31.746813],[34.766917,31.746813],[34.766917,31.741879],[34.766917,31.741879]]]},"id":1157,"properties":{"r_סמל ועדה":17,"SHEM_YISHUV":"אחווה","SEMEL_YISHUV":1157,"r_בזב":181,"r_מצביעים":137,"r_פסולים":0,"r_כשרים":137,"r_אמת":9,"r_ט":4,"r_כן":31,"r_ל":5,"r_מחל":28,"r_מרצ":7,"r_פה":49,"r_שס":2,"r_אחר":2,"max_party":"יש עתיד","color_general":"#FF8E3C","color_ynet":"#F90000","TOTAL_BZB":181}},{"type":"Feature","geometry":{"type":"Polygon","coordinates":[[[34.763381,31.546552],[34.776524,31.546552],[34.776524,31.559751],[34.763381,31.559751],[34.763381,31.546552],[34.763381,31.546552]]]},"id":821,"properties":{"r_סמל ועדה":17,"SHEM_YISHUV":"אחוזם","SEMEL_YISHUV":821,"r_בזב":404,"r_מצביעים":291,"r_פסולים":1,"r_כשרים":290,"r_ג":3,"r_ט":55,"r_כן":12,"r_מחל":158,"r_פה":5,"r_שס":56,"max_party":"הליכוד","color_general":"#1C5BAD","color_ynet":"#1417AC","TOTAL_BZB":404}},{"type":"Feature","geometry":{"type":"Polygon","coordinates":[[[35.332852,32.639445],[35.342711,32.639445],[35.342711,32.647477],[35.332852,32.647477],[35.332852,32.639445],[35.332852,32.639445]]]},"id":1330,"properties":{"r_סמל ועדה":5,"SHEM_YISHUV":"אחוזת ברק","SEMEL_YISHUV":1330,"r_בזב":1852,"r_מצביעים":1353,"r_פסולים":4,"r_כשרים":1349,"r_אמת":41,"r_ט":121,"r_כן":188,"r_ל":52,"r_מחל":469,"r_מרצ":19,"r_פה":385,"r_שס":25,"r_אחר":49,"max_party":"הליכוד","color_general":"#1C5BAD","color_ynet":"#1417AC","TOTAL_BZB":1852}},{"type":"Feature","geometry":{"type":"Polygon","coordinates":[[[35.166743,32.89624],[35.187627,32.89624],[35.187627,32.912036],[35.166743,32.912036],[35.166743,32.89624],[35.166743,32.89624]]]},"id":785,"properties":{"r_סמל ועדה":20,"SHEM_YISHUV":"אחיהוד","SEMEL_YISHUV":785,"r_בזב":714,"r_מצביעים":544,"r_פסולים":4,"r_כשרים":540,"r_ג":8,"r_ט":174,"r_כן":18,"r_מחל":242,"r_פה":11,"r_שס":73,"r_אחר":14,"max_party":"הליכוד","color_general":"#1C5BAD","color_ynet":"#1417AC","TOTAL_BZB":714}},{"type":"Feature","geometry":{"type":"Polygon","coordinates":[[[34.980547,32.380725],[35.000415,32.380725],[35.000415,32.394179],[34.980547,32.394179],[34.980547,32.380725],[34.980547,32.380725]]]},"id":850,"properties":{"r_סמל ועדה":10,"SHEM_YISHUV":"אחיטוב","SEMEL_YISHUV":850,"r_בזב":743,"r_מצביעים":552,"r_פסולים":1,"r_כשרים":551,"r_אמת":17,"r_ט":68,"r_כן":147,"r_ל":4,"r_מחל":179,"r_מרצ":4,"r_פה":88,"r_שס":33,"r_אחר":11,"max_party":"הליכוד","color_general":"#1C5BAD","color_ynet":"#1417AC","TOTAL_BZB":743}},{"type":"Feature","geometry":{"type":"Polygon","coordinates":[[[34.895091,31.92382],[34.918107,31.92382],[34.918107,31.946174],[34.895091,31.946174],[34.895091,31.92382],[34.895091,31.92382]]]},"id":804,"properties":{"r_סמל ועדה":12,"SHEM_YISHUV":"אחיסמך","SEMEL_YISHUV":804,"r_בזב":890,"r_מצביעים":740,"r_פסולים":2,"r_כשרים":738,"r_אמת":7,"r_ט":126,"r_כן":26,"r_מחל":378,"r_שס":189,"r_אחר":12,"max_party":"הליכוד","color_general":"#1C5BAD","color_ynet":"#1417AC","TOTAL_BZB":890}},{"type":"Feature","geometry":{"type":"Polygon","coordinates":[[[34.859922,31.970189],[34.881799,31.970189],[34.881799,31.992401],[34.859922,31.992401],[34.859922,31.970189],[34.859922,31.970189]]]},"id":797,"properties":{"r_סמל ועדה":12,"SHEM_YISHUV":"אחיעזר","SEMEL_YISHUV":797,"r_בזב":1224,"r_מצביעים":1050,"r_פסולים":5,"r_כשרים":1045,"r_ג":23,"r_ט":195,"r_כן":9,"r_מחל":328,"r_פה":6,"r_שס":461,"r_אחר":23,"max_party":"ש\"ס","color_general":"#6C7CA5","color_ynet":"#995700","TOTAL_BZB":1224}},{"type":"Feature","geometry":{"type":"Polygon","coordinates":[[[34.932837,31.264488],[34.940968,31.264488],[34.940968,31.270992],[34.932837,31.270992],[34.932837,31.264488],[34.932837,31.264488]]]},"id":965,"properties":{"r_סמל ועדה":18,"SHEM_YISHUV":"אטרש (שבט)","SEMEL_YISHUV":965,"r_בזב":1803,"r_מצביעים":604,"r_פסולים":6,"r_כשרים":598,"r_ום":54,"r_מחל":6,"r_עם":521,"r_אחר":17,"max_party":"רע\"מ","color_general":"#F7C94C","color_ynet":"#FE9601","TOTAL_BZB":1803}},{"type":"Feature","geometry":{"type":"Polygon","coordinates":[[[34.607704,31.529748],[34.613073,31.529748],[34.613073,31.535065],[34.607704,31.535065],[34.607704,31.529748],[34.607704,31.529748]]]},"id":338,"properties":{"r_סמל ועדה":17,"SHEM_YISHUV":"איבים","SEMEL_YISHUV":338,"r_בזב":188,"r_מצביעים":65,"r_פסולים":0,"r_כשרים":65,"r_אמת":1,"r_ט":11,"r_כן":17,"r_מחל":29,"r_שס":2,"r_אחר":5,"max_party":"הליכוד","color_general":"#1C5BAD","color_ynet":"#1417AC","TOTAL_BZB":188}},{"type":"Feature","geometry":{"type":"Polygon","coordinates":[[[34.974079,32.205305],[34.983102,32.205305],[34.983102,32.21437],[34.974079,32.21437],[34.974079,32.205305],[34.974079,32.205305]]]},"id":716,"properties":{"r_סמל ועדה":19,"SHEM_YISHUV":"אייל","SEMEL_YISHUV":716,"r_בזב":410,"r_מצביעים":333,"r_פסולים":0,"r_כשרים":333,"r_אמת":73,"r_ט":2,"r_כן":40,"r_ל":8,"r_מחל":14,"r_מרצ":38,"r_פה":154,"r_אחר":4,"max_party":"יש עתיד","color_general":"#FF8E3C","color_ynet":"#F90000","TOTAL_BZB":410}},{"type":"Feature","geometry":{"type":"Polygon","coordinates":[[[35.568474,33.01549],[35.590408,33.01549],[35.590408,33.029037],[35.568474,33.029037],[35.568474,33.01549],[35.568474,33.01549]]]},"id":77,"properties":{"r_סמל ועדה":3,"SHEM_YISHUV":"איילת השחר","SEMEL_YISHUV":77,"r_בזב":826,"r_מצביעים":590,"r_פסולים":2,"r_כשרים":588,"r_אמת":131,"r_ג":3,"r_ט":23,"r_כן":115,"r_ל":19,"r_מחל":56,"r_מרצ":44,"r_פה":176,"r_שס":6,"r_אחר":15,"max_party":"יש עתיד","color_general":"#FF8E3C","color_ynet":"#F90000","TOTAL_BZB":826}},{"type":"Feature","geometry":{"type":"Polygon","coordinates":[[[35.203967,33.056439],[35.224479,33.056439],[35.224479,33.069079],[35.203967,33.069079],[35.203967,33.056439],[35.203967,33.056439]]]},"id":294,"properties":{"r_סמל ועדה":6,"SHEM_YISHUV":"אילון","SEMEL_YISHUV":294,"r_בזב":878,"r_מצביעים":638,"r_פסולים":0,"r_כשרים":638,"r_אמת":69,"r_ום":6,"r_ט":23,"r_כן":71,"r_ל":16,"r_מחל":89,"r_מרצ":151,"r_פה":188,"r_אחר":25,"max_party":"יש עתיד","color_general":"#FF8E3C","color_ynet":"#F90000","TOTAL_BZB":878}},{"type":"Feature","geometry":{"type":"Polygon","coordinates":[[[34.95852,29.576414],[34.967113,29.576414],[34.967113,29.584585],[34.95852,29.584585],[34.95852,29.576414],[34.95852,29.576414]]]},"id":1126,"properties":{"r_סמל ועדה":18,"SHEM_YISHUV":"אילות","SEMEL_YISHUV":1126,"r_בזב":276,"r_מצביעים":169,"r_פסולים":0,"r_כשרים":169,"r_אמת":30,"r_ט":6,"r_כן":34,"r_ל":3,"r_מחל":16,"r_מרצ":14,"r_פה":60,"r_שס":2,"r_אחר":4,"max_party":"יש עתיד","color_general":"#FF8E3C","color_ynet":"#F90000","TOTAL_BZB":276}},{"type":"Feature","geometry":{"type":"Polygon","coordinates":[[[35.397053,32.744258],[35.413595,32.744258],[35.413595,32.76122],[35.397053,32.76122],[35.397053,32.744258],[35.397053,32.744258]]]},"id":49,"properties":{"r_סמל ועדה":4,"SHEM_YISHUV":"אילנייה","SEMEL_YISHUV":49,"r_בזב":459,"r_מצביעים":296,"r_פסולים":4,"r_כשרים":292,"r_אמת":16,"r_ג":2,"r_ט":27,"r_כן":52,"r_ל":6,"r_מחל":89,"r_מרצ":9,"r_פה":82,"r_שס":3,"r_אחר":6,"max_party":"הליכוד","color_general":"#1C5BAD","color_ynet":"#1417AC","TOTAL_BZB":459}},{"type":"Feature","geometry":{"type":"Polygon","coordinates":[[[34.866389,29.490526],[34.99781,29.490526],[34.99781,29.633777],[34.866389,29.633777],[34.866389,29.490526],[34.866389,29.490526]]]},"id":2600,"properties":{"r_סמל ועדה":18,"SHEM_YISHUV":"אילת","SEMEL_YISHUV":2600,"r_בזב":51974,"r_מצביעים":22361,"r_פסולים":172,"r_כשרים":22189,"r_אמת":409,"r_ג":144,"r_ט":2465,"r_כן":2259,"r_ל":1009,"r_מחל":9687,"r_מרצ":274,"r_פה":3719,"r_שס":1488,"r_אחר":735,"max_party":"הליכוד","color_general":"#1C5BAD","color_ynet":"#1417AC","TOTAL_BZB":51974}},{"type":"Feature","geometry":{"type":"Polygon","coordinates":[[[34.772693,31.923142],[34.779785,31.923142],[34.779785,31.933991],[34.772693,31.933991],[34.772693,31.923142],[34.772693,31.923142]]]},"id":1336,"properties":{"r_סמל ועדה":13,"SHEM_YISHUV":"אירוס","SEMEL_YISHUV":1336,"r_בזב":531,"r_מצביעים":427,"r_פסולים":0,"r_כשרים":427,"r_אמת":17,"r_ט":31,"r_כן":91,"r_ל":18,"r_מחל":111,"r_מרצ":19,"r_פה":123,"r_שס":5,"r_אחר":12,"max_party":"יש עתיד","color_general":"#FF8E3C","color_ynet":"#F90000","TOTAL_BZB":531}},{"type":"Feature","geometry":{"type":"Polygon","coordinates":[[[35.305605,32.16934],[35.311076,32.16934],[35.311076,32.176795],[35.305605,32.176795],[35.305605,32.16934],[35.305605,32.16934]]]},"id":3762,"properties":{"r_סמל ועדה":19,"SHEM_YISHUV":"איתמר","SEMEL_YISHUV":3762,"r_בזב":676,"r_מצביעים":492,"r_פסולים":0,"r_כשרים":492,"r_ג":5,"r_ט":429,"r_מחל":24,"r_שס":14,"r_אחר":20,"max_party":"הציונות הדתית","color_general":"#A88461","color_ynet":"#5C97BF","TOTAL_BZB":676}},{"type":"Feature","geometry":{"type":"Polygon","coordinates":[[[34.742289,31.566847],[34.754115,31.566847],[34.754115,31.577437],[34.742289,31.577437],[34.742289,31.566847],[34.742289,31.566847]]]},"id":37,"properties":{"r_סמל ועדה":17,"SHEM_YISHUV":"איתן","SEMEL_YISHUV":37,"r_בזב":380,"r_מצביעים":313,"r_פסולים":1,"r_כשרים":312,"r_ג":5,"r_ט":115,"r_כן":10,"r_ל":3,"r_מחל":107,"r_פה":2,"r_שס":54,"r_אחר":16,"max_party":"הציונות הדתית","color_general":"#A88461","color_ynet":"#5C97BF","TOTAL_BZB":380}},{"type":"Feature","geometry":{"type":"Polygon","coordinates":[[[35.30763,32.656794],[35.352005,32.656794],[35.352005,32.689322],[35.30763,32.689322],[35.30763,32.656794],[35.30763,32.656794]]]},"id":478,"properties":{"r_סמל ועדה":5,"SHEM_YISHUV":"אכסאל","SEMEL_YISHUV":478,"r_בזב":10342,"r_מצביעים":5257,"r_פסולים":45,"r_כשרים":5212,"r_ום":2710,"r_מחל":41,"r_מרצ":42,"r_עם":1339,"r_פה":29,"r_אחר":1051,"max_party":"חד\"ש תע\"ל","color_general":"#58C879","color_ynet":"#FFC37B","TOTAL_BZB":10342}},{"type":"Feature","geometry":{"type":"Polygon","coordinates":[[[34.900458,31.273916],[34.930152,31.273916],[34.930152,31.293383],[34.900458,31.293383],[34.900458,31.273916],[34.900458,31.273916]]]},"id":1359,"properties":{"r_סמל ועדה":18,"SHEM_YISHUV":"אל סייד","SEMEL_YISHUV":1359,"r_בזב":2028,"r_מצביעים":1095,"r_פסולים":7,"r_כשרים":1088,"r_ום":27,"r_מחל":52,"r_עם":968,"r_אחר":41,"max_party":"רע\"מ","color_general":"#F7C94C","color_ynet":"#FE9601","TOTAL_BZB":2028}},{"type":"Feature","geometry":{"type":"Polygon","coordinates":[[[35.122576,32.496754],[35.127814,32.496754],[35.127814,32.499364],[35.122576,32.499364],[35.122576,32.496754],[35.122576,32.496754]]]},"id":1316,"properties":{"r_סמל ועדה":9,"SHEM_YISHUV":"אל -עריאן","SEMEL_YISHUV":1316,"r_בזב":131,"r_מצביעים":100,"r_פסולים":0,"r_כשרים":100,"r_ום":44,"r_מחל":3,"r_עם":18,"r_שס":10,"r_אחר":25,"max_party":"חד\"ש תע\"ל","color_general":"#58C879","color_ynet":"#FFC37B","TOTAL_BZB":131}},{"type":"Feature","geometry":{"type":"Polygon","coordinates":[[[35.766221,33.175459],[35.775401,33.175459],[35.775401,33.183449],[35.766221,33.183449],[35.766221,33.175459],[35.766221,33.175459]]]},"id":4003,"properties":{"r_סמל ועדה":3,"SHEM_YISHUV":"אל -רום","SEMEL_YISHUV":4003,"r_בזב":387,"r_מצביעים":275,"r_פסולים":1,"r_כשרים":274,"r_אמת":38,"r_ט":13,"r_כן":32,"r_ל":10,"r_מחל":35,"r_מרצ":23,"r_פה":102,"r_אחר":21,"max_party":"יש עתיד","color_general":"#FF8E3C","color_ynet":"#F90000","TOTAL_BZB":387}},{"type":"Feature","geometry":{"type":"Polygon","coordinates":[[[34.74041,31.64957],[34.747635,31.64957],[34.747635,31.654442],[34.74041,31.654442],[34.74041,31.64957],[34.74041,31.64957]]]},"id":1145,"properties":{"r_סמל ועדה":17,"SHEM_YISHUV":"אלומה","SEMEL_YISHUV":1145,"r_בזב":612,"r_מצביעים":531,"r_פסולים":0,"r_כשרים":531,"r_ג":92,"r_ט":201,"r_כן":8,"r_מחל":19,"r_שס":195,"r_אחר":16,"max_party":"הציונות הדתית","color_general":"#A88461","color_ynet":"#5C97BF","TOTAL_BZB":612}},{"type":"Feature","geometry":{"type":"Polygon","coordinates":[[[35.543049,32.700435],[35.549867,32.700435],[35.549867,32.710956],[35.543049,32.710956],[35.543049,32.700435],[35.543049,32.700435]]]},"id":330,"properties":{"r_סמל ועדה":4,"SHEM_YISHUV":"אלומות","SEMEL_YISHUV":330,"r_בזב":333,"r_מצביעים":228,"r_פסולים":1,"r_כשרים":227,"r_אמת":36,"r_ט":7,"r_כן":37,"r_ל":3,"r_מחל":45,"r_מרצ":19,"r_פה":72,"r_אחר":8,"max_party":"יש עתיד","color_general":"#FF8E3C","color_ynet":"#F90000","TOTAL_BZB":333}},{"type":"Feature","geometry":{"type":"Polygon","coordinates":[[[35.213135,32.753684],[35.224351,32.753684],[35.224351,32.760409],[35.213135,32.760409],[35.213135,32.753684],[35.213135,32.753684]]]},"id":1182,"properties":{"r_סמל ועדה":5,"SHEM_YISHUV":"אלון הגליל","SEMEL_YISHUV":1182,"r_בזב":865,"r_מצביעים":612,"r_פסולים":1,"r_כשרים":611,"r_אמת":102,"r_ט":9,"r_כן":74,"r_ל":11,"r_מחל":17,"r_מרצ":102,"r_פה":285,"r_אחר":11,"max_party":"יש עתיד","color_general":"#FF8E3C","color_ynet":"#F90000","TOTAL_BZB":865}},{"type":"Feature","geometry":{"type":"Polygon","coordinates":[[[35.327079,32.230182],[35.342932,32.230182],[35.342932,32.241125],[35.327079,32.241125],[35.327079,32.230182],[35.327079,32.230182]]]},"id":3579,"properties":{"r_סמל ועדה":19,"SHEM_YISHUV":"אלון מורה","SEMEL_YISHUV":3579,"r_בזב":971,"r_מצביעים":720,"r_פסולים":3,"r_כשרים":717,"r_ט":622,"r_מחל":61,"r_שס":16,"r_אחר":18,"max_party":"הציונות הדתית","color_general":"#A88461","color_ynet":"#5C97BF","TOTAL_BZB":971}},{"type":"Feature","geometry":{"type":"Polygon","coordinates":[[[35.121712,31.65007],[35.129141,31.65007],[35.129141,31.659378],[35.121712,31.659378],[35.121712,31.65007],[35.121712,31.65007]]]},"id":3604,"properties":{"r_סמל ועדה":2,"SHEM_YISHUV":"אלון שבות","SEMEL_YISHUV":3604,"r_בזב":2286,"r_מצביעים":1686,"r_פסולים":4,"r_כשרים":1682,"r_אמת":12,"r_ג":12,"r_ט":802,"r_כן":124,"r_ל":14,"r_מחל":249,"r_פה":28,"r_שס":22,"r_אחר":419,"max_party":"הציונות הדתית","color_general":"#A88461","color_ynet":"#5C97BF","TOTAL_BZB":2286}},{"type":"Feature","geometry":{"type":"Polygon","coordinates":[[[35.161888,32.724601],[35.178246,32.724601],[35.178246,32.733878],[35.161888,32.733878],[35.161888,32.724601],[35.161888,32.724601]]]},"id":429,"properties":{"r_סמל ועדה":5,"SHEM_YISHUV":"אלוני אבא","SEMEL_YISHUV":429,"r_בזב":744,"r_מצביעים":545,"r_פסולים":0,"r_כשרים":545,"r_אמת":62,"r_ט":12,"r_כן":84,"r_ל":6,"r_מחל":40,"r_מרצ":46,"r_פה":280,"r_אחר":15,"max_party":"יש עתיד","color_general":"#FF8E3C","color_ynet":"#F90000","TOTAL_BZB":744}},{"type":"Feature","geometry":{"type":"Polygon","coordinates":[[[35.835708,33.037257],[35.841714,33.037257],[35.841714,33.046241],[35.835708,33.046241],[35.835708,33.037257],[35.835708,33.037257]]]},"id":4017,"properties":{"r_סמל ועדה":3,"SHEM_YISHUV":"אלוני הבשן","SEMEL_YISHUV":4017,"r_בזב":237,"r_מצביעים":162,"r_פסולים":0,"r_כשרים":162,"r_אמת":1,"r_ג":1,"r_ט":71,"r_כן":10,"r_ל":1,"r_מחל":40,"r_מרצ":1,"r_פה":3,"r_שס":1,"r_אחר":33,"max_party":"הציונות הדתית","color_general":"#A88461","color_ynet":"#5C97BF","TOTAL_BZB":237}},{"type":"Feature","geometry":{"type":"Polygon","coordinates":[[[35.002059,32.507683],[35.006763,32.507683],[35.006763,32.512652],[35.002059,32.512652],[35.002059,32.507683],[35.002059,32.507683]]]},"id":868,"properties":{"r_סמל ועדה":9,"SHEM_YISHUV":"אלוני יצחק","SEMEL_YISHUV":868,"r_בזב":125,"r_מצביעים":24,"r_פסולים":0,"r_כשרים":24,"r_אמת":3,"r_ט":4,"r_כן":8,"r_ל":2,"r_מחל":1,"r_מרצ":1,"r_פה":5,"max_party":"המחנה הממלכתי","color_general":"#6079FC","color_ynet":"#D600D6","TOTAL_BZB":125}},{"type":"Feature","geometry":{"type":"Polygon","coordinates":[[[35.133566,32.708003],[35.164014,32.708003],[35.164014,32.723733],[35.133566,32.723733],[35.133566,32.708003],[35.133566,32.708003]]]},"id":285,"properties":{"r_סמל ועדה":5,"SHEM_YISHUV":"אלונים","SEMEL_YISHUV":285,"r_בזב":521,"r_מצביעים":395,"r_פסולים":2,"r_כשרים":393,"r_אמת":93,"r_ט":10,"r_כן":54,"r_ל":4,"r_מחל":28,"r_מרצ":21,"r_פה":175,"r_אחר":8,"max_party":"יש עתיד","color_general":"#FF8E3C","color_ynet":"#F90000","TOTAL_BZB":521}},{"type":"Feature","geometry":{"type":"Polygon","coordinates":[[[35.721706,32.794093],[35.74576,32.794093],[35.74576,32.810776],[35.721706,32.810776],[35.721706,32.794093],[35.721706,32.794093]]]},"id":4002,"properties":{"r_סמל ועדה":4,"SHEM_YISHUV":"אלי-עד","SEMEL_YISHUV":4002,"r_בזב":330,"r_מצביעים":244,"r_פסולים":1,"r_כשרים":243,"r_אמת":30,"r_ט":31,"r_כן":53,"r_ל":5,"r_מחל":24,"r_מרצ":15,"r_פה":72,"r_אחר":13,"max_party":"יש עתיד","color_general":"#FF8E3C","color_ynet":"#F90000","TOTAL_BZB":330}},{"type":"Feature","geometry":{"type":"Polygon","coordinates":[[[34.925122,31.527523],[34.936951,31.527523],[34.936951,31.531552],[34.925122,31.531552],[34.925122,31.527523],[34.925122,31.527523]]]},"id":1365,"properties":{"r_סמל ועדה":17,"SHEM_YISHUV":"אליאב","SEMEL_YISHUV":1365,"r_בזב":331,"r_מצביעים":276,"r_פסולים":1,"r_כשרים":275,"r_אמת":24,"r_ט":27,"r_כן":87,"r_ל":5,"r_מחל":27,"r_מרצ":10,"r_פה":48,"r_שס":2,"r_אחר":45,"max_party":"המחנה הממלכתי","color_general":"#6079FC","color_ynet":"#D600D6","TOTAL_BZB":331}},{"type":"Feature","geometry":{"type":"Polygon","coordinates":[[[34.910273,32.402971],[34.933726,32.402971],[34.933726,32.412759],[34.910273,32.412759],[34.910273,32.402971],[34.910273,32.402971]]]},"id":41,"properties":{"r_סמל ועדה":10,"SHEM_YISHUV":"אליכין","SEMEL_YISHUV":41,"r_בזב":2663,"r_מצביעים":2018,"r_פסולים":16,"r_כשרים":2002,"r_אמת":54,"r_ג":33,"r_ט":305,"r_כן":164,"r_ל":15,"r_מחל":860,"r_מרצ":25,"r_פה":194,"r_שס":293,"r_אחר":59,"max_party":"הליכוד","color_general":"#1C5BAD","color_ynet":"#1417AC","TOTAL_BZB":2663}},{"type":"Feature","geometry":{"type":"Polygon","coordinates":[[[35.007585,29.789269],[35.014875,29.789269],[35.014875,29.799977],[35.007585,29.799977],[35.007585,29.789269],[35.007585,29.789269]]]},"id":1248,"properties":{"r_סמל ועדה":18,"SHEM_YISHUV":"אליפז","SEMEL_YISHUV":1248,"r_בזב":121,"r_מצביעים":81,"r_פסולים":1,"r_כשרים":80,"r_אמת":8,"r_ט":1,"r_כן":11,"r_ל":4,"r_מחל":7,"r_מרצ":11,"r_פה":33,"r_אחר":5,"max_party":"יש עתיד","color_general":"#FF8E3C","color_ynet":"#F90000","TOTAL_BZB":121}},{"type":"Feature","geometry":{"type":"Polygon","coordinates":[[[35.543702,32.940333],[35.553709,32.940333],[35.553709,32.954655],[35.543702,32.954655],[35.543702,32.940333],[35.543702,32.940333]]]},"id":730,"properties":{"r_סמל ועדה":3,"SHEM_YISHUV":"אליפלט","SEMEL_YISHUV":730,"r_בזב":504,"r_מצביעים":391,"r_פסולים":0,"r_כשרים":391,"r_אמת":2,"r_ג":8,"r_ט":65,"r_כן":28,"r_מחל":227,"r_פה":11,"r_שס":37,"r_אחר":13,"max_party":"הליכוד","color_general":"#1C5BAD","color_ynet":"#1417AC","TOTAL_BZB":504}},{"type":"Feature","geometry":{"type":"Polygon","coordinates":[[[35.062882,32.626997],[35.073762,32.626997],[35.073762,32.636118],[35.062882,32.636118],[35.062882,32.626997],[35.062882,32.626997]]]},"id":682,"properties":{"r_סמל ועדה":5,"SHEM_YISHUV":"אליקים","SEMEL_YISHUV":682,"r_בזב":623,"r_מצביעים":456,"r_פסולים":2,"r_כשרים":454,"r_אמת":4,"r_ג":15,"r_ט":119,"r_כן":12,"r_מחל":196,"r_פה":12,"r_שס":81,"r_אחר":15,"max_party":"הליכוד","color_general":"#1C5BAD","color_ynet":"#1417AC","TOTAL_BZB":623}},{"type":"Feature","geometry":{"type":"Polygon","coordinates":[[[34.907462,32.375953],[34.912347,32.375953],[34.912347,32.385577],[34.907462,32.385577],[34.907462,32.375953],[34.907462,32.375953]]]},"id":204,"properties":{"r_סמל ועדה":10,"SHEM_YISHUV":"אלישיב","SEMEL_YISHUV":204,"r_בזב":488,"r_מצביעים":377,"r_פסולים":0,"r_כשרים":377,"r_אמת":13,"r_ט":67,"r_כן":48,"r_ל":2,"r_מחל":160,"r_מרצ":12,"r_פה":39,"r_שס":18,"r_אחר":18,"max_party":"הליכוד","color_general":"#1C5BAD","color_ynet":"#1417AC","TOTAL_BZB":488}},{"type":"Feature","geometry":{"type":"Polygon","coordinates":[[[34.91985,32.145387],[34.935908,32.145387],[34.935908,32.163047],[34.91985,32.163047],[34.91985,32.145387],[34.91985,32.145387]]]},"id":841,"properties":{"r_סמל ועדה":19,"SHEM_YISHUV":"אלישמע","SEMEL_YISHUV":841,"r_בזב":812,"r_מצביעים":645,"r_פסולים":5,"r_כשרים":640,"r_אמת":10,"r_ט":91,"r_כן":104,"r_ל":4,"r_מחל":280,"r_מרצ":4,"r_פה":69,"r_שס":60,"r_אחר":18,"max_party":"הליכוד","color_general":"#1C5BAD","color_ynet":"#1417AC","TOTAL_BZB":812}},{"type":"Feature","geometry":{"type":"Polygon","coordinates":[[[35.599349,32.905209],[35.606942,32.905209],[35.606942,32.916995],[35.599349,32.916995],[35.599349,32.905209],[35.599349,32.905209]]]},"id":1125,"properties":{"r_סמל ועדה":4,"SHEM_YISHUV":"אלמגור","SEMEL_YISHUV":1125,"r_בזב":300,"r_מצביעים":220,"r_פסולים":0,"r_כשרים":220,"r_אמת":34,"r_ט":5,"r_כן":33,"r_ל":4,"r_מחל":6,"r_מרצ":24,"r_פה":105,"r_אחר":9,"max_party":"יש עתיד","color_general":"#FF8E3C","color_ynet":"#F90000","TOTAL_BZB":300}},{"type":"Feature","geometry":{"type":"Polygon","coordinates":[[[35.458447,31.788143],[35.464976,31.788143],[35.464976,31.791559],[35.458447,31.791559],[35.458447,31.788143],[35.458447,31.788143]]]},"id":3556,"properties":{"r_סמל ועדה":2,"SHEM_YISHUV":"אלמוג","SEMEL_YISHUV":3556,"r_בזב":195,"r_מצביעים":111,"r_פסולים":1,"r_כשרים":110,"r_אמת":22,"r_ט":9,"r_כן":14,"r_ל":1,"r_מחל":19,"r_מרצ":4,"r_פה":38,"r_אחר":3,"max_party":"יש עתיד","color_general":"#FF8E3C","color_ynet":"#F90000","TOTAL_BZB":195}},{"type":"Feature","geometry":{"type":"Polygon","coordinates":[[[34.939276,32.041235],[34.970422,32.041235],[34.970422,32.061244],[34.939276,32.061244],[34.939276,32.041235],[34.939276,32.041235]]]},"id":1309,"properties":{"r_סמל ועדה":11,"SHEM_YISHUV":"אלעד","SEMEL_YISHUV":1309,"r_בזב":23395,"r_מצביעים":19737,"r_פסולים":100,"r_כשרים":19637,"r_ג":6862,"r_ט":2207,"r_מחל":661,"r_שס":9743,"r_אחר":164,"max_party":"ש\"ס","color_general":"#6C7CA5","color_ynet":"#995700","TOTAL_BZB":23395}},{"type":"Feature","geometry":{"type":"Polygon","coordinates":[[[35.133161,31.657026],[35.146309,31.657026],[35.146309,31.66842],[35.133161,31.66842],[35.133161,31.657026],[35.133161,31.657026]]]},"id":3618,"properties":{"r_סמל ועדה":2,"SHEM_YISHUV":"אלעזר","SEMEL_YISHUV":3618,"r_בזב":1635,"r_מצביעים":1203,"r_פסולים":2,"r_כשרים":1201,"r_ג":9,"r_ט":644,"r_כן":57,"r_ל":11,"r_מחל":270,"r_פה":14,"r_שס":23,"r_אחר":173,"max_party":"הציונות הדתית","color_general":"#A88461","color_ynet":"#5C97BF","TOTAL_BZB":1635}},{"type":"Feature","geometry":{"type":"Polygon","coordinates":[[[35.003974,32.168071],[35.021345,32.168071],[35.021345,32.180872],[35.003974,32.180872],[35.003974,32.168071],[35.003974,32.168071]]]},"id":3750,"properties":{"r_סמל ועדה":19,"SHEM_YISHUV":"אלפי מנשה","SEMEL_YISHUV":3750,"r_בזב":6017,"r_מצביעים":4423,"r_פסולים":21,"r_כשרים":4402,"r_אמת":126,"r_ג":33,"r_ט":493,"r_כן":621,"r_ל":138,"r_מחל":1358,"r_מרצ":41,"r_פה":1342,"r_שס":110,"r_אחר":140,"max_party":"הליכוד","color_general":"#1C5BAD","color_ynet":"#1417AC","TOTAL_BZB":6017}},{"type":"Feature","geometry":{"type":"Polygon","coordinates":[[[35.316519,33.029155],[35.329847,33.029155],[35.329847,33.036606],[35.316519,33.036606],[35.316519,33.029155],[35.316519,33.029155]]]},"id":603,"properties":{"r_סמל ועדה":6,"SHEM_YISHUV":"אלקוש","SEMEL_YISHUV":603,"r_בזב":256,"r_מצביעים":170,"r_פסולים":0,"r_כשרים":170,"r_אמת":2,"r_ט":45,"r_כן":8,"r_מחל":76,"r_מרצ":2,"r_פה":10,"r_שס":26,"r_אחר":1,"max_party":"הליכוד","color_general":"#1C5BAD","color_ynet":"#1417AC","TOTAL_BZB":256}},{"type":"Feature","geometry":{"type":"Polygon","coordinates":[[[35.026785,32.105404],[35.042628,32.105404],[35.042628,32.120869],[35.026785,32.120869],[35.026785,32.105404],[35.026785,32.105404]]]},"id":3560,"properties":{"r_סמל ועדה":19,"SHEM_YISHUV":"אלקנה","SEMEL_YISHUV":3560,"r_בזב":2797,"r_מצביעים":2255,"r_פסולים":4,"r_כשרים":2251,"r_ג":13,"r_ט":1177,"r_כן":81,"r_ל":13,"r_מחל":436,"r_פה":44,"r_שס":53,"r_אחר":434,"max_party":"הציונות הדתית","color_general":"#A88461","color_ynet":"#5C97BF","TOTAL_BZB":2797}},{"type":"Feature","geometry":{"type":"Polygon","coordinates":[[[34.665537,31.737819],[34.689773,31.737819],[34.689773,31.751197],[34.665537,31.751197],[34.665537,31.737819],[34.665537,31.737819]]]},"id":772,"properties":{"r_סמל ועדה":17,"SHEM_YISHUV":"אמונים","SEMEL_YISHUV":772,"r_בזב":735,"r_מצביעים":528,"r_פסולים":2,"r_כשרים":526,"r_אמת":23,"r_ג":5,"r_ט":44,"r_כן":94,"r_ל":4,"r_מחל":163,"r_מרצ":7,"r_פה":94,"r_שס":70,"r_אחר":22,"max_party":"הליכוד","color_general":"#1C5BAD","color_ynet":"#1417AC","TOTAL_BZB":735}},{"type":"Feature","geometry":{"type":"Polygon","coordinates":[[[35.440506,32.934166],[35.457819,32.934166],[35.457819,32.941938],[35.440506,32.941938],[35.440506,32.934166],[35.440506,32.934166]]]},"id":1064,"properties":{"r_סמל ועדה":3,"SHEM_YISHUV":"אמירים","SEMEL_YISHUV":1064,"r_בזב":628,"r_מצביעים":381,"r_פסולים":1,"r_כשרים":380,"r_אמת":35,"r_ג":5,"r_ום":8,"r_ט":52,"r_כן":30,"r_ל":5,"r_מחל":29,"r_מרצ":51,"r_פה":121,"r_שס":3,"r_אחר":41,"max_party":"יש עתיד","color_general":"#FF8E3C","color_ynet":"#F90000","TOTAL_BZB":628}},{"type":"Feature","geometry":{"type":"Polygon","coordinates":[[[35.566325,32.899037],[35.579764,32.899037],[35.579764,32.908871],[35.566325,32.908871],[35.566325,32.899037],[35.566325,32.899037]]]},"id":1253,"properties":{"r_סמל ועדה":4,"SHEM_YISHUV":"אמנון","SEMEL_YISHUV":1253,"r_בזב":353,"r_מצביעים":246,"r_פסולים":0,"r_כשרים":246,"r_אמת":5,"r_ט":45,"r_כן":33,"r_ל":9,"r_מחל":83,"r_מרצ":8,"r_פה":45,"r_שס":6,"r_אחר":12,"max_party":"הליכוד","color_general":"#1C5BAD","color_ynet":"#1417AC","TOTAL_BZB":353}},{"type":"Feature","geometry":{"type":"Polygon","coordinates":[[[34.910828,31.529557],[34.916946,31.529557],[34.916946,31.534475],[34.910828,31.534475],[34.910828,31.529557],[34.910828,31.529557]]]},"id":23,"properties":{"r_סמל ועדה":17,"SHEM_YISHUV":"אמציה","SEMEL_YISHUV":23,"r_בזב":149,"r_מצביעים":104,"r_פסולים":0,"r_כשרים":104,"r_אמת":1,"r_ט":31,"r_כן":24,"r_ל":2,"r_מחל":25,"r_פה":19,"r_שס":1,"r_אחר":1,"max_party":"הציונות הדתית","color_general":"#A88461","color_ynet":"#5C97BF","TOTAL_BZB":149}},{"type":"Feature","geometry":{"type":"Polygon","coordinates":[[[35.733942,32.954145],[35.746296,32.954145],[35.746296,32.961796],[35.733942,32.961796],[35.733942,32.954145],[35.733942,32.954145]]]},"id":4012,"properties":{"r_סמל ועדה":4,"SHEM_YISHUV":"אניעם","SEMEL_YISHUV":4012,"r_בזב":445,"r_מצביעים":263,"r_פסולים":1,"r_כשרים":262,"r_אמת":17,"r_ג":2,"r_ט":22,"r_כן":31,"r_ל":6,"r_מחל":68,"r_מרצ":7,"r_פה":84,"r_שס":6,"r_אחר":19,"max_party":"יש עתיד","color_general":"#FF8E3C","color_ynet":"#F90000","TOTAL_BZB":445}},{"type":"Feature","geometry":{"type":"Polygon","coordinates":[[[34.866277,31.304836],[34.87205,31.304836],[34.87205,31.310243],[34.866277,31.310243],[34.866277,31.304836],[34.866277,31.304836]]]},"id":960,"properties":{"r_סמל ועדה":18,"SHEM_YISHUV":"אסד (שבט)","SEMEL_YISHUV":960,"r_בזב":539,"r_מצביעים":133,"r_פסולים":5,"r_כשרים":128,"r_אמת":1,"r_ום":13,"r_מחל":1,"r_עם":100,"r_פה":1,"r_אחר":12,"max_party":"רע\"מ","color_general":"#F7C94C","color_ynet":"#FE9601","TOTAL_BZB":539}},{"type":"Feature","geometry":{"type":"Polygon","coordinates":[[[35.185294,31.581332],[35.19029,31.581332],[35.19029,31.588604],[35.185294,31.588604],[35.185294,31.581332],[35.185294,31.581332]]]},"id":3754,"properties":{"r_סמל ועדה":2,"SHEM_YISHUV":"אספר","SEMEL_YISHUV":3754,"r_בזב":465,"r_מצביעים":352,"r_פסולים":2,"r_כשרים":350,"r_ג":144,"r_ט":134,"r_מחל":9,"r_שס":50,"r_אחר":13,"max_party":"יהדות התורה","color_general":"#49536B","color_ynet":"#683B04","TOTAL_BZB":465}},{"type":"Feature","geometry":{"type":"Polygon","coordinates":[[[35.139306,32.805127],[35.21004,32.805127],[35.21004,32.850847],[35.139306,32.850847],[35.139306,32.805127],[35.139306,32.805127]]]},"id":529,"properties":{"r_סמל ועדה":20,"SHEM_YISHUV":"אעבלין","SEMEL_YISHUV":529,"r_בזב":9638,"r_מצביעים":5716,"r_פסולים":44,"r_כשרים":5672,"r_אמת":61,"r_ום":2743,"r_מחל":134,"r_מרצ":166,"r_עם":1368,"r_פה":82,"r_אחר":1118,"max_party":"חד\"ש תע\"ל","color_general":"#58C879","color_ynet":"#FFC37B","TOTAL_BZB":9638}},{"type":"Feature","geometry":{"type":"Polygon","coordinates":[[[34.902736,31.13775],[34.911517,31.13775],[34.911517,31.143279],[34.902736,31.143279],[34.902736,31.13775],[34.902736,31.13775]]]},"id":963,"properties":{"r_סמל ועדה":18,"SHEM_YISHUV":"אעצם (שבט)","SEMEL_YISHUV":963,"r_בזב":5320,"r_מצביעים":2116,"r_פסולים":27,"r_כשרים":2089,"r_ום":313,"r_מחל":20,"r_עם":1695,"r_אחר":61,"max_party":"רע\"מ","color_general":"#F7C94C","color_ynet":"#FE9601","TOTAL_BZB":5320}},{"type":"Feature","geometry":{"type":"Polygon","coordinates":[[[35.696661,32.769777],[35.7125,32.769777],[35.7125,32.784726],[35.696661,32.784726],[35.696661,32.769777],[35.696661,32.769777]]]},"id":4301,"properties":{"r_סמל ועדה":4,"SHEM_YISHUV":"אפיק","SEMEL_YISHUV":4301,"r_בזב":270,"r_מצביעים":192,"r_פסולים":2,"r_כשרים":190,"r_אמת":27,"r_ג":1,"r_ט":16,"r_כן":31,"r_ל":7,"r_מחל":17,"r_מרצ":12,"r_פה":69,"r_שס":3,"r_אחר":7,"max_party":"יש עתיד","color_general":"#FF8E3C","color_ynet":"#F90000","TOTAL_BZB":270}},{"type":"Feature","geometry":{"type":"Polygon","coordinates":[[[35.571267,32.672737],[35.583581,32.672737],[35.583581,32.685601],[35.571267,32.685601],[35.571267,32.672737],[35.571267,32.672737]]]},"id":176,"properties":{"r_סמל ועדה":4,"SHEM_YISHUV":"אפיקים","SEMEL_YISHUV":176,"r_בזב":1068,"r_מצביעים":707,"r_פסולים":2,"r_כשרים":705,"r_אמת":223,"r_ט":15,"r_כן":84,"r_ל":19,"r_מחל":37,"r_מרצ":52,"r_פה":249,"r_שס":4,"r_אחר":22,"max_party":"יש עתיד","color_general":"#FF8E3C","color_ynet":"#F90000","TOTAL_BZB":1068}},{"type":"Feature","geometry":{"type":"Polygon","coordinates":[[[35.118316,32.830858],[35.136044,32.830858],[35.136044,32.845582],[35.118316,32.845582],[35.118316,32.830858],[35.118316,32.830858]]]},"id":313,"properties":{"r_סמל ועדה":8,"SHEM_YISHUV":"אפק","SEMEL_YISHUV":313,"r_בזב":544,"r_מצביעים":418,"r_פסולים":2,"r_כשרים":416,"r_אמת":66,"r_ט":11,"r_כן":74,"r_ל":4,"r_מחל":29,"r_מרצ":29,"r_פה":193,"r_שס":3,"r_אחר":7,"max_party":"יש עתיד","color_general":"#FF8E3C","color_ynet":"#F90000","TOTAL_BZB":544}},{"type":"Feature","geometry":{"type":"Polygon","coordinates":[[[35.143347,31.646362],[35.200653,31.646362],[35.200653,31.687835],[35.143347,31.687835],[35.143347,31.646362],[35.143347,31.646362]]]},"id":3650,"properties":{"r_סמל ועדה":2,"SHEM_YISHUV":"אפרת","SEMEL_YISHUV":3650,"r_בזב":7945,"r_מצביעים":5798,"r_פסולים":15,"r_כשרים":5783,"r_אמת":40,"r_ג":43,"r_ט":2779,"r_כן":397,"r_ל":65,"r_מחל":1146,"r_פה":174,"r_שס":123,"r_אחר":1016,"max_party":"הציונות הדתית","color_general":"#A88461","color_ynet":"#5C97BF","TOTAL_BZB":7945}},{"type":"Feature","geometry":{"type":"Polygon","coordinates":[[[35.475513,32.80755],[35.49176,32.80755],[35.49176,32.818081],[35.475513,32.818081],[35.475513,32.80755],[35.475513,32.80755]]]},"id":701,"properties":{"r_סמל ועדה":4,"SHEM_YISHUV":"ארבל","SEMEL_YISHUV":701,"r_בזב":497,"r_מצביעים":370,"r_פסולים":1,"r_כשרים":369,"r_אמת":24,"r_ט":59,"r_כן":79,"r_ל":4,"r_מחל":119,"r_מרצ":9,"r_פה":65,"r_שס":5,"r_אחר":5,"max_party":"הליכוד","color_general":"#1C5BAD","color_ynet":"#1417AC","TOTAL_BZB":497}},{"type":"Feature","geometry":{"type":"Polygon","coordinates":[[[35.519381,32.171081],[35.525609,32.171081],[35.525609,32.174626],[35.519381,32.174626],[35.519381,32.171081],[35.519381,32.171081]]]},"id":3598,"properties":{"r_סמל ועדה":5,"SHEM_YISHUV":"ארגמן","SEMEL_YISHUV":3598,"r_בזב":121,"r_מצביעים":76,"r_פסולים":2,"r_כשרים":74,"r_ט":17,"r_כן":12,"r_מחל":28,"r_מרצ":1,"r_פה":5,"r_שס":6,"r_אחר":5,"max_party":"הליכוד","color_general":"#1C5BAD","color_ynet":"#1417AC","TOTAL_BZB":121}},{"type":"Feature","geometry":{"type":"Polygon","coordinates":[[[34.56141,31.554726],[34.571211,31.554726],[34.571211,31.564004],[34.56141,31.564004],[34.56141,31.554726],[34.56141,31.554726]]]},"id":714,"properties":{"r_סמל ועדה":17,"SHEM_YISHUV":"ארז","SEMEL_YISHUV":714,"r_בזב":473,"r_מצביעים":322,"r_פסולים":1,"r_כשרים":321,"r_אמת":45,"r_ט":16,"r_כן":75,"r_ל":7,"r_מחל":16,"r_מרצ":33,"r_פה":120,"r_אחר":9,"max_party":"יש עתיד","color_general":"#FF8E3C","color_ynet":"#F90000","TOTAL_BZB":473}},{"type":"Feature","geometry":{"type":"Polygon","coordinates":[[[35.110678,32.074907],[35.218067,32.074907],[35.218067,32.111852],[35.110678,32.111852],[35.110678,32.074907],[35.110678,32.074907]]]},"id":3570,"properties":{"r_סמל ועדה":19,"SHEM_YISHUV":"אריאל","SEMEL_YISHUV":3570,"r_בזב":15396,"r_מצביעים":9516,"r_פסולים":96,"r_כשרים":9420,"r_אמת":68,"r_ט":1771,"r_כן":566,"r_ל":1326,"r_מחל":3822,"r_פה":1173,"r_שס":186,"r_אחר":508,"max_party":"הליכוד","color_general":"#1C5BAD","color_ynet":"#1417AC","TOTAL_BZB":15396}},{"type":"Feature","geometry":{"type":"Polygon","coordinates":[[[34.814132,32.210968],[34.818785,32.210968],[34.818785,32.216873],[34.814132,32.216873],[34.814132,32.210968],[34.814132,32.210968]]]},"id":1324,"properties":{"r_סמל ועדה":10,"SHEM_YISHUV":"ארסוף","SEMEL_YISHUV":1324,"r_בזב":147,"r_מצביעים":80,"r_פסולים":0,"r_כשרים":80,"r_אמת":5,"r_ט":3,"r_כן":7,"r_ל":2,"r_מחל":10,"r_מרצ":10,"r_פה":42,"r_שס":1,"max_party":"יש עתיד","color_general":"#FF8E3C","color_ynet":"#F90000","TOTAL_BZB":147}},{"type":"Feature","geometry":{"type":"Polygon","coordinates":[[[34.659243,31.436459],[34.672916,31.436459],[34.672916,31.455139],[34.659243,31.455139],[34.659243,31.436459],[34.659243,31.436459]]]},"id":71,"properties":{"r_סמל ועדה":18,"SHEM_YISHUV":"אשבול","SEMEL_YISHUV":71,"r_בזב":434,"r_מצביעים":338,"r_פסולים":0,"r_כשרים":338,"r_אמת":6,"r_ג":7,"r_ט":58,"r_כן":47,"r_ל":3,"r_מחל":126,"r_מרצ":6,"r_פה":45,"r_שס":35,"r_אחר":5,"max_party":"הליכוד","color_general":"#1C5BAD","color_ynet":"#1417AC","TOTAL_BZB":434}},{"type":"Feature","geometry":{"type":"Polygon","coordinates":[[[34.61388,31.75315],[34.710282,31.75315],[34.710282,31.862386],[34.61388,31.862386],[34.61388,31.75315],[34.61388,31.75315]]]},"id":70,"properties":{"r_סמל ועדה":17,"SHEM_YISHUV":"אשדוד","SEMEL_YISHUV":70,"r_בזב":181784,"r_מצביעים":117047,"r_פסולים":753,"r_כשרים":116294,"r_אמת":1049,"r_ג":15637,"r_ט":10459,"r_כן":7678,"r_ל":12092,"r_מחל":33635,"r_פה":14868,"r_שס":18254,"r_אחר":2622,"max_party":"הליכוד","color_general":"#1C5BAD","color_ynet":"#1417AC","TOTAL_BZB":181784}},{"type":"Feature","geometry":{"type":"Polygon","coordinates":[[[35.574268,32.653441],[35.584377,32.653441],[35.584377,32.661278],[35.574268,32.661278],[35.574268,32.653441],[35.574268,32.653441]]]},"id":199,"properties":{"r_סמל ועדה":4,"SHEM_YISHUV":"אשדות יעקב (איחוד)","SEMEL_YISHUV":199,"r_בזב":683,"r_מצביעים":477,"r_פסולים":1,"r_כשרים":476,"r_אמת":83,"r_ט":20,"r_כן":85,"r_ל":12,"r_מחל":58,"r_מרצ":29,"r_פה":179,"r_אחר":10,"max_party":"יש עתיד","color_general":"#FF8E3C","color_ynet":"#F90000","TOTAL_BZB":683}},{"type":"Feature","geometry":{"type":"Polygon","coordinates":[[[35.577686,32.65817],[35.58857,32.65817],[35.58857,32.668645],[35.577686,32.668645],[35.577686,32.65817],[35.577686,32.65817]]]},"id":188,"properties":{"r_סמל ועדה":4,"SHEM_YISHUV":"אשדות יעקב (מאוחד)","SEMEL_YISHUV":188,"r_בזב":605,"r_מצביעים":404,"r_פסולים":1,"r_כשרים":403,"r_אמת":71,"r_ט":30,"r_כן":90,"r_ל":11,"r_מחל":55,"r_מרצ":20,"r_פה":114,"r_אחר":12,"max_party":"יש עתיד","color_general":"#FF8E3C","color_ynet":"#F90000","TOTAL_BZB":605}},{"type":"Feature","geometry":{"type":"Polygon","coordinates":[[[35.296748,32.883434],[35.30407,32.883434],[35.30407,32.889593],[35.296748,32.889593],[35.296748,32.883434],[35.296748,32.883434]]]},"id":1188,"properties":{"r_סמל ועדה":20,"SHEM_YISHUV":"אשחר","SEMEL_YISHUV":1188,"r_בזב":681,"r_מצביעים":490,"r_פסולים":1,"r_כשרים":489,"r_אמת":72,"r_ג":4,"r_ט":41,"r_כן":117,"r_ל":12,"r_מחל":55,"r_מרצ":27,"r_פה":114,"r_שס":4,"r_אחר":43,"max_party":"המחנה הממלכתי","color_general":"#6079FC","color_ynet":"#D600D6","TOTAL_BZB":681}},{"type":"Feature","geometry":{"type":"Polygon","coordinates":[[[34.895776,31.388859],[34.906951,31.388859],[34.906951,31.393071],[34.895776,31.393071],[34.895776,31.388859],[34.895776,31.388859]]]},"id":3722,"properties":{"r_סמל ועדה":18,"SHEM_YISHUV":"אשכולות","SEMEL_YISHUV":3722,"r_בזב":374,"r_מצביעים":284,"r_פסולים":0,"r_כשרים":284,"r_אמת":3,"r_ט":42,"r_כן":50,"r_ל":4,"r_מחל":94,"r_פה":73,"r_אחר":18,"max_party":"הליכוד","color_general":"#1C5BAD","color_ynet":"#1417AC","TOTAL_BZB":374}},{"type":"Feature","geometry":{"type":"Polygon","coordinates":[[[34.693317,31.320892],[34.701946,31.320892],[34.701946,31.328878],[34.693317,31.328878],[34.693317,31.320892],[34.693317,31.320892]]]},"id":2021,"properties":{"r_סמל ועדה":18,"SHEM_YISHUV":"אשל הנשיא","SEMEL_YISHUV":2021,"r_בזב":111,"r_מצביעים":64,"r_פסולים":0,"r_כשרים":64,"r_אמת":1,"r_ג":1,"r_ט":10,"r_כן":9,"r_ל":3,"r_מחל":20,"r_פה":16,"r_אחר":4,"max_party":"הליכוד","color_general":"#1C5BAD","color_ynet":"#1417AC","TOTAL_BZB":111}},{"type":"Feature","geometry":{"type":"Polygon","coordinates":[[[34.695557,30.960893],[34.706342,30.960893],[34.706342,30.968335],[34.695557,30.968335],[34.695557,30.960893],[34.695557,30.960893]]]},"id":1152,"properties":{"r_סמל ועדה":18,"SHEM_YISHUV":"אשלים","SEMEL_YISHUV":1152,"r_בזב":437,"r_מצביעים":305,"r_פסולים":2,"r_כשרים":303,"r_אמת":20,"r_ט":32,"r_כן":51,"r_ל":12,"r_מחל":76,"r_מרצ":19,"r_פה":75,"r_שס":3,"r_אחר":15,"max_party":"הליכוד","color_general":"#1C5BAD","color_ynet":"#1417AC","TOTAL_BZB":437}},{"type":"Feature","geometry":{"type":"Polygon","coordinates":[[[34.514592,31.619696],[34.614273,31.619696],[34.614273,31.715672],[34.514592,31.715672],[34.514592,31.619696],[34.514592,31.619696]]]},"id":7100,"properties":{"r_סמל ועדה":17,"SHEM_YISHUV":"אשקלון","SEMEL_YISHUV":7100,"r_בזב":119846,"r_מצביעים":74187,"r_פסולים":585,"r_כשרים":73602,"r_אמת":880,"r_ג":788,"r_ט":9762,"r_כן":5323,"r_ל":7785,"r_מחל":29212,"r_מרצ":446,"r_פה":8992,"r_שס":8649,"r_אחר":1765,"max_party":"הליכוד","color_general":"#1C5BAD","color_ynet":"#1417AC","TOTAL_BZB":119846}},{"type":"Feature","geometry":{"type":"Polygon","coordinates":[[[35.148548,32.967146],[35.162286,32.967146],[35.162286,32.975008],[35.148548,32.975008],[35.148548,32.967146],[35.148548,32.967146]]]},"id":1256,"properties":{"r_סמל ועדה":6,"SHEM_YISHUV":"אשרת","SEMEL_YISHUV":1256,"r_בזב":470,"r_מצביעים":342,"r_פסולים":1,"r_כשרים":341,"r_אמת":11,"r_ג":3,"r_ט":48,"r_כן":41,"r_ל":6,"r_מחל":146,"r_מרצ":5,"r_פה":54,"r_שס":14,"r_אחר":13,"max_party":"הליכוד","color_general":"#1C5BAD","color_ynet":"#1417AC","TOTAL_BZB":470}},{"type":"Feature","geometry":{"type":"Polygon","coordinates":[[[35.002238,31.775394],[35.014229,31.775394],[35.014229,31.786351],[35.002238,31.786351],[35.002238,31.775394],[35.002238,31.775394]]]},"id":740,"properties":{"r_סמל ועדה":2,"SHEM_YISHUV":"אשתאול","SEMEL_YISHUV":740,"r_בזב":757,"r_מצביעים":599,"r_פסולים":1,"r_כשרים":598,"r_אמת":21,"r_ג":14,"r_ט":101,"r_כן":35,"r_ל":9,"r_מחל":239,"r_מרצ":23,"r_פה":53,"r_שס":87,"r_אחר":16,"max_party":"הליכוד","color_general":"#1C5BAD","color_ynet":"#1417AC","TOTAL_BZB":757}},{"type":"Feature","geometry":{"type":"Polygon","coordinates":[[[35.014939,32.401316],[35.059922,32.401316],[35.059922,32.436445],[35.014939,32.436445],[35.014939,32.401316],[35.014939,32.401316]]]},"id":6000,"properties":{"r_סמל ועדה":9,"SHEM_YISHUV":"באקה אל-גרביה","SEMEL_YISHUV":6000,"r_בזב":20643,"r_מצביעים":9815,"r_פסולים":144,"r_כשרים":9671,"r_ום":2165,"r_כן":144,"r_מרצ":119,"r_עם":2181,"r_אחר":5062,"max_party":"אחר","color_general":"#F7C94C","color_ynet":"#FE9601","TOTAL_BZB":20643}},{"type":"Feature","geometry":{"type":"Polygon","coordinates":[[[34.981112,29.70529],[34.990649,29.70529],[34.990649,29.713227],[34.981112,29.713227],[34.981112,29.70529],[34.981112,29.70529]]]},"id":21,"properties":{"r_סמל ועדה":18,"SHEM_YISHUV":"באר אורה","SEMEL_YISHUV":21,"r_בזב":732,"r_מצביעים":495,"r_פסולים":1,"r_כשרים":494,"r_אמת":26,"r_ט":26,"r_כן":67,"r_ל":21,"r_מחל":165,"r_מרצ":20,"r_פה":141,"r_שס":10,"r_אחר":18,"max_party":"הליכוד","color_general":"#1C5BAD","color_ynet":"#1417AC","TOTAL_BZB":732}},{"type":"Feature","geometry":{"type":"Polygon","coordinates":[[[34.598624,31.69597],[34.61709,31.69597],[34.61709,31.705356],[34.598624,31.705356],[34.598624,31.69597],[34.598624,31.69597]]]},"id":1376,"properties":{"r_סמל ועדה":17,"SHEM_YISHUV":"באר גנים","SEMEL_YISHUV":1376,"r_בזב":1172,"r_מצביעים":975,"r_פסולים":1,"r_כשרים":974,"r_אמת":5,"r_ג":15,"r_ט":321,"r_כן":59,"r_ל":9,"r_מחל":350,"r_פה":32,"r_שס":137,"r_אחר":46,"max_party":"הליכוד","color_general":"#1C5BAD","color_ynet":"#1417AC","TOTAL_BZB":1172}},{"type":"Feature","geometry":{"type":"Polygon","coordinates":[[[34.704527,31.724575],[34.735723,31.724575],[34.735723,31.742984],[34.704527,31.742984],[34.704527,31.724575],[34.704527,31.724575]]]},"id":155,"properties":{"r_סמל ועדה":17,"SHEM_YISHUV":"באר טוביה","SEMEL_YISHUV":155,"r_בזב":849,"r_מצביעים":673,"r_פסולים":1,"r_כשרים":672,"r_אמת":51,"r_ט":27,"r_כן":160,"r_ל":18,"r_מחל":70,"r_מרצ":46,"r_פה":273,"r_שס":10,"r_אחר":17,"max_party":"יש עתיד","color_general":"#FF8E3C","color_ynet":"#F90000","TOTAL_BZB":849}},{"type":"Feature","geometry":{"type":"Polygon","coordinates":[[[34.81771,31.92626],[34.863918,31.92626],[34.863918,31.969225],[34.81771,31.969225],[34.81771,31.92626],[34.81771,31.92626]]]},"id":2530,"properties":{"r_סמל ועדה":12,"SHEM_YISHUV":"באר יעקב","SEMEL_YISHUV":2530,"r_בזב":18146,"r_מצביעים":14109,"r_פסולים":53,"r_כשרים":14056,"r_אמת":303,"r_ג":138,"r_ט":1706,"r_כן":1830,"r_ל":411,"r_מחל":4947,"r_מרצ":142,"r_פה":3019,"r_שס":1238,"r_אחר":322,"max_party":"הליכוד","color_general":"#1C5BAD","color_ynet":"#1417AC","TOTAL_BZB":18146}},{"type":"Feature","geometry":{"type":"Polygon","coordinates":[[[34.402452,30.927545],[34.412314,30.927545],[34.412314,30.937689],[34.402452,30.937689],[34.402452,30.927545],[34.402452,30.927545]]]},"id":1278,"properties":{"r_סמל ועדה":18,"SHEM_YISHUV":"באר מילכה","SEMEL_YISHUV":1278,"r_בזב":113,"r_מצביעים":93,"r_פסולים":0,"r_כשרים":93,"r_אמת":13,"r_ום":1,"r_ט":11,"r_כן":12,"r_ל":2,"r_מחל":11,"r_מרצ":15,"r_עם":1,"r_פה":17,"r_אחר":10,"max_party":"יש עתיד","color_general":"#FF8E3C","color_ynet":"#F90000","TOTAL_BZB":113}},{"type":"Feature","geometry":{"type":"Polygon","coordinates":[[[34.734,31.192631],[34.85483,31.192631],[34.85483,31.323428],[34.734,31.323428],[34.734,31.192631],[34.734,31.192631]]]},"id":9000,"properties":{"r_סמל ועדה":18,"SHEM_YISHUV":"באר שבע","SEMEL_YISHUV":9000,"r_בזב":164728,"r_מצביעים":101002,"r_פסולים":798,"r_כשרים":100204,"r_אמת":1885,"r_ג":1448,"r_ט":15703,"r_כן":7506,"r_ל":7974,"r_מחל":40382,"r_מרצ":961,"r_פה":12071,"r_שס":8993,"r_אחר":3281,"max_party":"הליכוד","color_general":"#1C5BAD","color_ynet":"#1417AC","TOTAL_BZB":164728}},{"type":"Feature","geometry":{"type":"Polygon","coordinates":[[[34.9057,32.036048],[34.91464,32.036048],[34.91464,32.04796],[34.9057,32.04796],[34.9057,32.036048],[34.9057,32.036048]]]},"id":450,"properties":{"r_סמל ועדה":11,"SHEM_YISHUV":"בארות יצחק","SEMEL_YISHUV":450,"r_בזב":384,"r_מצביעים":262,"r_פסולים":2,"r_כשרים":260,"r_אמת":7,"r_ט":65,"r_כן":48,"r_מחל":36,"r_מרצ":2,"r_פה":25,"r_שס":2,"r_אחר":75,"max_party":"אחר","color_general":"#A88461","color_ynet":"#5C97BF","TOTAL_BZB":384}},{"type":"Feature","geometry":{"type":"Polygon","coordinates":[[[34.970624,32.312076],[34.997405,32.312076],[34.997405,32.329774],[34.970624,32.329774],[34.970624,32.312076],[34.970624,32.312076]]]},"id":697,"properties":{"r_סמל ועדה":10,"SHEM_YISHUV":"בארותיים","SEMEL_YISHUV":697,"r_בזב":754,"r_מצביעים":585,"r_פסולים":2,"r_כשרים":583,"r_אמת":54,"r_ג":3,"r_ט":26,"r_כן":89,"r_ל":17,"r_מחל":71,"r_מרצ":32,"r_פה":264,"r_שס":3,"r_אחר":24,"max_party":"יש עתיד","color_general":"#FF8E3C","color_ynet":"#F90000","TOTAL_BZB":754}},{"type":"Feature","geometry":{"type":"Polygon","coordinates":[[[34.485883,31.419863],[34.496146,31.419863],[34.496146,31.429215],[34.485883,31.429215],[34.485883,31.419863],[34.485883,31.419863]]]},"id":399,"properties":{"r_סמל ועדה":18,"SHEM_YISHUV":"בארי","SEMEL_YISHUV":399,"r_בזב":859,"r_מצביעים":663,"r_פסולים":2,"r_כשרים":661,"r_אמת":232,"r_ום":4,"r_ט":8,"r_כן":83,"r_ל":4,"r_מחל":19,"r_מרצ":109,"r_פה":189,"r_אחר":13,"max_party":"העבודה","color_general":"#FC6B60","color_ynet":"#B20404","TOTAL_BZB":859}},{"type":"Feature","geometry":{"type":"Polygon","coordinates":[[[35.073715,32.944411],[35.092671,32.944411],[35.092671,32.958828],[35.073715,32.958828],[35.073715,32.944411],[35.073715,32.944411]]]},"id":559,"properties":{"r_סמל ועדה":6,"SHEM_YISHUV":"בוסתן הגליל","SEMEL_YISHUV":559,"r_בזב":748,"r_מצביעים":563,"r_פסולים":1,"r_כשרים":562,"r_אמת":30,"r_ג":3,"r_ט":54,"r_כן":89,"r_ל":9,"r_מחל":146,"r_מרצ":16,"r_פה":171,"r_שס":30,"r_אחר":14,"max_party":"יש עתיד","color_general":"#FF8E3C","color_ynet":"#F90000","TOTAL_BZB":748}},{"type":"Feature","geometry":{"type":"Polygon","coordinates":[[[35.350902,32.797294],[35.397092,32.797294],[35.397092,32.827859],[35.350902,32.827859],[35.350902,32.797294],[35.350902,32.797294]]]},"id":482,"properties":{"r_סמל ועדה":5,"SHEM_YISHUV":"בועיינה-נוג'ידאת","SEMEL_YISHUV":482,"r_בזב":7076,"r_מצביעים":4000,"r_פסולים":76,"r_כשרים":3924,"r_אמת":23,"r_ום":581,"r_מחל":66,"r_מרצ":23,"r_עם":2191,"r_פה":44,"r_שס":28,"r_אחר":968,"max_party":"רע\"מ","color_general":"#F7C94C","color_ynet":"#FE9601","TOTAL_BZB":7076}},{"type":"Feature","geometry":{"type":"Polygon","coordinates":[[[35.748878,33.180718],[35.809048,33.180718],[35.809048,33.238806],[35.748878,33.238806],[35.748878,33.180718],[35.748878,33.180718]]]},"id":4001,"properties":{"r_סמל ועדה":3,"SHEM_YISHUV":"בוקעאתא","SEMEL_YISHUV":4001,"r_בזב":749,"r_מצביעים":190,"r_פסולים":0,"r_כשרים":190,"r_אמת":6,"r_ט":1,"r_כן":71,"r_ל":49,"r_מחל":33,"r_מרצ":4,"r_פה":1,"r_שס":13,"r_אחר":12,"max_party":"המחנה הממלכתי","color_general":"#6079FC","color_ynet":"#D600D6","TOTAL_BZB":749}},{"type":"Feature","geometry":{"type":"Polygon","coordinates":[[[34.954139,32.314415],[34.969698,32.314415],[34.969698,32.333867],[34.954139,32.333867],[34.954139,32.314415],[34.954139,32.314415]]]},"id":698,"properties":{"r_סמל ועדה":10,"SHEM_YISHUV":"בורגתה","SEMEL_YISHUV":698,"r_בזב":835,"r_מצביעים":617,"r_פסולים":0,"r_כשרים":617,"r_אמת":29,"r_ט":32,"r_כן":139,"r_ל":11,"r_מחל":126,"r_מרצ":28,"r_פה":218,"r_שס":13,"r_אחר":21,"max_party":"יש עתיד","color_general":"#FF8E3C","color_ynet":"#F90000","TOTAL_BZB":835}},{"type":"Feature","geometry":{"type":"Polygon","coordinates":[[[35.013862,32.346006],[35.027879,32.346006],[35.027879,32.355322],[35.013862,32.355322],[35.013862,32.346006],[35.013862,32.346006]]]},"id":2043,"properties":{"r_סמל ועדה":10,"SHEM_YISHUV":"בחן","SEMEL_YISHUV":2043,"r_בזב":672,"r_מצביעים":501,"r_פסולים":0,"r_כשרים":501,"r_אמת":61,"r_ט":11,"r_כן":70,"r_ל":14,"r_מחל":54,"r_מרצ":36,"r_פה":241,"r_אחר":14,"max_party":"יש עתיד","color_general":"#FF8E3C","color_ynet":"#F90000","TOTAL_BZB":672}},{"type":"Feature","geometry":{"type":"Polygon","coordinates":[[[34.620847,31.326876],[34.647826,31.326876],[34.647826,31.342515],[34.620847,31.342515],[34.620847,31.326876],[34.620847,31.326876]]]},"id":762,"properties":{"r_סמל ועדה":18,"SHEM_YISHUV":"בטחה","SEMEL_YISHUV":762,"r_בזב":629,"r_מצביעים":515,"r_פסולים":0,"r_כשרים":515,"r_אמת":3,"r_ג":5,"r_ט":91,"r_כן":32,"r_מחל":262,"r_פה":9,"r_שס":107,"r_אחר":6,"max_party":"הליכוד","color_general":"#1C5BAD","color_ynet":"#1417AC","TOTAL_BZB":629}},{"type":"Feature","geometry":{"type":"Polygon","coordinates":[[[34.710659,31.78838],[34.749442,31.78838],[34.749442,31.808635],[34.710659,31.808635],[34.710659,31.78838],[34.710659,31.78838]]]},"id":234,"properties":{"r_סמל ועדה":17,"SHEM_YISHUV":"ביצרון","SEMEL_YISHUV":234,"r_בזב":858,"r_מצביעים":653,"r_פסולים":0,"r_כשרים":653,"r_אמת":49,"r_ג":5,"r_ט":25,"r_כן":126,"r_ל":14,"r_מחל":77,"r_מרצ":30,"r_פה":308,"r_אחר":19,"max_party":"יש עתיד","color_general":"#FF8E3C","color_ynet":"#F90000","TOTAL_BZB":858}},{"type":"Feature","geometry":{"type":"Polygon","coordinates":[[[35.20877,32.766085],[35.239373,32.766085],[35.239373,32.80506],[35.20877,32.80506],[35.20877,32.766085],[35.20877,32.766085]]]},"id":998,"properties":{"r_סמל ועדה":20,"SHEM_YISHUV":"ביר אל-מכסור","SEMEL_YISHUV":998,"r_בזב":6991,"r_מצביעים":4299,"r_פסולים":38,"r_כשרים":4261,"r_אמת":55,"r_ום":82,"r_מחל":31,"r_מרצ":41,"r_עם":3787,"r_פה":134,"r_אחר":131,"max_party":"רע\"מ","color_general":"#F7C94C","color_ynet":"#FE9601","TOTAL_BZB":6991}},{"type":"Feature","geometry":{"type":"Polygon","coordinates":[[[34.683024,31.011397],[34.750554,31.011397],[34.750554,31.038867],[34.683024,31.038867],[34.683024,31.011397],[34.683024,31.011397]]]},"id":1348,"properties":{"r_סמל ועדה":18,"SHEM_YISHUV":"ביר הדאג'","SEMEL_YISHUV":1348,"r_בזב":1363,"r_מצביעים":795,"r_פסולים":6,"r_כשרים":789,"r_ום":63,"r_מחל":15,"r_מרצ":4,"r_עם":685,"r_אחר":22,"max_party":"רע\"מ","color_general":"#F7C94C","color_ynet":"#FE9601","TOTAL_BZB":1363}},{"type":"Feature","geometry":{"type":"Polygon","coordinates":[[[35.493528,32.974561],[35.504307,32.974561],[35.504307,32.984022],[35.493528,32.984022],[35.493528,32.974561],[35.493528,32.974561]]]},"id":368,"properties":{"r_סמל ועדה":3,"SHEM_YISHUV":"בירייה","SEMEL_YISHUV":368,"r_בזב":639,"r_מצביעים":456,"r_פסולים":1,"r_כשרים":455,"r_ג":10,"r_ט":96,"r_כן":35,"r_מחל":192,"r_פה":18,"r_שס":90,"r_אחר":14,"max_party":"הליכוד","color_general":"#1C5BAD","color_ynet":"#1417AC","TOTAL_BZB":639}},{"type":"Feature","geometry":{"type":"Polygon","coordinates":[[[34.998731,32.727726],[35.008999,32.727726],[35.008999,32.735229],[34.998731,32.735229],[34.998731,32.727726],[34.998731,32.727726]]]},"id":317,"properties":{"r_סמל ועדה":9,"SHEM_YISHUV":"בית אורן","SEMEL_YISHUV":317,"r_בזב":358,"r_מצביעים":229,"r_פסולים":0,"r_כשרים":229,"r_אמת":37,"r_ט":9,"r_כן":44,"r_ל":4,"r_מחל":19,"r_מרצ":26,"r_פה":64,"r_אחר":26,"max_party":"יש עתיד","color_general":"#FF8E3C","color_ynet":"#F90000","TOTAL_BZB":358}},{"type":"Feature","geometry":{"type":"Polygon","coordinates":[[[35.217967,31.933947],[35.23055,31.933947],[35.23055,31.948124],[35.217967,31.948124],[35.217967,31.933947],[35.217967,31.933947]]]},"id":3574,"properties":{"r_סמל ועדה":2,"SHEM_YISHUV":"בית אל","SEMEL_YISHUV":3574,"r_בזב":3503,"r_מצביעים":2704,"r_פסולים":6,"r_כשרים":2698,"r_ג":26,"r_ט":2246,"r_כן":18,"r_מחל":261,"r_שס":58,"r_אחר":89,"max_party":"הציונות הדתית","color_general":"#A88461","color_ynet":"#5C97BF","TOTAL_BZB":3503}},{"type":"Feature","geometry":{"type":"Polygon","coordinates":[[[34.783916,31.830917],[34.818365,31.830917],[34.818365,31.856667],[34.783916,31.856667],[34.783916,31.830917],[34.783916,31.830917]]]},"id":562,"properties":{"r_סמל ועדה":13,"SHEM_YISHUV":"בית אלעזרי","SEMEL_YISHUV":562,"r_בזב":1088,"r_מצביעים":818,"r_פסולים":0,"r_כשרים":818,"r_אמת":50,"r_ט":75,"r_כן":180,"r_ל":18,"r_מחל":188,"r_מרצ":26,"r_פה":252,"r_שס":11,"r_אחר":18,"max_party":"יש עתיד","color_general":"#FF8E3C","color_ynet":"#F90000","TOTAL_BZB":1088}},{"type":"Feature","geometry":{"type":"Polygon","coordinates":[[[35.427081,32.512156],[35.436963,32.512156],[35.436963,32.522613],[35.427081,32.522613],[35.427081,32.512156],[35.427081,32.512156]]]},"id":95,"properties":{"r_סמל ועדה":5,"SHEM_YISHUV":"בית אלפא","SEMEL_YISHUV":95,"r_בזב":724,"r_מצביעים":518,"r_פסולים":5,"r_כשרים":513,"r_אמת":65,"r_ט":9,"r_כן":77,"r_ל":4,"r_מחל":89,"r_מרצ":89,"r_פה":156,"r_שס":4,"r_אחר":20,"max_party":"יש עתיד","color_general":"#FF8E3C","color_ynet":"#F90000","TOTAL_BZB":724}},{"type":"Feature","geometry":{"type":"Polygon","coordinates":[[[35.040293,32.014919],[35.062236,32.014919],[35.062236,32.045683],[35.040293,32.045683],[35.040293,32.014919],[35.040293,32.014919]]]},"id":3652,"properties":{"r_סמל ועדה":19,"SHEM_YISHUV":"בית אריה-עופרים","SEMEL_YISHUV":3652,"r_בזב":3892,"r_מצביעים":2759,"r_פסולים":5,"r_כשרים":2754,"r_אמת":25,"r_ג":28,"r_ט":519,"r_כן":315,"r_ל":65,"r_מחל":1136,"r_פה":421,"r_שס":113,"r_אחר":132,"max_party":"הליכוד","color_general":"#1C5BAD","color_ynet":"#1417AC","TOTAL_BZB":3892}},{"type":"Feature","geometry":{"type":"Polygon","coordinates":[[[35.352426,32.951484],[35.400655,32.951484],[35.400655,32.980268],[35.352426,32.980268],[35.352426,32.951484],[35.352426,32.951484]]]},"id":480,"properties":{"r_סמל ועדה":20,"SHEM_YISHUV":"בית ג'ן","SEMEL_YISHUV":480,"r_בזב":9177,"r_מצביעים":4867,"r_פסולים":35,"r_כשרים":4832,"r_אמת":288,"r_ום":75,"r_כן":472,"r_ל":414,"r_מחל":275,"r_מרצ":2976,"r_עם":55,"r_פה":169,"r_אחר":108,"max_party":"מרצ","color_general":"#FC60C3","color_ynet":"#71BF45","TOTAL_BZB":9177}},{"type":"Feature","geometry":{"type":"Polygon","coordinates":[[[34.887599,31.606703],[34.905166,31.606703],[34.905166,31.62084],[34.887599,31.62084],[34.887599,31.606703],[34.887599,31.606703]]]},"id":619,"properties":{"r_סמל ועדה":17,"SHEM_YISHUV":"בית גוברין","SEMEL_YISHUV":619,"r_בזב":302,"r_מצביעים":227,"r_פסולים":0,"r_כשרים":227,"r_אמת":43,"r_ום":2,"r_ט":6,"r_כן":32,"r_ל":3,"r_מחל":6,"r_מרצ":19,"r_פה":109,"r_אחר":7,"max_party":"יש עתיד","color_general":"#FF8E3C","color_ynet":"#F90000","TOTAL_BZB":302}},{"type":"Feature","geometry":{"type":"Polygon","coordinates":[[[34.752755,31.845882],[34.772433,31.845882],[34.772433,31.874599],[34.752755,31.874599],[34.752755,31.845882],[34.752755,31.845882]]]},"id":571,"properties":{"r_סמל ועדה":13,"SHEM_YISHUV":"בית גמליאל","SEMEL_YISHUV":571,"r_בזב":755,"r_מצביעים":570,"r_פסולים":1,"r_כשרים":569,"r_אמת":7,"r_ג":12,"r_ט":195,"r_כן":77,"r_ל":7,"r_מחל":143,"r_מרצ":3,"r_פה":18,"r_שס":30,"r_אחר":77,"max_party":"הציונות הדתית","color_general":"#A88461","color_ynet":"#5C97BF","TOTAL_BZB":755}},{"type":"Feature","geometry":{"type":"Polygon","coordinates":[[[34.821305,31.98898],[34.838299,31.98898],[34.838299,32.007769],[34.821305,32.007769],[34.821305,31.98898],[34.821305,31.98898]]]},"id":466,"properties":{"r_סמל ועדה":12,"SHEM_YISHUV":"בית דגן","SEMEL_YISHUV":466,"r_בזב":5530,"r_מצביעים":4192,"r_פסולים":18,"r_כשרים":4174,"r_אמת":88,"r_ג":61,"r_ט":723,"r_כן":466,"r_ל":78,"r_מחל":1615,"r_מרצ":44,"r_פה":671,"r_שס":338,"r_אחר":90,"max_party":"הליכוד","color_general":"#1C5BAD","color_ynet":"#1417AC","TOTAL_BZB":5530}},{"type":"Feature","geometry":{"type":"Polygon","coordinates":[[[34.599572,31.415649],[34.616128,31.415649],[34.616128,31.437538],[34.599572,31.437538],[34.599572,31.415649],[34.599572,31.415649]]]},"id":723,"properties":{"r_סמל ועדה":18,"SHEM_YISHUV":"בית הגדי","SEMEL_YISHUV":723,"r_בזב":595,"r_מצביעים":491,"r_פסולים":0,"r_כשרים":491,"r_ג":3,"r_ט":136,"r_כן":3,"r_מחל":267,"r_פה":7,"r_שס":59,"r_אחר":16,"max_party":"הליכוד","color_general":"#1C5BAD","color_ynet":"#1417AC","TOTAL_BZB":595}},{"type":"Feature","geometry":{"type":"Polygon","coordinates":[[[34.922878,32.347313],[34.938228,32.347313],[34.938228,32.360618],[34.922878,32.360618],[34.922878,32.347313],[34.922878,32.347313]]]},"id":373,"properties":{"r_סמל ועדה":10,"SHEM_YISHUV":"בית הלוי","SEMEL_YISHUV":373,"r_בזב":544,"r_מצביעים":416,"r_פסולים":0,"r_כשרים":416,"r_אמת":41,"r_ט":10,"r_כן":60,"r_ל":10,"r_מחל":43,"r_מרצ":37,"r_פה":199,"r_אחר":16,"max_party":"יש עתיד","color_general":"#FF8E3C","color_ynet":"#F90000","TOTAL_BZB":544}},{"type":"Feature","geometry":{"type":"Polygon","coordinates":[[[35.599129,33.197926],[35.611517,33.197926],[35.611517,33.21947],[35.599129,33.21947],[35.599129,33.197926],[35.599129,33.197926]]]},"id":322,"properties":{"r_סמל ועדה":3,"SHEM_YISHUV":"בית הלל","SEMEL_YISHUV":322,"r_בזב":600,"r_מצביעים":405,"r_פסולים":1,"r_כשרים":404,"r_אמת":60,"r_ט":15,"r_כן":86,"r_ל":7,"r_מחל":30,"r_מרצ":30,"r_פה":167,"r_אחר":9,"max_party":"יש עתיד","color_general":"#FF8E3C","color_ynet":"#F90000","TOTAL_BZB":600}},{"type":"Feature","geometry":{"type":"Polygon","coordinates":[[[35.13957,32.96552],[35.15194,32.96552],[35.15194,32.975737],[35.13957,32.975737],[35.13957,32.96552],[35.13957,32.96552]]]},"id":572,"properties":{"r_סמל ועדה":6,"SHEM_YISHUV":"בית העמק","SEMEL_YISHUV":572,"r_בזב":539,"r_מצביעים":371,"r_פסולים":0,"r_כשרים":371,"r_אמת":77,"r_ט":6,"r_כן":45,"r_ל":16,"r_מחל":16,"r_מרצ":52,"r_פה":152,"r_אחר":7,"max_party":"יש עתיד","color_general":"#FF8E3C","color_ynet":"#F90000","TOTAL_BZB":539}},{"type":"Feature","geometry":{"type":"Polygon","coordinates":[[[35.474756,31.80689],[35.479076,31.80689],[35.479076,31.811326],[35.474756,31.811326],[35.474756,31.80689],[35.474756,31.80689]]]},"id":3645,"properties":{"r_סמל ועדה":2,"SHEM_YISHUV":"בית הערבה","SEMEL_YISHUV":3645,"r_בזב":239,"r_מצביעים":205,"r_פסולים":3,"r_כשרים":202,"r_אמת":10,"r_ט":42,"r_כן":28,"r_ל":6,"r_מחל":46,"r_מרצ":4,"r_פה":28,"r_שס":7,"r_אחר":31,"max_party":"הליכוד","color_general":"#1C5BAD","color_ynet":"#1417AC","TOTAL_BZB":239}},{"type":"Feature","geometry":{"type":"Polygon","coordinates":[[[35.433438,32.543549],[35.448264,32.543549],[35.448264,32.55793],[35.433438,32.55793],[35.433438,32.543549],[35.433438,32.543549]]]},"id":242,"properties":{"r_סמל ועדה":5,"SHEM_YISHUV":"בית השיטה","SEMEL_YISHUV":242,"r_בזב":1051,"r_מצביעים":736,"r_פסולים":4,"r_כשרים":732,"r_אמת":173,"r_ט":35,"r_כן":130,"r_ל":11,"r_מחל":34,"r_מרצ":39,"r_פה":290,"r_אחר":20,"max_party":"יש עתיד","color_general":"#FF8E3C","color_ynet":"#F90000","TOTAL_BZB":1051}},{"type":"Feature","geometry":{"type":"Polygon","coordinates":[[[35.110486,32.697941],[35.122743,32.697941],[35.122743,32.704992],[35.110486,32.704992],[35.110486,32.697941],[35.110486,32.697941]]]},"id":353,"properties":{"r_סמל ועדה":5,"SHEM_YISHUV":"בית זיד","SEMEL_YISHUV":353,"r_בזב":108,"r_מצביעים":69,"r_פסולים":1,"r_כשרים":68,"r_אמת":10,"r_כן":19,"r_מרצ":7,"r_פה":29,"r_שס":1,"r_אחר":2,"max_party":"יש עתיד","color_general":"#FF8E3C","color_ynet":"#F90000","TOTAL_BZB":108}},{"type":"Feature","geometry":{"type":"Polygon","coordinates":[[[35.155488,31.776963],[35.169998,31.776963],[35.169998,31.786524],[35.155488,31.786524],[35.155488,31.776963],[35.155488,31.776963]]]},"id":710,"properties":{"r_סמל ועדה":2,"SHEM_YISHUV":"בית זית","SEMEL_YISHUV":710,"r_בזב":1126,"r_מצביעים":812,"r_פסולים":3,"r_כשרים":809,"r_אמת":99,"r_ג":6,"r_ום":5,"r_ט":67,"r_כן":127,"r_ל":18,"r_מחל":129,"r_מרצ":88,"r_פה":238,"r_שס":14,"r_אחר":18,"max_party":"יש עתיד","color_general":"#FF8E3C","color_ynet":"#F90000","TOTAL_BZB":1126}},{"type":"Feature","geometry":{"type":"Polygon","coordinates":[[[35.568712,32.684273],[35.577853,32.684273],[35.577853,32.693847],[35.568712,32.693847],[35.568712,32.684273],[35.568712,32.684273]]]},"id":143,"properties":{"r_סמל ועדה":4,"SHEM_YISHUV":"בית זרע","SEMEL_YISHUV":143,"r_בזב":629,"r_מצביעים":397,"r_פסולים":1,"r_כשרים":396,"r_אמת":59,"r_ט":7,"r_כן":49,"r_ל":6,"r_מחל":24,"r_מרצ":111,"r_פה":125,"r_אחר":15,"max_party":"יש עתיד","color_general":"#FF8E3C","color_ynet":"#F90000","TOTAL_BZB":629}},{"type":"Feature","geometry":{"type":"Polygon","coordinates":[[[35.121208,31.873579],[35.133221,31.873579],[35.133221,31.881151],[35.121208,31.881151],[35.121208,31.873579],[35.121208,31.873579]]]},"id":3575,"properties":{"r_סמל ועדה":2,"SHEM_YISHUV":"בית חורון","SEMEL_YISHUV":3575,"r_בזב":886,"r_מצביעים":718,"r_פסולים":1,"r_כשרים":717,"r_ג":8,"r_ט":328,"r_כן":34,"r_ל":7,"r_מחל":212,"r_פה":17,"r_שס":32,"r_אחר":79,"max_party":"הציונות הדתית","color_general":"#A88461","color_ynet":"#5C97BF","TOTAL_BZB":886}},{"type":"Feature","geometry":{"type":"Polygon","coordinates":[[[34.864902,32.374206],[34.875676,32.374206],[34.875676,32.384757],[34.864902,32.384757],[34.864902,32.374206],[34.864902,32.374206]]]},"id":877,"properties":{"r_סמל ועדה":10,"SHEM_YISHUV":"בית חירות","SEMEL_YISHUV":877,"r_בזב":618,"r_מצביעים":462,"r_פסולים":0,"r_כשרים":462,"r_אמת":77,"r_כן":70,"r_ל":3,"r_מחל":8,"r_מרצ":60,"r_פה":237,"r_אחר":7,"max_party":"יש עתיד","color_general":"#FF8E3C","color_ynet":"#F90000","TOTAL_BZB":618}},{"type":"Feature","geometry":{"type":"Polygon","coordinates":[[[34.80537,31.785647],[34.821381,31.785647],[34.821381,31.801161],[34.80537,31.801161],[34.80537,31.785647],[34.80537,31.785647]]]},"id":2033,"properties":{"r_סמל ועדה":13,"SHEM_YISHUV":"בית חלקיה","SEMEL_YISHUV":2033,"r_בזב":484,"r_מצביעים":400,"r_פסולים":4,"r_כשרים":396,"r_ג":347,"r_ט":26,"r_מחל":3,"r_פה":2,"r_שס":17,"max_party":"יהדות התורה","color_general":"#49536B","color_ynet":"#683B04","TOTAL_BZB":484}},{"type":"Feature","geometry":{"type":"Polygon","coordinates":[[[34.764624,31.928517],[34.779753,31.928517],[34.779753,31.941095],[34.764624,31.941095],[34.764624,31.928517],[34.764624,31.928517]]]},"id":159,"properties":{"r_סמל ועדה":13,"SHEM_YISHUV":"בית חנן","SEMEL_YISHUV":159,"r_בזב":508,"r_מצביעים":377,"r_פסולים":0,"r_כשרים":377,"r_אמת":47,"r_ט":16,"r_כן":87,"r_ל":2,"r_מחל":37,"r_מרצ":20,"r_פה":157,"r_אחר":11,"max_party":"יש עתיד","color_general":"#FF8E3C","color_ynet":"#F90000","TOTAL_BZB":508}},{"type":"Feature","geometry":{"type":"Polygon","coordinates":[[[34.921745,32.523681],[34.929319,32.523681],[34.929319,32.534456],[34.921745,32.534456],[34.921745,32.523681],[34.921745,32.523681]]]},"id":800,"properties":{"r_סמל ועדה":9,"SHEM_YISHUV":"בית חנניה","SEMEL_YISHUV":800,"r_בזב":628,"r_מצביעים":479,"r_פסולים":0,"r_כשרים":479,"r_אמת":34,"r_ט":17,"r_כן":108,"r_ל":12,"r_מחל":45,"r_מרצ":33,"r_פה":207,"r_שס":7,"r_אחר":16,"max_party":"יש עתיד","color_general":"#FF8E3C","color_ynet":"#F90000","TOTAL_BZB":628}},{"type":"Feature","geometry":{"type":"Polygon","coordinates":[[[34.914284,31.881958],[34.927488,31.881958],[34.927488,31.893186],[34.914284,31.893186],[34.914284,31.881958],[34.914284,31.881958]]]},"id":1050,"properties":{"r_סמל ועדה":12,"SHEM_YISHUV":"בית חשמונאי","SEMEL_YISHUV":1050,"r_בזב":1525,"r_מצביעים":1188,"r_פסולים":1,"r_כשרים":1187,"r_אמת":64,"r_ט":95,"r_כן":219,"r_ל":29,"r_מחל":321,"r_מרצ":34,"r_פה":360,"r_שס":20,"r_אחר":45,"max_party":"יש עתיד","color_general":"#FF8E3C","color_ynet":"#F90000","TOTAL_BZB":1525}},{"type":"Feature","geometry":{"type":"Polygon","coordinates":[[[34.858226,32.255467],[34.874315,32.255467],[34.874315,32.266374],[34.858226,32.266374],[34.858226,32.255467],[34.858226,32.255467]]]},"id":288,"properties":{"r_סמל ועדה":10,"SHEM_YISHUV":"בית יהושע","SEMEL_YISHUV":288,"r_בזב":793,"r_מצביעים":582,"r_פסולים":3,"r_כשרים":579,"r_אמת":63,"r_ט":16,"r_כן":90,"r_ל":15,"r_מחל":50,"r_מרצ":49,"r_פה":273,"r_אחר":23,"max_party":"יש עתיד","color_general":"#FF8E3C","color_ynet":"#F90000","TOTAL_BZB":793}},{"type":"Feature","geometry":{"type":"Polygon","coordinates":[[[35.542948,32.552895],[35.558812,32.552895],[35.558812,32.565862],[35.542948,32.565862],[35.542948,32.552895],[35.542948,32.552895]]]},"id":265,"properties":{"r_סמל ועדה":5,"SHEM_YISHUV":"בית יוסף","SEMEL_YISHUV":265,"r_בזב":369,"r_מצביעים":269,"r_פסולים":1,"r_כשרים":268,"r_אמת":3,"r_ט":59,"r_כן":17,"r_מחל":154,"r_מרצ":2,"r_פה":5,"r_שס":25,"r_אחר":3,"max_party":"הליכוד","color_general":"#1C5BAD","color_ynet":"#1417AC","TOTAL_BZB":369}},{"type":"Feature","geometry":{"type":"Polygon","coordinates":[[[34.860844,32.377357],[34.865916,32.377357],[34.865916,32.385406],[34.860844,32.385406],[34.860844,32.377357],[34.860844,32.377357]]]},"id":200,"properties":{"r_סמל ועדה":10,"SHEM_YISHUV":"בית ינאי","SEMEL_YISHUV":200,"r_בזב":308,"r_מצביעים":201,"r_פסולים":0,"r_כשרים":201,"r_אמת":15,"r_כן":30,"r_ל":2,"r_מחל":9,"r_מרצ":34,"r_פה":106,"r_אחר":5,"max_party":"יש עתיד","color_general":"#FF8E3C","color_ynet":"#F90000","TOTAL_BZB":308}},{"type":"Feature","geometry":{"type":"Polygon","coordinates":[[[34.871699,32.323265],[34.907527,32.323265],[34.907527,32.346516],[34.871699,32.346516],[34.871699,32.323265],[34.871699,32.323265]]]},"id":326,"properties":{"r_סמל ועדה":10,"SHEM_YISHUV":"בית יצחק-שער חפר","SEMEL_YISHUV":326,"r_בזב":1658,"r_מצביעים":1265,"r_פסולים":8,"r_כשרים":1257,"r_אמת":124,"r_ט":27,"r_כן":228,"r_ל":20,"r_מחל":119,"r_מרצ":97,"r_פה":598,"r_אחר":44,"max_party":"יש עתיד","color_general":"#FF8E3C","color_ynet":"#F90000","TOTAL_BZB":1658}},{"type":"Feature","geometry":{"type":"Polygon","coordinates":[[[35.181202,32.72272],[35.206089,32.72272],[35.206089,32.740783],[35.181202,32.740783],[35.181202,32.72272],[35.181202,32.72272]]]},"id":430,"properties":{"r_סמל ועדה":5,"SHEM_YISHUV":"בית לחם הגלילית","SEMEL_YISHUV":430,"r_בזב":604,"r_מצביעים":449,"r_פסולים":0,"r_כשרים":449,"r_אמת":49,"r_ט":20,"r_כן":81,"r_ל":4,"r_מחל":63,"r_מרצ":32,"r_פה":187,"r_אחר":13,"max_party":"יש עתיד","color_general":"#FF8E3C","color_ynet":"#F90000","TOTAL_BZB":604}},{"type":"Feature","geometry":{"type":"Polygon","coordinates":[[[35.032152,31.790498],[35.042991,31.790498],[35.042991,31.798016],[35.032152,31.798016],[35.032152,31.790498],[35.032152,31.790498]]]},"id":751,"properties":{"r_סמל ועדה":2,"SHEM_YISHUV":"בית מאיר","SEMEL_YISHUV":751,"r_בזב":341,"r_מצביעים":245,"r_פסולים":0,"r_כשרים":245,"r_אמת":3,"r_ג":27,"r_ט":82,"r_כן":15,"r_מחל":63,"r_פה":6,"r_שס":32,"r_אחר":17,"max_party":"הציונות הדתית","color_general":"#A88461","color_ynet":"#5C97BF","TOTAL_BZB":341}},{"type":"Feature","geometry":{"type":"Polygon","coordinates":[[[34.948702,31.965924],[34.961169,31.965924],[34.961169,31.984721],[34.948702,31.984721],[34.948702,31.965924],[34.948702,31.965924]]]},"id":784,"properties":{"r_סמל ועדה":12,"SHEM_YISHUV":"בית נחמיה","SEMEL_YISHUV":784,"r_בזב":647,"r_מצביעים":489,"r_פסולים":2,"r_כשרים":487,"r_אמת":17,"r_ט":60,"r_כן":102,"r_ל":8,"r_מחל":137,"r_מרצ":22,"r_עם":3,"r_פה":123,"r_שס":4,"r_אחר":11,"max_party":"הליכוד","color_general":"#1C5BAD","color_ynet":"#1417AC","TOTAL_BZB":647}},{"type":"Feature","geometry":{"type":"Polygon","coordinates":[[[34.868673,31.643155],[34.878302,31.643155],[34.878302,31.652979],[34.868673,31.652979],[34.868673,31.643155],[34.868673,31.643155]]]},"id":16,"properties":{"r_סמל ועדה":17,"SHEM_YISHUV":"בית ניר","SEMEL_YISHUV":16,"r_בזב":488,"r_מצביעים":366,"r_פסולים":1,"r_כשרים":365,"r_אמת":46,"r_ום":3,"r_ט":4,"r_כן":36,"r_ל":7,"r_מחל":13,"r_מרצ":98,"r_עם":2,"r_פה":150,"r_אחר":6,"max_party":"יש עתיד","color_general":"#FF8E3C","color_ynet":"#F90000","TOTAL_BZB":488}},{"type":"Feature","geometry":{"type":"Polygon","coordinates":[[[35.123077,31.800884],[35.131202,31.800884],[35.131202,31.8082],[35.123077,31.8082],[35.123077,31.800884],[35.123077,31.800884]]]},"id":672,"properties":{"r_סמל ועדה":2,"SHEM_YISHUV":"בית נקופה","SEMEL_YISHUV":672,"r_בזב":498,"r_מצביעים":371,"r_פסולים":3,"r_כשרים":368,"r_אמת":18,"r_ט":50,"r_כן":47,"r_ל":9,"r_מחל":98,"r_מרצ":28,"r_פה":93,"r_שס":19,"r_אחר":6,"max_party":"הליכוד","color_general":"#1C5BAD","color_ynet":"#1417AC","TOTAL_BZB":498}},{"type":"Feature","geometry":{"type":"Polygon","coordinates":[[[34.770635,31.920268],[34.777345,31.920268],[34.777345,31.92375],[34.770635,31.92375],[34.770635,31.920268],[34.770635,31.920268]]]},"id":202,"properties":{"r_סמל ועדה":13,"SHEM_YISHUV":"בית עובד","SEMEL_YISHUV":202,"r_בזב":255,"r_מצביעים":186,"r_פסולים":1,"r_כשרים":185,"r_אמת":28,"r_ט":2,"r_כן":23,"r_ל":3,"r_מחל":13,"r_מרצ":20,"r_פה":93,"r_אחר":3,"max_party":"יש עתיד","color_general":"#FF8E3C","color_ynet":"#F90000","TOTAL_BZB":255}},{"type":"Feature","geometry":{"type":"Polygon","coordinates":[[[34.899694,31.864587],[34.9115,31.864587],[34.9115,31.874041],[34.899694,31.874041],[34.899694,31.864587],[34.899694,31.864587]]]},"id":301,"properties":{"r_סמל ועדה":12,"SHEM_YISHUV":"בית עוזיאל","SEMEL_YISHUV":301,"r_בזב":479,"r_מצביעים":368,"r_פסולים":1,"r_כשרים":367,"r_אמת":9,"r_ג":2,"r_ט":69,"r_כן":39,"r_ל":5,"r_מחל":134,"r_מרצ":3,"r_פה":60,"r_שס":35,"r_אחר":11,"max_party":"הליכוד","color_general":"#1C5BAD","color_ynet":"#1417AC","TOTAL_BZB":479}},{"type":"Feature","geometry":{"type":"Polygon","coordinates":[[[34.64705,31.728666],[34.667688,31.728666],[34.667688,31.745588],[34.64705,31.745588],[34.64705,31.728666],[34.64705,31.728666]]]},"id":756,"properties":{"r_סמל ועדה":17,"SHEM_YISHUV":"בית עזרא","SEMEL_YISHUV":756,"r_בזב":833,"r_מצביעים":645,"r_פסולים":3,"r_כשרים":642,"r_אמת":23,"r_ג":5,"r_ט":60,"r_כן":125,"r_ל":12,"r_מחל":211,"r_מרצ":10,"r_פה":115,"r_שס":64,"r_אחר":17,"max_party":"הליכוד","color_general":"#1C5BAD","color_ynet":"#1417AC","TOTAL_BZB":833}},{"type":"Feature","geometry":{"type":"Polygon","coordinates":[[[34.925,31.987116],[34.94127,31.987116],[34.94127,32.005119],[34.925,32.005119],[34.925,31.987116],[34.925,31.987116]]]},"id":604,"properties":{"r_סמל ועדה":12,"SHEM_YISHUV":"בית עריף","SEMEL_YISHUV":604,"r_בזב":773,"r_מצביעים":608,"r_פסולים":2,"r_כשרים":606,"r_אמת":12,"r_ט":120,"r_כן":60,"r_ל":6,"r_מחל":264,"r_מרצ":7,"r_פה":56,"r_שס":64,"r_אחר":17,"max_party":"הליכוד","color_general":"#1C5BAD","color_ynet":"#1417AC","TOTAL_BZB":773}},{"type":"Feature","geometry":{"type":"Polygon","coordinates":[[[34.96648,32.714181],[34.972085,32.714181],[34.972085,32.722233],[34.96648,32.722233],[34.96648,32.714181],[34.96648,32.714181]]]},"id":212,"properties":{"r_סמל ועדה":9,"SHEM_YISHUV":"בית צבי","SEMEL_YISHUV":212,"r_בזב":65,"r_מצביעים":38,"r_פסולים":1,"r_כשרים":37,"r_ג":3,"r_ט":27,"r_מחל":3,"r_שס":4,"max_party":"הציונות הדתית","color_general":"#A88461","color_ynet":"#5C97BF","TOTAL_BZB":65}},{"type":"Feature","geometry":{"type":"Polygon","coordinates":[[[34.756045,31.441906],[34.766287,31.441906],[34.766287,31.452488],[34.756045,31.452488],[34.756045,31.441906],[34.756045,31.441906]]]},"id":598,"properties":{"r_סמל ועדה":18,"SHEM_YISHUV":"בית קמה","SEMEL_YISHUV":598,"r_בזב":751,"r_מצביעים":565,"r_פסולים":0,"r_כשרים":565,"r_אמת":61,"r_ט":15,"r_כן":99,"r_ל":10,"r_מחל":49,"r_מרצ":77,"r_פה":242,"r_אחר":12,"max_party":"יש עתיד","color_general":"#FF8E3C","color_ynet":"#F90000","TOTAL_BZB":751}},{"type":"Feature","geometry":{"type":"Polygon","coordinates":[[[35.387818,32.713874],[35.400073,32.713874],[35.400073,32.722442],[35.387818,32.722442],[35.387818,32.713874],[35.387818,32.713874]]]},"id":365,"properties":{"r_סמל ועדה":4,"SHEM_YISHUV":"בית קשת","SEMEL_YISHUV":365,"r_בזב":496,"r_מצביעים":342,"r_פסולים":2,"r_כשרים":340,"r_אמת":65,"r_ום":2,"r_ט":4,"r_כן":33,"r_ל":3,"r_מחל":19,"r_מרצ":69,"r_פה":109,"r_אחר":36,"max_party":"יש עתיד","color_general":"#FF8E3C","color_ynet":"#F90000","TOTAL_BZB":496}},{"type":"Feature","geometry":{"type":"Polygon","coordinates":[[[34.72414,31.814918],[34.733115,31.814918],[34.733115,31.820521],[34.72414,31.820521],[34.72414,31.814918],[34.72414,31.814918]]]},"id":848,"properties":{"r_סמל ועדה":13,"SHEM_YISHUV":"בית רבן","SEMEL_YISHUV":848,"r_בזב":299,"r_מצביעים":212,"r_פסולים":1,"r_כשרים":211,"r_ג":3,"r_ט":155,"r_מחל":26,"r_שס":22,"r_אחר":5,"max_party":"הציונות הדתית","color_general":"#A88461","color_ynet":"#5C97BF","TOTAL_BZB":299}},{"type":"Feature","geometry":{"type":"Polygon","coordinates":[[[35.32427,32.779039],[35.336849,32.779039],[35.336849,32.786124],[35.32427,32.786124],[35.32427,32.779039],[35.32427,32.779039]]]},"id":1162,"properties":{"r_סמל ועדה":5,"SHEM_YISHUV":"בית רימון","SEMEL_YISHUV":1162,"r_בזב":448,"r_מצביעים":374,"r_פסולים":0,"r_כשרים":374,"r_אמת":9,"r_ט":150,"r_כן":27,"r_מחל":57,"r_פה":8,"r_שס":2,"r_אחר":121,"max_party":"הציונות הדתית","color_general":"#A88461","color_ynet":"#5C97BF","TOTAL_BZB":448}},{"type":"Feature","geometry":{"type":"Polygon","coordinates":[[[35.471056,32.479447],[35.520222,32.479447],[35.520222,32.524052],[35.471056,32.524052],[35.471056,32.479447],[35.471056,32.479447]]]},"id":9200,"properties":{"r_סמל ועדה":5,"SHEM_YISHUV":"בית שאן","SEMEL_YISHUV":9200,"r_בזב":14782,"r_מצביעים":10445,"r_פסולים":32,"r_כשרים":10413,"r_אמת":61,"r_ג":85,"r_ט":1679,"r_כן":336,"r_ל":131,"r_מחל":4984,"r_פה":326,"r_שס":2601,"r_אחר":210,"max_party":"הליכוד","color_general":"#1C5BAD","color_ynet":"#1417AC","TOTAL_BZB":14782}},{"type":"Feature","geometry":{"type":"Polygon","coordinates":[[[34.942384,31.687289],[35.031899,31.687289],[35.031899,31.775326],[34.942384,31.775326],[34.942384,31.687289],[34.942384,31.687289]]]},"id":2610,"properties":{"r_סמל ועדה":2,"SHEM_YISHUV":"בית שמש","SEMEL_YISHUV":2610,"r_בזב":78064,"r_מצביעים":51622,"r_פסולים":347,"r_כשרים":51275,"r_ג":19871,"r_ט":7538,"r_כן":1302,"r_ל":890,"r_מחל":7969,"r_פה":1194,"r_שס":11076,"r_אחר":1435,"max_party":"יהדות התורה","color_general":"#49536B","color_ynet":"#683B04","TOTAL_BZB":78064}},{"type":"Feature","geometry":{"type":"Polygon","coordinates":[[[35.163858,32.686963],[35.188296,32.686963],[35.188296,32.705606],[35.163858,32.705606],[35.163858,32.686963],[35.163858,32.686963]]]},"id":248,"properties":{"r_סמל ועדה":5,"SHEM_YISHUV":"בית שערים","SEMEL_YISHUV":248,"r_בזב":526,"r_מצביעים":393,"r_פסולים":1,"r_כשרים":392,"r_אמת":49,"r_ט":19,"r_כן":54,"r_ל":14,"r_מחל":45,"r_מרצ":20,"r_פה":177,"r_אחר":14,"max_party":"יש עתיד","color_general":"#FF8E3C","color_ynet":"#F90000","TOTAL_BZB":526}},{"type":"Feature","geometry":{"type":"Polygon","coordinates":[[[34.596863,31.631251],[34.617467,31.631251],[34.617467,31.647534],[34.596863,31.647534],[34.596863,31.631251],[34.596863,31.631251]]]},"id":747,"properties":{"r_סמל ועדה":17,"SHEM_YISHUV":"בית שקמה","SEMEL_YISHUV":747,"r_בזב":575,"r_מצביעים":425,"r_פסולים":4,"r_כשרים":421,"r_אמת":5,"r_ג":6,"r_ט":86,"r_כן":17,"r_ל":5,"r_מחל":175,"r_פה":11,"r_שס":105,"r_אחר":11,"max_party":"הליכוד","color_general":"#1C5BAD","color_ynet":"#1417AC","TOTAL_BZB":575}},{"type":"Feature","geometry":{"type":"Polygon","coordinates":[[[34.864995,32.362105],[34.875104,32.362105],[34.875104,32.368063],[34.864995,32.368063],[34.864995,32.362105],[34.864995,32.362105]]]},"id":252,"properties":{"r_סמל ועדה":10,"SHEM_YISHUV":"ביתן אהרן","SEMEL_YISHUV":252,"r_בזב":240,"r_מצביעים":87,"r_פסולים":0,"r_כשרים":87,"r_אמת":9,"r_ט":5,"r_כן":10,"r_ל":4,"r_מחל":10,"r_מרצ":6,"r_פה":41,"r_אחר":2,"max_party":"יש עתיד","color_general":"#FF8E3C","color_ynet":"#F90000","TOTAL_BZB":240}},{"type":"Feature","geometry":{"type":"Polygon","coordinates":[[[35.094341,31.687599],[35.129533,31.687599],[35.129533,31.722052],[35.094341,31.722052],[35.094341,31.687599],[35.094341,31.687599]]]},"id":3780,"properties":{"r_סמל ועדה":2,"SHEM_YISHUV":"ביתר עילית","SEMEL_YISHUV":3780,"r_בזב":29318,"r_מצביעים":23847,"r_פסולים":159,"r_כשרים":23688,"r_ג":14081,"r_ט":1844,"r_מחל":328,"r_שס":7303,"r_אחר":132,"max_party":"יהדות התורה","color_general":"#49536B","color_ynet":"#683B04","TOTAL_BZB":29318}},{"type":"Feature","geometry":{"type":"Polygon","coordinates":[[[35.289823,32.624157],[35.302414,32.624157],[35.302414,32.634916],[35.289823,32.634916],[35.289823,32.624157],[35.289823,32.624157]]]},"id":94,"properties":{"r_סמל ועדה":5,"SHEM_YISHUV":"בלפוריה","SEMEL_YISHUV":94,"r_בזב":413,"r_מצביעים":321,"r_פסולים":1,"r_כשרים":320,"r_אמת":30,"r_ט":25,"r_כן":77,"r_ל":12,"r_מחל":44,"r_מרצ":16,"r_פה":108,"r_שס":3,"r_אחר":5,"max_party":"יש עתיד","color_general":"#FF8E3C","color_ynet":"#F90000","TOTAL_BZB":413}},{"type":"Feature","geometry":{"type":"Polygon","coordinates":[[[34.720463,31.84952],[34.739208,31.84952],[34.739208,31.862686],[34.720463,31.862686],[34.720463,31.84952],[34.720463,31.84952]]]},"id":760,"properties":{"r_סמל ועדה":13,"SHEM_YISHUV":"בן זכאי","SEMEL_YISHUV":760,"r_בזב":584,"r_מצביעים":491,"r_פסולים":1,"r_כשרים":490,"r_ג":5,"r_ט":82,"r_כן":11,"r_מחל":246,"r_פה":6,"r_שס":129,"r_אחר":11,"max_party":"הליכוד","color_general":"#1C5BAD","color_ynet":"#1417AC","TOTAL_BZB":584}},{"type":"Feature","geometry":{"type":"Polygon","coordinates":[[[35.10909,32.996662],[35.136678,32.996662],[35.136678,33.014172],[35.10909,33.014172],[35.10909,32.996662],[35.10909,32.996662]]]},"id":712,"properties":{"r_סמל ועדה":6,"SHEM_YISHUV":"בן עמי","SEMEL_YISHUV":712,"r_בזב":558,"r_מצביעים":399,"r_פסולים":2,"r_כשרים":397,"r_אמת":25,"r_ג":10,"r_ט":23,"r_כן":96,"r_ל":3,"r_מחל":81,"r_מרצ":24,"r_פה":111,"r_שס":7,"r_אחר":17,"max_party":"יש עתיד","color_general":"#FF8E3C","color_ynet":"#F90000","TOTAL_BZB":558}},{"type":"Feature","geometry":{"type":"Polygon","coordinates":[[[34.922611,31.957342],[34.931571,31.957342],[34.931571,31.962449],[34.922611,31.962449],[34.922611,31.957342],[34.922611,31.957342]]]},"id":1084,"properties":{"r_סמל ועדה":12,"SHEM_YISHUV":"בן שמן (כפר נוער)","SEMEL_YISHUV":1084,"r_בזב":245,"r_מצביעים":166,"r_פסולים":0,"r_כשרים":166,"r_אמת":14,"r_ום":1,"r_ט":8,"r_כן":25,"r_ל":3,"r_מחל":29,"r_מרצ":8,"r_פה":71,"r_שס":3,"r_אחר":4,"max_party":"יש עתיד","color_general":"#FF8E3C","color_ynet":"#F90000","TOTAL_BZB":245}},{"type":"Feature","geometry":{"type":"Polygon","coordinates":[[[34.91597,31.944996],[34.930305,31.944996],[34.930305,31.95722],[34.91597,31.95722],[34.91597,31.944996],[34.91597,31.944996]]]},"id":2013,"properties":{"r_סמל ועדה":12,"SHEM_YISHUV":"בן שמן (מושב)","SEMEL_YISHUV":2013,"r_בזב":610,"r_מצביעים":467,"r_פסולים":0,"r_כשרים":467,"r_אמת":34,"r_ט":37,"r_כן":73,"r_ל":9,"r_מחל":97,"r_מרצ":40,"r_פה":167,"r_שס":5,"r_אחר":5,"max_party":"יש עתיד","color_general":"#FF8E3C","color_ynet":"#F90000","TOTAL_BZB":610}},{"type":"Feature","geometry":{"type":"Polygon","coordinates":[[[34.821446,32.068997],[34.849252,32.068997],[34.849252,32.108421],[34.821446,32.108421],[34.821446,32.068997],[34.821446,32.068997]]]},"id":6100,"properties":{"r_סמל ועדה":15,"SHEM_YISHUV":"בני ברק","SEMEL_YISHUV":6100,"r_בזב":115586,"r_מצביעים":88454,"r_פסולים":762,"r_כשרים":87692,"r_ג":52431,"r_ט":3883,"r_מחל":2969,"r_פה":626,"r_שס":26461,"r_אחר":1322,"max_party":"יהדות התורה","color_general":"#49536B","color_ynet":"#683B04","TOTAL_BZB":115586}},{"type":"Feature","geometry":{"type":"Polygon","coordinates":[[[34.909104,31.511816],[34.925332,31.511816],[34.925332,31.524469],[34.909104,31.524469],[34.909104,31.511816],[34.909104,31.511816]]]},"id":1368,"properties":{"r_סמל ועדה":17,"SHEM_YISHUV":"בני דקלים","SEMEL_YISHUV":1368,"r_בזב":733,"r_מצביעים":625,"r_פסולים":0,"r_כשרים":625,"r_ט":534,"r_כן":6,"r_מחל":59,"r_שס":12,"r_אחר":14,"max_party":"הציונות הדתית","color_general":"#A88461","color_ynet":"#5C97BF","TOTAL_BZB":733}},{"type":"Feature","geometry":{"type":"Polygon","coordinates":[[[34.685626,31.817385],[34.697088,31.817385],[34.697088,31.824101],[34.685626,31.824101],[34.685626,31.817385],[34.685626,31.817385]]]},"id":592,"properties":{"r_סמל ועדה":13,"SHEM_YISHUV":"בני דרום","SEMEL_YISHUV":592,"r_בזב":550,"r_מצביעים":445,"r_פסולים":4,"r_כשרים":441,"r_אמת":10,"r_ט":178,"r_כן":59,"r_ל":4,"r_מחל":89,"r_פה":18,"r_שס":7,"r_אחר":76,"max_party":"הציונות הדתית","color_general":"#A88461","color_ynet":"#5C97BF","TOTAL_BZB":550}},{"type":"Feature","geometry":{"type":"Polygon","coordinates":[[[34.891783,32.257405],[34.906806,32.257405],[34.906806,32.265291],[34.891783,32.265291],[34.891783,32.257405],[34.891783,32.257405]]]},"id":386,"properties":{"r_סמל ועדה":10,"SHEM_YISHUV":"בני דרור","SEMEL_YISHUV":386,"r_בזב":975,"r_מצביעים":519,"r_פסולים":1,"r_כשרים":518,"r_אמת":54,"r_ט":25,"r_כן":80,"r_ל":5,"r_מחל":68,"r_מרצ":35,"r_פה":240,"r_שס":5,"r_אחר":6,"max_party":"יש עתיד","color_general":"#FF8E3C","color_ynet":"#F90000","TOTAL_BZB":975}},{"type":"Feature","geometry":{"type":"Polygon","coordinates":[[[35.684099,32.794907],[35.694149,32.794907],[35.694149,32.803257],[35.684099,32.803257],[35.684099,32.794907],[35.684099,32.794907]]]},"id":4015,"properties":{"r_סמל ועדה":4,"SHEM_YISHUV":"בני יהודה","SEMEL_YISHUV":4015,"r_בזב":935,"r_מצביעים":588,"r_פסולים":3,"r_כשרים":585,"r_אמת":39,"r_ט":64,"r_כן":68,"r_ל":29,"r_מחל":146,"r_מרצ":14,"r_פה":182,"r_שס":11,"r_אחר":32,"max_party":"יש עתיד","color_general":"#FF8E3C","color_ynet":"#F90000","TOTAL_BZB":935}},{"type":"Feature","geometry":{"type":"Polygon","coordinates":[[[34.30964,31.135935],[34.319824,31.135935],[34.319824,31.146091],[34.30964,31.146091],[34.30964,31.135935],[34.30964,31.135935]]]},"id":1363,"properties":{"r_סמל ועדה":18,"SHEM_YISHUV":"בני נצרים","SEMEL_YISHUV":1363,"r_בזב":368,"r_מצביעים":308,"r_פסולים":0,"r_כשרים":308,"r_ג":4,"r_ט":286,"r_מחל":8,"r_שס":4,"r_אחר":6,"max_party":"הציונות הדתית","color_general":"#A88461","color_ynet":"#5C97BF","TOTAL_BZB":368}},{"type":"Feature","geometry":{"type":"Polygon","coordinates":[[[34.905841,32.01772],[34.923967,32.01772],[34.923967,32.029835],[34.905841,32.029835],[34.905841,32.01772],[34.905841,32.01772]]]},"id":448,"properties":{"r_סמל ועדה":11,"SHEM_YISHUV":"בני עטרות","SEMEL_YISHUV":448,"r_בזב":603,"r_מצביעים":485,"r_פסולים":0,"r_כשרים":485,"r_אמת":50,"r_ג":3,"r_ט":10,"r_כן":107,"r_ל":7,"r_מחל":49,"r_מרצ":48,"r_פה":192,"r_שס":5,"r_אחר":14,"max_party":"יש עתיד","color_general":"#FF8E3C","color_ynet":"#F90000","TOTAL_BZB":603}},{"type":"Feature","geometry":{"type":"Polygon","coordinates":[[[34.754125,31.782215],[34.767805,31.782215],[34.767805,31.80044],[34.754125,31.80044],[34.754125,31.782215],[34.754125,31.782215]]]},"id":1066,"properties":{"r_סמל ועדה":13,"SHEM_YISHUV":"בני עי\"ש","SEMEL_YISHUV":1066,"r_בזב":5695,"r_מצביעים":3567,"r_פסולים":52,"r_כשרים":3515,"r_אמת":31,"r_ג":41,"r_ט":518,"r_כן":207,"r_ל":616,"r_מחל":1102,"r_פה":544,"r_שס":337,"r_אחר":119,"max_party":"הליכוד","color_general":"#1C5BAD","color_ynet":"#1417AC","TOTAL_BZB":5695}},{"type":"Feature","geometry":{"type":"Polygon","coordinates":[[[34.859778,32.21219],[34.877346,32.21219],[34.877346,32.225544],[34.859778,32.225544],[34.859778,32.21219],[34.859778,32.21219]]]},"id":418,"properties":{"r_סמל ועדה":10,"SHEM_YISHUV":"בני ציון","SEMEL_YISHUV":418,"r_בזב":856,"r_מצביעים":618,"r_פסולים":1,"r_כשרים":617,"r_אמת":32,"r_ט":8,"r_כן":101,"r_ל":10,"r_מחל":63,"r_מרצ":52,"r_פה":325,"r_שס":8,"r_אחר":18,"max_party":"יש עתיד","color_general":"#FF8E3C","color_ynet":"#F90000","TOTAL_BZB":856}},{"type":"Feature","geometry":{"type":"Polygon","coordinates":[[[34.776677,31.760179],[34.806201,31.760179],[34.806201,31.780237],[34.776677,31.780237],[34.776677,31.760179],[34.776677,31.760179]]]},"id":588,"properties":{"r_סמל ועדה":13,"SHEM_YISHUV":"בני ראם","SEMEL_YISHUV":588,"r_בזב":927,"r_מצביעים":723,"r_פסולים":1,"r_כשרים":722,"r_ג":47,"r_ט":302,"r_כן":27,"r_מחל":210,"r_פה":10,"r_שס":63,"r_אחר":63,"max_party":"הציונות הדתית","color_general":"#A88461","color_ynet":"#5C97BF","TOTAL_BZB":927}},{"type":"Feature","geometry":{"type":"Polygon","coordinates":[[[34.741712,31.83686],[34.763245,31.83686],[34.763245,31.852436],[34.741712,31.852436],[34.741712,31.83686],[34.741712,31.83686]]]},"id":685,"properties":{"r_סמל ועדה":13,"SHEM_YISHUV":"בניה","SEMEL_YISHUV":685,"r_בזב":616,"r_מצביעים":486,"r_פסולים":2,"r_כשרים":484,"r_אמת":31,"r_ט":27,"r_כן":119,"r_ל":11,"r_מחל":70,"r_מרצ":22,"r_פה":190,"r_שס":3,"r_אחר":11,"max_party":"יש עתיד","color_general":"#FF8E3C","color_ynet":"#F90000","TOTAL_BZB":616}},{"type":"Feature","geometry":{"type":"Polygon","coordinates":[[[34.92928,32.499067],[35.021965,32.499067],[35.021965,32.552268],[34.92928,32.552268],[34.92928,32.499067],[34.92928,32.499067]]]},"id":9800,"properties":{"r_סמל ועדה":9,"SHEM_YISHUV":"בנימינה-גבעת עדה","SEMEL_YISHUV":9800,"r_בזב":10889,"r_מצביעים":7860,"r_פסולים":20,"r_כשרים":7840,"r_אמת":768,"r_ט":317,"r_כן":1117,"r_ל":215,"r_מחל":1390,"r_מרצ":633,"r_פה":2972,"r_שס":133,"r_אחר":295,"max_party":"יש עתיד","color_general":"#FF8E3C","color_ynet":"#F90000","TOTAL_BZB":10889}},{"type":"Feature","geometry":{"type":"Polygon","coordinates":[[[35.07693,32.468064],[35.12451,32.468064],[35.12451,32.543193],[35.07693,32.543193],[35.07693,32.468064],[35.07693,32.468064]]]},"id":1326,"properties":{"r_סמל ועדה":9,"SHEM_YISHUV":"בסמ\"ה","SEMEL_YISHUV":1326,"r_בזב":7247,"r_מצביעים":3309,"r_פסולים":53,"r_כשרים":3256,"r_ום":878,"r_כן":29,"r_מחל":32,"r_מרצ":148,"r_עם":991,"r_שס":44,"r_אחר":1134,"max_party":"אחר","color_general":"#F7C94C","color_ynet":"#FE9601","TOTAL_BZB":7247}},{"type":"Feature","geometry":{"type":"Polygon","coordinates":[[[35.127764,32.72943],[35.164227,32.72943],[35.164227,32.753169],[35.127764,32.753169],[35.127764,32.72943],[35.127764,32.72943]]]},"id":944,"properties":{"r_סמל ועדה":5,"SHEM_YISHUV":"בסמת טבעון","SEMEL_YISHUV":944,"r_בזב":5646,"r_מצביעים":2429,"r_פסולים":27,"r_כשרים":2402,"r_אמת":16,"r_ום":279,"r_כן":40,"r_מחל":66,"r_מרצ":37,"r_עם":1605,"r_פה":21,"r_אחר":338,"max_party":"רע\"מ","color_general":"#F7C94C","color_ynet":"#FE9601","TOTAL_BZB":5646}},{"type":"Feature","geometry":{"type":"Polygon","coordinates":[[[35.260533,32.920849],[35.296621,32.920849],[35.296621,32.936952],[35.260533,32.936952],[35.260533,32.920849],[35.260533,32.920849]]]},"id":483,"properties":{"r_סמל ועדה":20,"SHEM_YISHUV":"בענה","SEMEL_YISHUV":483,"r_בזב":6004,"r_מצביעים":3793,"r_פסולים":45,"r_כשרים":3748,"r_ום":1328,"r_מחל":30,"r_עם":1416,"r_שס":20,"r_אחר":954,"max_party":"רע\"מ","color_general":"#F7C94C","color_ynet":"#FE9601","TOTAL_BZB":6004}},{"type":"Feature","geometry":{"type":"Polygon","coordinates":[[[34.87143,32.205179],[34.883638,32.205179],[34.883638,32.221279],[34.87143,32.221279],[34.87143,32.205179],[34.87143,32.205179]]]},"id":389,"properties":{"r_סמל ועדה":10,"SHEM_YISHUV":"בצרה","SEMEL_YISHUV":389,"r_בזב":813,"r_מצביעים":604,"r_פסולים":1,"r_כשרים":603,"r_אמת":48,"r_ט":19,"r_כן":94,"r_ל":11,"r_מחל":54,"r_מרצ":46,"r_פה":307,"r_אחר":24,"max_party":"יש עתיד","color_general":"#FF8E3C","color_ynet":"#F90000","TOTAL_BZB":813}},{"type":"Feature","geometry":{"type":"Polygon","coordinates":[[[35.125121,33.06475],[35.142206,33.06475],[35.142206,33.077468],[35.125121,33.077468],[35.125121,33.06475],[35.125121,33.06475]]]},"id":589,"properties":{"r_סמל ועדה":6,"SHEM_YISHUV":"בצת","SEMEL_YISHUV":589,"r_בזב":378,"r_מצביעים":297,"r_פסולים":1,"r_כשרים":296,"r_אמת":24,"r_ט":25,"r_כן":53,"r_ל":4,"r_מחל":61,"r_מרצ":11,"r_פה":99,"r_שס":6,"r_אחר":13,"max_party":"יש עתיד","color_general":"#FF8E3C","color_ynet":"#F90000","TOTAL_BZB":378}},{"type":"Feature","geometry":{"type":"Polygon","coordinates":[[[34.918149,31.821817],[34.931397,31.821817],[34.931397,31.833534],[34.918149,31.833534],[34.918149,31.821817],[34.918149,31.821817]]]},"id":864,"properties":{"r_סמל ועדה":2,"SHEM_YISHUV":"בקוע","SEMEL_YISHUV":864,"r_בזב":571,"r_מצביעים":476,"r_פסולים":4,"r_כשרים":472,"r_אמת":19,"r_ט":102,"r_כן":46,"r_ל":4,"r_מחל":191,"r_מרצ":8,"r_פה":62,"r_שס":26,"r_אחר":14,"max_party":"הליכוד","color_general":"#1C5BAD","color_ynet":"#1417AC","TOTAL_BZB":571}},{"type":"Feature","geometry":{"type":"Polygon","coordinates":[[[35.450502,32.24017],[35.457564,32.24017],[35.457564,32.245507],[35.450502,32.245507],[35.450502,32.24017],[35.450502,32.24017]]]},"id":3612,"properties":{"r_סמל ועדה":5,"SHEM_YISHUV":"בקעות","SEMEL_YISHUV":3612,"r_בזב":145,"r_מצביעים":104,"r_פסולים":0,"r_כשרים":104,"r_אמת":3,"r_ג":1,"r_ט":12,"r_כן":19,"r_ל":1,"r_מחל":37,"r_מרצ":1,"r_פה":21,"r_שס":4,"r_אחר":5,"max_party":"הליכוד","color_general":"#1C5BAD","color_ynet":"#1417AC","TOTAL_BZB":145}},{"type":"Feature","geometry":{"type":"Polygon","coordinates":[[[35.064884,31.725862],[35.077893,31.725862],[35.077893,31.734542],[35.064884,31.734542],[35.064884,31.725862],[35.064884,31.725862]]]},"id":823,"properties":{"r_סמל ועדה":2,"SHEM_YISHUV":"בר גיורא","SEMEL_YISHUV":823,"r_בזב":431,"r_מצביעים":332,"r_פסולים":0,"r_כשרים":332,"r_אמת":17,"r_ג":7,"r_ט":52,"r_כן":21,"r_ל":5,"r_מחל":153,"r_מרצ":8,"r_פה":35,"r_שס":24,"r_אחר":10,"max_party":"הליכוד","color_general":"#1C5BAD","color_ynet":"#1417AC","TOTAL_BZB":431}},{"type":"Feature","geometry":{"type":"Polygon","coordinates":[[[35.444344,32.994321],[35.452152,32.994321],[35.452152,33.001298],[35.444344,33.001298],[35.444344,32.994321],[35.444344,32.994321]]]},"id":1191,"properties":{"r_סמל ועדה":3,"SHEM_YISHUV":"בר יוחאי","SEMEL_YISHUV":1191,"r_בזב":712,"r_מצביעים":474,"r_פסולים":1,"r_כשרים":473,"r_ג":30,"r_ט":239,"r_כן":6,"r_מחל":99,"r_פה":3,"r_שס":72,"r_אחר":24,"max_party":"הציונות הדתית","color_general":"#A88461","color_ynet":"#5C97BF","TOTAL_BZB":712}},{"type":"Feature","geometry":{"type":"Polygon","coordinates":[[[35.084783,32.078095],[35.096526,32.078095],[35.096526,32.084436],[35.084783,32.084436],[35.084783,32.078095],[35.084783,32.078095]]]},"id":3744,"properties":{"r_סמל ועדה":19,"SHEM_YISHUV":"ברוכין","SEMEL_YISHUV":3744,"r_בזב":926,"r_מצביעים":772,"r_פסולים":0,"r_כשרים":772,"r_ג":6,"r_ט":632,"r_כן":4,"r_מחל":59,"r_שס":12,"r_אחר":59,"max_party":"הציונות הדתית","color_general":"#A88461","color_ynet":"#5C97BF","TOTAL_BZB":926}},{"type":"Feature","geometry":{"type":"Polygon","coordinates":[[[34.631982,31.553327],[34.654247,31.553327],[34.654247,31.561853],[34.631982,31.561853],[34.631982,31.553327],[34.631982,31.553327]]]},"id":428,"properties":{"r_סמל ועדה":17,"SHEM_YISHUV":"ברור חיל","SEMEL_YISHUV":428,"r_בזב":781,"r_מצביעים":515,"r_פסולים":1,"r_כשרים":514,"r_אמת":91,"r_ט":29,"r_כן":100,"r_ל":15,"r_מחל":61,"r_מרצ":31,"r_פה":176,"r_אחר":11,"max_party":"יש עתיד","color_general":"#FF8E3C","color_ynet":"#F90000","TOTAL_BZB":781}},{"type":"Feature","geometry":{"type":"Polygon","coordinates":[[[34.620872,31.358194],[34.642471,31.358194],[34.642471,31.375935],[34.620872,31.375935],[34.620872,31.358194],[34.620872,31.358194]]]},"id":2060,"properties":{"r_סמל ועדה":18,"SHEM_YISHUV":"ברוש","SEMEL_YISHUV":2060,"r_בזב":375,"r_מצביעים":286,"r_פסולים":0,"r_כשרים":286,"r_אמת":8,"r_ט":46,"r_כן":30,"r_ל":4,"r_מחל":151,"r_מרצ":3,"r_פה":18,"r_שס":23,"r_אחר":3,"max_party":"הליכוד","color_general":"#1C5BAD","color_ynet":"#1417AC","TOTAL_BZB":375}},{"type":"Feature","geometry":{"type":"Polygon","coordinates":[[[35.261328,32.189758],[35.268377,32.189758],[35.268377,32.196785],[35.261328,32.196785],[35.261328,32.189758],[35.261328,32.189758]]]},"id":3710,"properties":{"r_סמל ועדה":19,"SHEM_YISHUV":"ברכה","SEMEL_YISHUV":3710,"r_בזב":1327,"r_מצביעים":1131,"r_פסולים":2,"r_כשרים":1129,"r_ט":516,"r_מחל":571,"r_שס":7,"r_אחר":35,"max_party":"הליכוד","color_general":"#1C5BAD","color_ynet":"#1417AC","TOTAL_BZB":1327}},{"type":"Feature","geometry":{"type":"Polygon","coordinates":[[[34.612565,31.663416],[34.635474,31.663416],[34.635474,31.679211],[34.612565,31.679211],[34.612565,31.663416],[34.612565,31.663416]]]},"id":746,"properties":{"r_סמל ועדה":17,"SHEM_YISHUV":"ברכיה","SEMEL_YISHUV":746,"r_בזב":793,"r_מצביעים":694,"r_פסולים":1,"r_כשרים":693,"r_ג":21,"r_ט":218,"r_כן":17,"r_מחל":240,"r_פה":4,"r_שס":168,"r_אחר":25,"max_party":"הליכוד","color_general":"#1C5BAD","color_ynet":"#1417AC","TOTAL_BZB":793}},{"type":"Feature","geometry":{"type":"Polygon","coordinates":[[[35.430265,33.052225],[35.440226,33.052225],[35.440226,33.061419],[35.430265,33.061419],[35.430265,33.052225],[35.430265,33.052225]]]},"id":667,"properties":{"r_סמל ועדה":3,"SHEM_YISHUV":"ברעם","SEMEL_YISHUV":667,"r_בזב":547,"r_מצביעים":369,"r_פסולים":2,"r_כשרים":367,"r_אמת":43,"r_ום":4,"r_ט":3,"r_כן":39,"r_ל":3,"r_מחל":11,"r_מרצ":115,"r_פה":141,"r_שס":2,"r_אחר":6,"max_party":"יש עתיד","color_general":"#FF8E3C","color_ynet":"#F90000","TOTAL_BZB":547}},{"type":"Feature","geometry":{"type":"Polygon","coordinates":[[[35.257154,32.536764],[35.270886,32.536764],[35.270886,32.546716],[35.257154,32.546716],[35.257154,32.536764],[35.257154,32.536764]]]},"id":141,"properties":{"r_סמל ועדה":5,"SHEM_YISHUV":"ברק","SEMEL_YISHUV":141,"r_בזב":297,"r_מצביעים":220,"r_פסולים":1,"r_כשרים":219,"r_אמת":8,"r_ט":33,"r_כן":41,"r_מחל":80,"r_פה":39,"r_שס":10,"r_אחר":8,"max_party":"הליכוד","color_general":"#1C5BAD","color_ynet":"#1417AC","TOTAL_BZB":297}},{"type":"Feature","geometry":{"type":"Polygon","coordinates":[[[35.022971,32.472026],[35.034026,32.472026],[35.034026,32.478104],[35.022971,32.478104],[35.022971,32.472026],[35.022971,32.472026]]]},"id":617,"properties":{"r_סמל ועדה":9,"SHEM_YISHUV":"ברקאי","SEMEL_YISHUV":617,"r_בזב":535,"r_מצביעים":336,"r_פסולים":3,"r_כשרים":333,"r_אמת":43,"r_ום":2,"r_ט":4,"r_כן":27,"r_ל":2,"r_מחל":7,"r_מרצ":123,"r_פה":113,"r_אחר":12,"max_party":"מרצ","color_general":"#FC60C3","color_ynet":"#71BF45","TOTAL_BZB":535}},{"type":"Feature","geometry":{"type":"Polygon","coordinates":[[[35.102409,32.103611],[35.11022,32.103611],[35.11022,32.114947],[35.102409,32.114947],[35.102409,32.103611],[35.102409,32.103611]]]},"id":3654,"properties":{"r_סמל ועדה":19,"SHEM_YISHUV":"ברקן","SEMEL_YISHUV":3654,"r_בזב":1511,"r_מצביעים":1058,"r_פסולים":5,"r_כשרים":1053,"r_אמת":11,"r_ט":175,"r_כן":106,"r_ל":49,"r_מחל":491,"r_מרצ":7,"r_פה":133,"r_אחר":81,"max_party":"הליכוד","color_general":"#1C5BAD","color_ynet":"#1417AC","TOTAL_BZB":1511}},{"type":"Feature","geometry":{"type":"Polygon","coordinates":[[[34.940113,32.009457],[34.950538,32.009457],[34.950538,32.023457],[34.940113,32.023457],[34.940113,32.009457],[34.940113,32.009457]]]},"id":2038,"properties":{"r_סמל ועדה":11,"SHEM_YISHUV":"ברקת","SEMEL_YISHUV":2038,"r_בזב":1205,"r_מצביעים":1012,"r_פסולים":1,"r_כשרים":1011,"r_ג":19,"r_ט":503,"r_כן":12,"r_מחל":291,"r_פה":9,"r_שס":160,"r_אחר":17,"max_party":"הציונות הדתית","color_general":"#A88461","color_ynet":"#5C97BF","TOTAL_BZB":1205}},{"type":"Feature","geometry":{"type":"Polygon","coordinates":[[[34.592732,31.641829],[34.599219,31.641829],[34.599219,31.65031],[34.592732,31.65031],[34.592732,31.641829],[34.592732,31.641829]]]},"id":1323,"properties":{"r_סמל ועדה":17,"SHEM_YISHUV":"בת הדר","SEMEL_YISHUV":1323,"r_בזב":511,"r_מצביעים":407,"r_פסולים":2,"r_כשרים":405,"r_אמת":8,"r_ג":5,"r_ט":33,"r_כן":59,"r_ל":12,"r_מחל":167,"r_מרצ":4,"r_פה":84,"r_שס":28,"r_אחר":5,"max_party":"הליכוד","color_general":"#1C5BAD","color_ynet":"#1417AC","TOTAL_BZB":511}},{"type":"Feature","geometry":{"type":"Polygon","coordinates":[[[34.867032,32.358287],[34.876018,32.358287],[34.876018,32.362468],[34.867032,32.362468],[34.867032,32.358287],[34.867032,32.358287]]]},"id":1361,"properties":{"r_סמל ועדה":10,"SHEM_YISHUV":"בת חן","SEMEL_YISHUV":1361,"r_בזב":395,"r_מצביעים":234,"r_פסולים":0,"r_כשרים":234,"r_אמת":20,"r_ום":2,"r_ט":9,"r_כן":27,"r_ל":6,"r_מחל":21,"r_מרצ":14,"r_פה":123,"r_אחר":12,"max_party":"יש עתיד","color_general":"#FF8E3C","color_ynet":"#F90000","TOTAL_BZB":395}},{"type":"Feature","geometry":{"type":"Polygon","coordinates":[[[35.00904,32.32464],[35.016526,32.32464],[35.016526,32.341164],[35.00904,32.341164],[35.00904,32.32464],[35.00904,32.32464]]]},"id":1319,"properties":{"r_סמל ועדה":10,"SHEM_YISHUV":"בת חפר","SEMEL_YISHUV":1319,"r_בזב":4193,"r_מצביעים":3030,"r_פסולים":4,"r_כשרים":3026,"r_אמת":197,"r_ט":191,"r_כן":517,"r_ל":78,"r_מחל":519,"r_מרצ":143,"r_פה":1237,"r_שס":45,"r_אחר":99,"max_party":"יש עתיד","color_general":"#FF8E3C","color_ynet":"#F90000","TOTAL_BZB":4193}},{"type":"Feature","geometry":{"type":"Polygon","coordinates":[[[34.733066,31.992483],[34.761962,31.992483],[34.761962,32.033495],[34.733066,32.033495],[34.733066,31.992483],[34.733066,31.992483]]]},"id":6200,"properties":{"r_סמל ועדה":16,"SHEM_YISHUV":"בת ים","SEMEL_YISHUV":6200,"r_בזב":124742,"r_מצביעים":63317,"r_פסולים":556,"r_כשרים":62761,"r_אמת":1172,"r_ג":679,"r_ט":6783,"r_כן":5171,"r_ל":6981,"r_מחל":22416,"r_מרצ":653,"r_פה":11124,"r_שס":6129,"r_אחר":1653,"max_party":"הליכוד","color_general":"#1C5BAD","color_ynet":"#1417AC","TOTAL_BZB":124742}},{"type":"Feature","geometry":{"type":"Polygon","coordinates":[[[35.095559,31.652614],[35.10958,31.652614],[35.10958,31.66108],[35.095559,31.66108],[35.095559,31.652614],[35.095559,31.652614]]]},"id":3794,"properties":{"r_סמל ועדה":2,"SHEM_YISHUV":"בת עין","SEMEL_YISHUV":3794,"r_בזב":960,"r_מצביעים":600,"r_פסולים":6,"r_כשרים":594,"r_ג":24,"r_ט":435,"r_מחל":58,"r_שס":40,"r_אחר":37,"max_party":"הציונות הדתית","color_general":"#A88461","color_ynet":"#5C97BF","TOTAL_BZB":960}},{"type":"Feature","geometry":{"type":"Polygon","coordinates":[[[34.997375,32.59491],[35.007165,32.59491],[35.007165,32.606346],[34.997375,32.606346],[34.997375,32.59491],[34.997375,32.59491]]]},"id":33,"properties":{"r_סמל ועדה":9,"SHEM_YISHUV":"בת שלמה","SEMEL_YISHUV":33,"r_בזב":439,"r_מצביעים":324,"r_פסולים":1,"r_כשרים":323,"r_אמת":31,"r_ג":2,"r_ט":17,"r_כן":47,"r_ל":9,"r_מחל":53,"r_מרצ":28,"r_פה":119,"r_אחר":17,"max_party":"יש עתיד","color_general":"#FF8E3C","color_ynet":"#F90000","TOTAL_BZB":439}},{"type":"Feature","geometry":{"type":"Polygon","coordinates":[[[35.120775,32.914342],[35.163807,32.914342],[35.163807,32.948206],[35.120775,32.948206],[35.120775,32.914342],[35.120775,32.914342]]]},"id":1292,"properties":{"r_סמל ועדה":6,"SHEM_YISHUV":"ג'דיידה-מכר","SEMEL_YISHUV":1292,"r_בזב":15255,"r_מצביעים":8182,"r_פסולים":67,"r_כשרים":8115,"r_ום":3397,"r_מחל":79,"r_מרצ":92,"r_עם":1767,"r_פה":57,"r_אחר":2723,"max_party":"חד\"ש תע\"ל","color_general":"#58C879","color_ynet":"#FFC37B","TOTAL_BZB":15255}},{"type":"Feature","geometry":{"type":"Polygon","coordinates":[[[35.161055,32.932247],[35.199532,32.932247],[35.199532,32.950802],[35.161055,32.950802],[35.161055,32.932247],[35.161055,32.932247]]]},"id":485,"properties":{"r_סמל ועדה":6,"SHEM_YISHUV":"ג'ולס","SEMEL_YISHUV":485,"r_בזב":4974,"r_מצביעים":2674,"r_פסולים":46,"r_כשרים":2628,"r_אמת":62,"r_ום":27,"r_כן":582,"r_ל":832,"r_מחל":397,"r_מרצ":152,"r_עם":37,"r_פה":384,"r_שס":95,"r_אחר":60,"max_party":"ישראל ביתנו","color_general":"#69D1E5","color_ynet":"#FFA1A1","TOTAL_BZB":4974}},{"type":"Feature","geometry":{"type":"Polygon","coordinates":[[[34.934114,32.140606],[34.962263,32.140606],[34.962263,32.158277],[34.934114,32.158277],[34.934114,32.140606],[34.934114,32.140606]]]},"id":627,"properties":{"r_סמל ועדה":19,"SHEM_YISHUV":"ג'לג'וליה","SEMEL_YISHUV":627,"r_בזב":6876,"r_מצביעים":4779,"r_פסולים":33,"r_כשרים":4746,"r_ום":942,"r_מרצ":25,"r_עם":2900,"r_אחר":879,"max_party":"רע\"מ","color_general":"#F7C94C","color_ynet":"#FE9601","TOTAL_BZB":6876}},{"type":"Feature","geometry":{"type":"Polygon","coordinates":[[[35.028212,31.223475],[35.032765,31.223475],[35.032765,31.225765],[35.028212,31.225765],[35.028212,31.223475],[35.028212,31.223475]]]},"id":976,"properties":{"r_סמל ועדה":18,"SHEM_YISHUV":"ג'נאביב (שבט)","SEMEL_YISHUV":976,"r_בזב":564,"r_מצביעים":230,"r_פסולים":2,"r_כשרים":228,"r_ום":23,"r_כן":7,"r_מחל":3,"r_מרצ":2,"r_עם":175,"r_אחר":18,"max_party":"רע\"מ","color_general":"#F7C94C","color_ynet":"#FE9601","TOTAL_BZB":564}},{"type":"Feature","geometry":{"type":"Polygon","coordinates":[[[34.900331,32.529513],[34.9163,32.529513],[34.9163,32.547517],[34.900331,32.547517],[34.900331,32.529513],[34.900331,32.529513]]]},"id":541,"properties":{"r_סמל ועדה":9,"SHEM_YISHUV":"ג'סר א-זרקא","SEMEL_YISHUV":541,"r_בזב":9560,"r_מצביעים":4147,"r_פסולים":39,"r_כשרים":4108,"r_אמת":28,"r_ום":1692,"r_מחל":50,"r_מרצ":68,"r_עם":1316,"r_אחר":954,"max_party":"חד\"ש תע\"ל","color_general":"#58C879","color_ynet":"#FFC37B","TOTAL_BZB":9560}},{"type":"Feature","geometry":{"type":"Polygon","coordinates":[[[35.406511,33.005371],[35.455072,33.005371],[35.455072,33.041422],[35.406511,33.041422],[35.406511,33.005371],[35.406511,33.005371]]]},"id":487,"properties":{"r_סמל ועדה":3,"SHEM_YISHUV":"ג'ש (גוש חלב)","SEMEL_YISHUV":487,"r_בזב":2563,"r_מצביעים":1271,"r_פסולים":8,"r_כשרים":1263,"r_אמת":41,"r_ום":457,"r_כן":32,"r_מחל":36,"r_מרצ":107,"r_עם":143,"r_פה":86,"r_אחר":361,"max_party":"חד\"ש תע\"ל","color_general":"#58C879","color_ynet":"#FFC37B","TOTAL_BZB":2563}},{"type":"Feature","geometry":{"type":"Polygon","coordinates":[[[35.007056,32.38698],[35.054446,32.38698],[35.054446,32.419017],[35.007056,32.419017],[35.007056,32.38698],[35.007056,32.38698]]]},"id":628,"properties":{"r_סמל ועדה":9,"SHEM_YISHUV":"ג'ת","SEMEL_YISHUV":628,"r_בזב":8694,"r_מצביעים":3463,"r_פסולים":49,"r_כשרים":3414,"r_ום":868,"r_מחל":23,"r_מרצ":38,"r_עם":881,"r_אחר":1604,"max_party":"אחר","color_general":"#F7C94C","color_ynet":"#FE9601","TOTAL_BZB":8694}},{"type":"Feature","geometry":{"type":"Polygon","coordinates":[[[34.897837,32.386199],[34.904643,32.386199],[34.904643,32.396077],[34.897837,32.396077],[34.897837,32.386199],[34.897837,32.386199]]]},"id":872,"properties":{"r_סמל ועדה":10,"SHEM_YISHUV":"גאולי תימן","SEMEL_YISHUV":872,"r_בזב":252,"r_מצביעים":193,"r_פסולים":1,"r_כשרים":192,"r_אמת":8,"r_ג":1,"r_ום":15,"r_ט":28,"r_כן":10,"r_מחל":82,"r_מרצ":3,"r_עם":2,"r_פה":24,"r_שס":5,"r_אחר":14,"max_party":"הליכוד","color_general":"#1C5BAD","color_ynet":"#1417AC","TOTAL_BZB":252}},{"type":"Feature","geometry":{"type":"Polygon","coordinates":[[[34.934156,32.290121],[34.958411,32.290121],[34.958411,32.30552],[34.934156,32.30552],[34.934156,32.290121],[34.934156,32.290121]]]},"id":379,"properties":{"r_סמל ועדה":10,"SHEM_YISHUV":"גאולים","SEMEL_YISHUV":379,"r_בזב":721,"r_מצביעים":529,"r_פסולים":1,"r_כשרים":528,"r_אמת":26,"r_ט":71,"r_כן":75,"r_ל":4,"r_מחל":163,"r_מרצ":10,"r_פה":125,"r_שס":26,"r_אחר":28,"max_party":"הליכוד","color_general":"#1C5BAD","color_ynet":"#1417AC","TOTAL_BZB":721}},{"type":"Feature","geometry":{"type":"Polygon","coordinates":[[[34.756455,31.875107],[34.776083,31.875107],[34.776083,31.895208],[34.756455,31.895208],[34.756455,31.875107],[34.756455,31.875107]]]},"id":853,"properties":{"r_סמל ועדה":13,"SHEM_YISHUV":"גאליה","SEMEL_YISHUV":853,"r_בזב":820,"r_מצביעים":604,"r_פסולים":5,"r_כשרים":599,"r_אמת":34,"r_ט":28,"r_כן":111,"r_ל":20,"r_מחל":106,"r_מרצ":21,"r_פה":258,"r_אחר":21,"max_party":"יש עתיד","color_general":"#FF8E3C","color_ynet":"#F90000","TOTAL_BZB":820}},{"type":"Feature","geometry":{"type":"Polygon","coordinates":[[[34.460518,31.206711],[34.470282,31.206711],[34.470282,31.213534],[34.460518,31.213534],[34.460518,31.206711],[34.460518,31.206711]]]},"id":352,"properties":{"r_סמל ועדה":18,"SHEM_YISHUV":"גבולות","SEMEL_YISHUV":352,"r_בזב":333,"r_מצביעים":194,"r_פסולים":0,"r_כשרים":194,"r_אמת":26,"r_ום":2,"r_ט":7,"r_כן":23,"r_ל":7,"r_מחל":6,"r_מרצ":46,"r_פה":74,"r_אחר":3,"max_party":"יש עתיד","color_general":"#FF8E3C","color_ynet":"#F90000","TOTAL_BZB":333}},{"type":"Feature","geometry":{"type":"Polygon","coordinates":[[[34.58706,31.502065],[34.603623,31.502065],[34.603623,31.513118],[34.58706,31.513118],[34.58706,31.502065],[34.58706,31.502065]]]},"id":424,"properties":{"r_סמל ועדה":17,"SHEM_YISHUV":"גבים","SEMEL_YISHUV":424,"r_בזב":474,"r_מצביעים":331,"r_פסולים":3,"r_כשרים":328,"r_אמת":76,"r_ט":13,"r_כן":71,"r_ל":6,"r_מחל":21,"r_מרצ":35,"r_פה":95,"r_שס":2,"r_אחר":9,"max_party":"יש עתיד","color_general":"#FF8E3C","color_ynet":"#F90000","TOTAL_BZB":474}},{"type":"Feature","geometry":{"type":"Polygon","coordinates":[[[35.368393,32.562625],[35.378393,32.562625],[35.378393,32.570087],[35.368393,32.570087],[35.368393,32.562625],[35.368393,32.562625]]]},"id":86,"properties":{"r_סמל ועדה":5,"SHEM_YISHUV":"גבע","SEMEL_YISHUV":86,"r_בזב":514,"r_מצביעים":351,"r_פסולים":0,"r_כשרים":351,"r_אמת":90,"r_כן":56,"r_ל":6,"r_מחל":9,"r_מרצ":24,"r_פה":160,"r_אחר":6,"max_party":"יש עתיד","color_general":"#FF8E3C","color_ynet":"#F90000","TOTAL_BZB":514}},{"type":"Feature","geometry":{"type":"Polygon","coordinates":[[[35.267086,31.845829],[35.292708,31.845829],[35.292708,31.852388],[35.267086,31.852388],[35.267086,31.845829],[35.267086,31.845829]]]},"id":3763,"properties":{"r_סמל ועדה":2,"SHEM_YISHUV":"גבע בנימין","SEMEL_YISHUV":3763,"r_בזב":3518,"r_מצביעים":2566,"r_פסולים":10,"r_כשרים":2556,"r_אמת":15,"r_ג":42,"r_ט":857,"r_כן":84,"r_ל":42,"r_מחל":800,"r_פה":86,"r_שס":561,"r_אחר":69,"max_party":"הציונות הדתית","color_general":"#A88461","color_ynet":"#5C97BF","TOTAL_BZB":3518}},{"type":"Feature","geometry":{"type":"Polygon","coordinates":[[[34.948582,32.653641],[34.961006,32.653641],[34.961006,32.672126],[34.948582,32.672126],[34.948582,32.653641],[34.948582,32.653641]]]},"id":683,"properties":{"r_סמל ועדה":9,"SHEM_YISHUV":"גבע כרמל","SEMEL_YISHUV":683,"r_בזב":729,"r_מצביעים":550,"r_פסולים":0,"r_כשרים":550,"r_אמת":49,"r_ט":48,"r_כן":106,"r_מחל":136,"r_מרצ":15,"r_פה":178,"r_שס":6,"r_אחר":12,"max_party":"יש עתיד","color_general":"#FF8E3C","color_ynet":"#F90000","TOTAL_BZB":729}},{"type":"Feature","geometry":{"type":"Polygon","coordinates":[[[34.583714,31.389667],[34.597628,31.389667],[34.597628,31.403705],[34.583714,31.403705],[34.583714,31.389667],[34.583714,31.389667]]]},"id":2014,"properties":{"r_סמל ועדה":18,"SHEM_YISHUV":"גבעולים","SEMEL_YISHUV":2014,"r_בזב":316,"r_מצביעים":261,"r_פסולים":1,"r_כשרים":260,"r_ט":39,"r_כן":9,"r_מחל":174,"r_פה":6,"r_שס":30,"r_אחר":2,"max_party":"הליכוד","color_general":"#1C5BAD","color_ynet":"#1417AC","TOTAL_BZB":316}},{"type":"Feature","geometry":{"type":"Polygon","coordinates":[[[35.154194,31.845515],[35.161823,31.845515],[35.161823,31.851052],[35.154194,31.851052],[35.154194,31.845515],[35.154194,31.845515]]]},"id":3644,"properties":{"r_סמל ועדה":2,"SHEM_YISHUV":"גבעון החדשה","SEMEL_YISHUV":3644,"r_בזב":958,"r_מצביעים":650,"r_פסולים":4,"r_כשרים":646,"r_אמת":18,"r_ט":91,"r_כן":91,"r_ל":36,"r_מחל":222,"r_מרצ":10,"r_פה":107,"r_שס":20,"r_אחר":51,"max_party":"הליכוד","color_general":"#1C5BAD","color_ynet":"#1417AC","TOTAL_BZB":958}},{"type":"Feature","geometry":{"type":"Polygon","coordinates":[[[34.752067,31.35316],[34.764658,31.35316],[34.764658,31.359854],[34.752067,31.359854],[34.752067,31.35316],[34.752067,31.35316]]]},"id":1344,"properties":{"r_סמל ועדה":18,"SHEM_YISHUV":"גבעות בר","SEMEL_YISHUV":1344,"r_בזב":703,"r_מצביעים":552,"r_פסולים":1,"r_כשרים":551,"r_אמת":25,"r_ט":95,"r_כן":120,"r_ל":10,"r_מחל":146,"r_מרצ":6,"r_פה":119,"r_שס":7,"r_אחר":23,"max_party":"הליכוד","color_general":"#1C5BAD","color_ynet":"#1417AC","TOTAL_BZB":703}},{"type":"Feature","geometry":{"type":"Polygon","coordinates":[[[35.432786,32.769685],[35.442884,32.769685],[35.442884,32.779421],[35.432786,32.779421],[35.432786,32.769685],[35.432786,32.769685]]]},"id":1293,"properties":{"r_סמל ועדה":4,"SHEM_YISHUV":"גבעת אבני","SEMEL_YISHUV":1293,"r_בזב":1723,"r_מצביעים":1191,"r_פסולים":4,"r_כשרים":1187,"r_אמת":22,"r_ט":166,"r_כן":180,"r_ל":27,"r_מחל":413,"r_מרצ":21,"r_פה":248,"r_שס":62,"r_אחר":48,"max_party":"הליכוד","color_general":"#1C5BAD","color_ynet":"#1417AC","TOTAL_BZB":1723}},{"type":"Feature","geometry":{"type":"Polygon","coordinates":[[[35.237507,32.716473],[35.25105,32.716473],[35.25105,32.726531],[35.237507,32.726531],[35.237507,32.716473],[35.237507,32.716473]]]},"id":1288,"properties":{"r_סמל ועדה":5,"SHEM_YISHUV":"גבעת אלה","SEMEL_YISHUV":1288,"r_בזב":1567,"r_מצביעים":1137,"r_פסולים":2,"r_כשרים":1135,"r_אמת":123,"r_ט":24,"r_כן":148,"r_ל":20,"r_מחל":112,"r_מרצ":117,"r_פה":560,"r_שס":7,"r_אחר":24,"max_party":"יש עתיד","color_general":"#FF8E3C","color_ynet":"#F90000","TOTAL_BZB":1567}},{"type":"Feature","geometry":{"type":"Polygon","coordinates":[[[34.790916,31.856118],[34.814521,31.856118],[34.814521,31.873298],[34.790916,31.873298],[34.790916,31.856118],[34.790916,31.856118]]]},"id":147,"properties":{"r_סמל ועדה":13,"SHEM_YISHUV":"גבעת ברנר","SEMEL_YISHUV":147,"r_בזב":1923,"r_מצביעים":1430,"r_פסולים":3,"r_כשרים":1427,"r_אמת":266,"r_ט":38,"r_כן":232,"r_ל":17,"r_מחל":131,"r_מרצ":130,"r_פה":564,"r_שס":11,"r_אחר":38,"max_party":"יש עתיד","color_general":"#FF8E3C","color_ynet":"#F90000","TOTAL_BZB":1923}},{"type":"Feature","geometry":{"type":"Polygon","coordinates":[[[34.917041,32.091478],[34.929348,32.091478],[34.929348,32.103281],[34.917041,32.103281],[34.917041,32.091478],[34.917041,32.091478]]]},"id":870,"properties":{"r_סמל ועדה":11,"SHEM_YISHUV":"גבעת השלושה","SEMEL_YISHUV":870,"r_בזב":531,"r_מצביעים":412,"r_פסולים":1,"r_כשרים":411,"r_אמת":77,"r_ג":3,"r_ט":12,"r_כן":73,"r_ל":12,"r_מחל":38,"r_מרצ":33,"r_פה":150,"r_שס":5,"r_אחר":8,"max_party":"יש עתיד","color_general":"#FF8E3C","color_ynet":"#F90000","TOTAL_BZB":531}},{"type":"Feature","geometry":{"type":"Polygon","coordinates":[[[35.135537,31.824981],[35.191745,31.824981],[35.191745,31.869714],[35.135537,31.869714],[35.135537,31.824981],[35.135537,31.824981]]]},"id":3730,"properties":{"r_סמל ועדה":2,"SHEM_YISHUV":"גבעת זאב","SEMEL_YISHUV":3730,"r_בזב":12613,"r_מצביעים":9703,"r_פסולים":40,"r_כשרים":9663,"r_אמת":71,"r_ג":1917,"r_ט":1840,"r_כן":404,"r_ל":92,"r_מחל":2218,"r_פה":429,"r_שס":2459,"r_אחר":233,"max_party":"ש\"ס","color_general":"#6C7CA5","color_ynet":"#995700","TOTAL_BZB":12613}},{"type":"Feature","geometry":{"type":"Polygon","coordinates":[[[34.868151,32.162881],[34.880166,32.162881],[34.880166,32.172661],[34.868151,32.172661],[34.868151,32.162881],[34.868151,32.162881]]]},"id":207,"properties":{"r_סמל ועדה":19,"SHEM_YISHUV":"גבעת ח\"ן","SEMEL_YISHUV":207,"r_בזב":285,"r_מצביעים":235,"r_פסולים":0,"r_כשרים":235,"r_אמת":29,"r_ט":6,"r_כן":47,"r_מחל":19,"r_מרצ":29,"r_פה":93,"r_אחר":12,"max_party":"יש עתיד","color_general":"#FF8E3C","color_ynet":"#F90000","TOTAL_BZB":285}},{"type":"Feature","geometry":{"type":"Polygon","coordinates":[[[34.925997,32.394451],[34.937439,32.394451],[34.937439,32.403987],[34.925997,32.403987],[34.925997,32.394451],[34.925997,32.394451]]]},"id":2018,"properties":{"r_סמל ועדה":10,"SHEM_YISHUV":"גבעת חיים (איחוד)","SEMEL_YISHUV":2018,"r_בזב":1004,"r_מצביעים":740,"r_פסולים":4,"r_כשרים":736,"r_אמת":279,"r_כן":79,"r_ל":6,"r_מחל":19,"r_מרצ":81,"r_עם":4,"r_פה":252,"r_אחר":16,"max_party":"העבודה","color_general":"#FC6B60","color_ynet":"#B20404","TOTAL_BZB":1004}},{"type":"Feature","geometry":{"type":"Polygon","coordinates":[[[34.92223,32.385071],[34.937066,32.385071],[34.937066,32.396967],[34.92223,32.396967],[34.92223,32.385071],[34.92223,32.385071]]]},"id":173,"properties":{"r_סמל ועדה":10,"SHEM_YISHUV":"גבעת חיים (מאוחד)","SEMEL_YISHUV":173,"r_בזב":917,"r_מצביעים":672,"r_פסולים":2,"r_כשרים":670,"r_אמת":167,"r_ט":21,"r_כן":74,"r_ל":8,"r_מחל":32,"r_מרצ":109,"r_פה":235,"r_אחר":24,"max_party":"יש עתיד","color_general":"#FF8E3C","color_ynet":"#F90000","TOTAL_BZB":917}},{"type":"Feature","geometry":{"type":"Polygon","coordinates":[[[35.676847,32.79184],[35.687122,32.79184],[35.687122,32.80503],[35.676847,32.80503],[35.676847,32.79184],[35.676847,32.79184]]]},"id":4021,"properties":{"r_סמל ועדה":4,"SHEM_YISHUV":"גבעת יואב","SEMEL_YISHUV":4021,"r_בזב":492,"r_מצביעים":354,"r_פסולים":2,"r_כשרים":352,"r_אמת":36,"r_ט":30,"r_כן":68,"r_ל":8,"r_מחל":52,"r_מרצ":14,"r_פה":125,"r_שס":2,"r_אחר":17,"max_party":"יש עתיד","color_general":"#FF8E3C","color_ynet":"#F90000","TOTAL_BZB":492}},{"type":"Feature","geometry":{"type":"Polygon","coordinates":[[[35.083328,31.783697],[35.105055,31.783697],[35.105055,31.791056],[35.083328,31.791056],[35.083328,31.783697],[35.083328,31.783697]]]},"id":787,"properties":{"r_סמל ועדה":2,"SHEM_YISHUV":"גבעת יערים","SEMEL_YISHUV":787,"r_בזב":916,"r_מצביעים":653,"r_פסולים":3,"r_כשרים":650,"r_אמת":46,"r_ג":7,"r_ט":95,"r_כן":89,"r_ל":12,"r_מחל":210,"r_מרצ":48,"r_פה":92,"r_שס":30,"r_אחר":21,"max_party":"הליכוד","color_general":"#1C5BAD","color_ynet":"#1417AC","TOTAL_BZB":916}},{"type":"Feature","geometry":{"type":"Polygon","coordinates":[[[34.93533,31.665138],[34.959388,31.665138],[34.959388,31.676556],[34.93533,31.676556],[34.93533,31.665138],[34.93533,31.665138]]]},"id":919,"properties":{"r_סמל ועדה":2,"SHEM_YISHUV":"גבעת ישעיהו","SEMEL_YISHUV":919,"r_בזב":506,"r_מצביעים":367,"r_פסולים":1,"r_כשרים":366,"r_אמת":50,"r_ג":2,"r_ום":5,"r_ט":30,"r_כן":58,"r_ל":5,"r_מחל":52,"r_מרצ":39,"r_פה":102,"r_שס":10,"r_אחר":13,"max_party":"יש עתיד","color_general":"#FF8E3C","color_ynet":"#F90000","TOTAL_BZB":506}},{"type":"Feature","geometry":{"type":"Polygon","coordinates":[[[34.927622,32.022579],[34.943306,32.022579],[34.943306,32.038599],[34.927622,32.038599],[34.927622,32.022579],[34.927622,32.022579]]]},"id":802,"properties":{"r_סמל ועדה":11,"SHEM_YISHUV":"גבעת כ\"ח","SEMEL_YISHUV":802,"r_בזב":640,"r_מצביעים":508,"r_פסולים":1,"r_כשרים":507,"r_אמת":16,"r_ג":7,"r_ט":101,"r_כן":51,"r_ל":6,"r_מחל":204,"r_מרצ":5,"r_פה":71,"r_שס":28,"r_אחר":18,"max_party":"הליכוד","color_general":"#1C5BAD","color_ynet":"#1417AC","TOTAL_BZB":640}},{"type":"Feature","geometry":{"type":"Polygon","coordinates":[[[35.034052,32.543525],[35.048606,32.543525],[35.048606,32.552573],[35.034052,32.552573],[35.034052,32.543525],[35.034052,32.543525]]]},"id":360,"properties":{"r_סמל ועדה":9,"SHEM_YISHUV":"גבעת ניל\"י","SEMEL_YISHUV":360,"r_בזב":446,"r_מצביעים":341,"r_פסולים":1,"r_כשרים":340,"r_אמת":19,"r_ט":15,"r_כן":30,"r_ל":5,"r_מחל":156,"r_מרצ":14,"r_פה":85,"r_שס":3,"r_אחר":13,"max_party":"הליכוד","color_general":"#1C5BAD","color_ynet":"#1417AC","TOTAL_BZB":446}},{"type":"Feature","geometry":{"type":"Polygon","coordinates":[[[35.195211,32.550996],[35.201919,32.550996],[35.201919,32.559457],[35.195211,32.559457],[35.195211,32.550996],[35.195211,32.550996]]]},"id":703,"properties":{"r_סמל ועדה":5,"SHEM_YISHUV":"גבעת עוז","SEMEL_YISHUV":703,"r_בזב":409,"r_מצביעים":255,"r_פסולים":1,"r_כשרים":254,"r_אמת":37,"r_ט":8,"r_כן":47,"r_ל":4,"r_מחל":11,"r_מרצ":50,"r_פה":92,"r_אחר":5,"max_party":"יש עתיד","color_general":"#FF8E3C","color_ynet":"#F90000","TOTAL_BZB":409}},{"type":"Feature","geometry":{"type":"Polygon","coordinates":[[[34.843274,32.065741],[34.860309,32.065741],[34.860309,32.090243],[34.843274,32.090243],[34.843274,32.065741],[34.843274,32.065741]]]},"id":681,"properties":{"r_סמל ועדה":11,"SHEM_YISHUV":"גבעת שמואל","SEMEL_YISHUV":681,"r_בזב":20150,"r_מצביעים":15097,"r_פסולים":38,"r_כשרים":15059,"r_אמת":414,"r_ג":236,"r_ט":3607,"r_כן":1806,"r_ל":282,"r_מחל":3604,"r_מרצ":289,"r_פה":2196,"r_שס":1010,"r_אחר":1615,"max_party":"הציונות הדתית","color_general":"#A88461","color_ynet":"#5C97BF","TOTAL_BZB":20150}},{"type":"Feature","geometry":{"type":"Polygon","coordinates":[[[34.872356,32.354409],[34.878576,32.354409],[34.878576,32.360282],[34.872356,32.360282],[34.872356,32.354409],[34.872356,32.354409]]]},"id":1077,"properties":{"r_סמל ועדה":10,"SHEM_YISHUV":"גבעת שפירא","SEMEL_YISHUV":1077,"r_בזב":226,"r_מצביעים":177,"r_פסולים":0,"r_כשרים":177,"r_אמת":18,"r_ום":1,"r_ט":4,"r_כן":32,"r_ל":3,"r_מחל":7,"r_מרצ":13,"r_פה":92,"r_שס":2,"r_אחר":5,"max_party":"יש עתיד","color_general":"#FF8E3C","color_ynet":"#F90000","TOTAL_BZB":226}},{"type":"Feature","geometry":{"type":"Polygon","coordinates":[[[34.668472,31.72324],[34.689622,31.72324],[34.689622,31.740805],[34.668472,31.740805],[34.668472,31.72324],[34.668472,31.72324]]]},"id":793,"properties":{"r_סמל ועדה":17,"SHEM_YISHUV":"גבעתי","SEMEL_YISHUV":793,"r_בזב":677,"r_מצביעים":523,"r_פסולים":0,"r_כשרים":523,"r_אמת":5,"r_ג":11,"r_ט":84,"r_כן":90,"r_ל":3,"r_מחל":218,"r_מרצ":4,"r_פה":34,"r_שס":64,"r_אחר":10,"max_party":"הליכוד","color_general":"#1C5BAD","color_ynet":"#1417AC","TOTAL_BZB":677}},{"type":"Feature","geometry":{"type":"Polygon","coordinates":[[[34.797876,32.058414],[34.820753,32.058414],[34.820753,32.081802],[34.797876,32.081802],[34.797876,32.058414],[34.797876,32.058414]]]},"id":6300,"properties":{"r_סמל ועדה":15,"SHEM_YISHUV":"גבעתיים","SEMEL_YISHUV":6300,"r_בזב":49341,"r_מצביעים":34032,"r_פסולים":100,"r_כשרים":33932,"r_אמת":3556,"r_ום":173,"r_ט":1345,"r_כן":5053,"r_ל":1128,"r_מחל":5349,"r_מרצ":2903,"r_פה":12756,"r_שס":513,"r_אחר":1156,"max_party":"יש עתיד","color_general":"#FF8E3C","color_ynet":"#F90000","TOTAL_BZB":49341}},{"type":"Feature","geometry":{"type":"Polygon","coordinates":[[[34.605942,31.588046],[34.617407,31.588046],[34.617407,31.596211],[34.605942,31.596211],[34.605942,31.588046],[34.605942,31.588046]]]},"id":342,"properties":{"r_סמל ועדה":17,"SHEM_YISHUV":"גברעם","SEMEL_YISHUV":342,"r_בזב":419,"r_מצביעים":337,"r_פסולים":1,"r_כשרים":336,"r_אמת":27,"r_ט":13,"r_כן":70,"r_ל":14,"r_מחל":21,"r_מרצ":21,"r_פה":153,"r_שס":3,"r_אחר":14,"max_party":"יש עתיד","color_general":"#FF8E3C","color_ynet":"#F90000","TOTAL_BZB":419}},{"type":"Feature","geometry":{"type":"Polygon","coordinates":[[[35.202877,32.665469],[35.223253,32.665469],[35.223253,32.678598],[35.202877,32.678598],[35.202877,32.665469],[35.202877,32.665469]]]},"id":133,"properties":{"r_סמל ועדה":5,"SHEM_YISHUV":"גבת","SEMEL_YISHUV":133,"r_בזב":702,"r_מצביעים":569,"r_פסולים":1,"r_כשרים":568,"r_אמת":137,"r_ט":7,"r_כן":106,"r_ל":9,"r_מחל":18,"r_מרצ":41,"r_פה":239,"r_אחר":11,"max_party":"יש עתיד","color_general":"#FF8E3C","color_ynet":"#F90000","TOTAL_BZB":702}},{"type":"Feature","geometry":{"type":"Polygon","coordinates":[[[35.612986,33.012783],[35.625794,33.012783],[35.625794,33.023694],[35.612986,33.023694],[35.612986,33.012783],[35.612986,33.012783]]]},"id":35,"properties":{"r_סמל ועדה":3,"SHEM_YISHUV":"גדות","SEMEL_YISHUV":35,"r_בזב":377,"r_מצביעים":249,"r_פסולים":0,"r_כשרים":249,"r_אמת":53,"r_ט":3,"r_כן":42,"r_ל":3,"r_מחל":4,"r_מרצ":26,"r_פה":109,"r_אחר":9,"max_party":"יש עתיד","color_general":"#FF8E3C","color_ynet":"#F90000","TOTAL_BZB":377}},{"type":"Feature","geometry":{"type":"Polygon","coordinates":[[[35.239126,32.554966],[35.250426,32.554966],[35.250426,32.563766],[35.239126,32.563766],[35.239126,32.554966],[35.239126,32.554966]]]},"id":145,"properties":{"r_סמל ועדה":5,"SHEM_YISHUV":"גדיש","SEMEL_YISHUV":145,"r_בזב":283,"r_מצביעים":210,"r_פסולים":1,"r_כשרים":209,"r_אמת":3,"r_ג":2,"r_ט":25,"r_כן":3,"r_מחל":155,"r_פה":2,"r_שס":18,"max_party":"הליכוד","color_general":"#1C5BAD","color_ynet":"#1417AC","TOTAL_BZB":283}},{"type":"Feature","geometry":{"type":"Polygon","coordinates":[[[35.35665,32.546741],[35.361825,32.546741],[35.361825,32.55059],[35.35665,32.55059],[35.35665,32.546741],[35.35665,32.546741]]]},"id":442,"properties":{"r_סמל ועדה":5,"SHEM_YISHUV":"גדעונה","SEMEL_YISHUV":442,"r_בזב":320,"r_מצביעים":231,"r_פסולים":1,"r_כשרים":230,"r_אמת":6,"r_ג":27,"r_ט":39,"r_כן":13,"r_מחל":98,"r_מרצ":3,"r_פה":31,"r_שס":7,"r_אחר":6,"max_party":"הליכוד","color_general":"#1C5BAD","color_ynet":"#1417AC","TOTAL_BZB":320}},{"type":"Feature","geometry":{"type":"Polygon","coordinates":[[[34.759652,31.792714],[34.801013,31.792714],[34.801013,31.836351],[34.759652,31.836351],[34.759652,31.792714],[34.759652,31.792714]]]},"id":2550,"properties":{"r_סמל ועדה":13,"SHEM_YISHUV":"גדרה","SEMEL_YISHUV":2550,"r_בזב":19693,"r_מצביעים":14264,"r_פסולים":62,"r_כשרים":14202,"r_אמת":542,"r_ג":119,"r_ט":2091,"r_כן":1800,"r_ל":314,"r_מחל":4365,"r_מרצ":358,"r_פה":3424,"r_שס":783,"r_אחר":406,"max_party":"הליכוד","color_general":"#1C5BAD","color_ynet":"#1417AC","TOTAL_BZB":19693}},{"type":"Feature","geometry":{"type":"Polygon","coordinates":[[[35.640854,33.114548],[35.65142,33.114548],[35.65142,33.134343],[35.640854,33.134343],[35.640854,33.114548],[35.640854,33.114548]]]},"id":852,"properties":{"r_סמל ועדה":3,"SHEM_YISHUV":"גונן","SEMEL_YISHUV":852,"r_בזב":360,"r_מצביעים":225,"r_פסולים":2,"r_כשרים":223,"r_אמת":41,"r_ט":9,"r_כן":24,"r_ל":3,"r_מחל":13,"r_מרצ":29,"r_פה":90,"r_אחר":14,"max_party":"יש עתיד","color_general":"#FF8E3C","color_ynet":"#F90000","TOTAL_BZB":360}},{"type":"Feature","geometry":{"type":"Polygon","coordinates":[[[35.231599,33.053271],[35.246658,33.053271],[35.246658,33.063536],[35.231599,33.063536],[35.231599,33.053271],[35.231599,33.053271]]]},"id":755,"properties":{"r_סמל ועדה":6,"SHEM_YISHUV":"גורן","SEMEL_YISHUV":755,"r_בזב":344,"r_מצביעים":266,"r_פסולים":1,"r_כשרים":265,"r_אמת":4,"r_ט":42,"r_כן":12,"r_מחל":155,"r_פה":4,"r_שס":44,"r_אחר":4,"max_party":"הליכוד","color_general":"#1C5BAD","color_ynet":"#1417AC","TOTAL_BZB":344}},{"type":"Feature","geometry":{"type":"Polygon","coordinates":[[[35.244809,33.057206],[35.252979,33.057206],[35.252979,33.062923],[35.244809,33.062923],[35.244809,33.057206],[35.244809,33.057206]]]},"id":1219,"properties":{"r_סמל ועדה":6,"SHEM_YISHUV":"גורנות הגליל","SEMEL_YISHUV":1219,"r_בזב":199,"r_מצביעים":126,"r_פסולים":1,"r_כשרים":125,"r_אמת":2,"r_ג":1,"r_ט":15,"r_כן":9,"r_ל":6,"r_מחל":55,"r_מרצ":4,"r_פה":20,"r_שס":9,"r_אחר":4,"max_party":"הליכוד","color_general":"#1C5BAD","color_ynet":"#1417AC","TOTAL_BZB":199}},{"type":"Feature","geometry":{"type":"Polygon","coordinates":[[[35.441456,32.632898],[35.453839,32.632898],[35.453839,32.643061],[35.441456,32.643061],[35.441456,32.632898],[35.441456,32.632898]]]},"id":457,"properties":{"r_סמל ועדה":5,"SHEM_YISHUV":"גזית","SEMEL_YISHUV":457,"r_בזב":684,"r_מצביעים":469,"r_פסולים":0,"r_כשרים":469,"r_אמת":60,"r_ט":7,"r_כן":64,"r_ל":15,"r_מחל":12,"r_מרצ":118,"r_פה":173,"r_אחר":20,"max_party":"יש עתיד","color_general":"#FF8E3C","color_ynet":"#F90000","TOTAL_BZB":684}},{"type":"Feature","geometry":{"type":"Polygon","coordinates":[[[34.916586,31.872443],[34.925588,31.872443],[34.925588,31.87946],[34.916586,31.87946],[34.916586,31.872443],[34.916586,31.872443]]]},"id":370,"properties":{"r_סמל ועדה":12,"SHEM_YISHUV":"גזר","SEMEL_YISHUV":370,"r_בזב":399,"r_מצביעים":211,"r_פסולים":0,"r_כשרים":211,"r_אמת":39,"r_ום":4,"r_ט":4,"r_כן":25,"r_מחל":18,"r_מרצ":36,"r_פה":79,"r_אחר":6,"max_party":"יש עתיד","color_general":"#FF8E3C","color_ynet":"#F90000","TOTAL_BZB":399}},{"type":"Feature","geometry":{"type":"Polygon","coordinates":[[[34.589738,31.618756],[34.620368,31.618756],[34.620368,31.636249],[34.589738,31.636249],[34.589738,31.618756],[34.589738,31.618756]]]},"id":706,"properties":{"r_סמל ועדה":17,"SHEM_YISHUV":"גיאה","SEMEL_YISHUV":706,"r_בזב":574,"r_מצביעים":431,"r_פסולים":1,"r_כשרים":430,"r_אמת":34,"r_ט":37,"r_כן":65,"r_ל":6,"r_מחל":88,"r_מרצ":18,"r_פה":159,"r_שס":7,"r_אחר":16,"max_party":"יש עתיד","color_general":"#FF8E3C","color_ynet":"#F90000","TOTAL_BZB":574}},{"type":"Feature","geometry":{"type":"Polygon","coordinates":[[[34.79667,31.88583],[34.804032,31.88583],[34.804032,31.891635],[34.79667,31.891635],[34.79667,31.88583],[34.79667,31.88583]]]},"id":196,"properties":{"r_סמל ועדה":13,"SHEM_YISHUV":"גיבתון","SEMEL_YISHUV":196,"r_בזב":276,"r_מצביעים":216,"r_פסולים":0,"r_כשרים":216,"r_אמת":31,"r_ט":11,"r_כן":30,"r_ל":7,"r_מחל":22,"r_מרצ":12,"r_פה":99,"r_אחר":4,"max_party":"יש עתיד","color_general":"#FF8E3C","color_ynet":"#F90000","TOTAL_BZB":276}},{"type":"Feature","geometry":{"type":"Polygon","coordinates":[[[34.936419,31.803378],[34.941164,31.803378],[34.941164,31.806389],[34.936419,31.806389],[34.936419,31.803378],[34.936419,31.803378]]]},"id":1043,"properties":{"r_סמל ועדה":2,"SHEM_YISHUV":"גיזו","SEMEL_YISHUV":1043,"r_בזב":150,"r_מצביעים":119,"r_פסולים":0,"r_כשרים":119,"r_אמת":11,"r_ט":6,"r_כן":12,"r_ל":3,"r_מחל":46,"r_מרצ":11,"r_פה":25,"r_שס":3,"r_אחר":2,"max_party":"הליכוד","color_general":"#1C5BAD","color_ynet":"#1417AC","TOTAL_BZB":150}},{"type":"Feature","geometry":{"type":"Polygon","coordinates":[[[35.226799,32.899892],[35.244143,32.899892],[35.244143,32.908521],[35.226799,32.908521],[35.226799,32.899892],[35.226799,32.899892]]]},"id":1204,"properties":{"r_סמל ועדה":20,"SHEM_YISHUV":"גילון","SEMEL_YISHUV":1204,"r_בזב":937,"r_מצביעים":673,"r_פסולים":3,"r_כשרים":670,"r_אמת":58,"r_ט":14,"r_כן":111,"r_ל":29,"r_מחל":63,"r_מרצ":33,"r_פה":340,"r_אחר":22,"max_party":"יש עתיד","color_general":"#FF8E3C","color_ynet":"#F90000","TOTAL_BZB":937}},{"type":"Feature","geometry":{"type":"Polygon","coordinates":[[[34.638074,31.316952],[34.662972,31.316952],[34.662972,31.337403],[34.638074,31.337403],[34.638074,31.316952],[34.638074,31.316952]]]},"id":736,"properties":{"r_סמל ועדה":18,"SHEM_YISHUV":"גילת","SEMEL_YISHUV":736,"r_בזב":1119,"r_מצביעים":869,"r_פסולים":4,"r_כשרים":865,"r_אמת":12,"r_ג":5,"r_ט":209,"r_כן":109,"r_מחל":382,"r_פה":77,"r_שס":39,"r_אחר":32,"max_party":"הליכוד","color_general":"#1C5BAD","color_ynet":"#1417AC","TOTAL_BZB":1119}},{"type":"Feature","geometry":{"type":"Polygon","coordinates":[[[35.515635,32.842647],[35.532698,32.842647],[35.532698,32.856897],[35.515635,32.856897],[35.515635,32.842647],[35.515635,32.842647]]]},"id":262,"properties":{"r_סמל ועדה":4,"SHEM_YISHUV":"גינוסר","SEMEL_YISHUV":262,"r_בזב":557,"r_מצביעים":393,"r_פסולים":3,"r_כשרים":390,"r_אמת":63,"r_ט":16,"r_כן":51,"r_ל":7,"r_מחל":69,"r_מרצ":20,"r_פה":154,"r_שס":3,"r_אחר":7,"max_party":"יש עתיד","color_general":"#FF8E3C","color_ynet":"#F90000","TOTAL_BZB":557}},{"type":"Feature","geometry":{"type":"Polygon","coordinates":[[[35.25199,32.660766],[35.26708,32.660766],[35.26708,32.666961],[35.25199,32.666961],[35.25199,32.660766],[35.25199,32.660766]]]},"id":92,"properties":{"r_סמל ועדה":5,"SHEM_YISHUV":"גיניגר","SEMEL_YISHUV":92,"r_בזב":555,"r_מצביעים":365,"r_פסולים":4,"r_כשרים":361,"r_אמת":83,"r_ט":7,"r_כן":61,"r_ל":15,"r_מחל":25,"r_מרצ":47,"r_פה":114,"r_אחר":9,"max_party":"יש עתיד","color_general":"#FF8E3C","color_ynet":"#F90000","TOTAL_BZB":555}},{"type":"Feature","geometry":{"type":"Polygon","coordinates":[[[34.907046,31.95694],[34.920971,31.95694],[34.920971,31.969398],[34.907046,31.969398],[34.907046,31.95694],[34.907046,31.95694]]]},"id":863,"properties":{"r_סמל ועדה":12,"SHEM_YISHUV":"גינתון","SEMEL_YISHUV":863,"r_בזב":646,"r_מצביעים":504,"r_פסולים":2,"r_כשרים":502,"r_אמת":35,"r_ט":33,"r_כן":90,"r_ל":13,"r_מחל":95,"r_מרצ":14,"r_פה":193,"r_שס":15,"r_אחר":14,"max_party":"יש עתיד","color_general":"#FF8E3C","color_ynet":"#F90000","TOTAL_BZB":646}},{"type":"Feature","geometry":{"type":"Polygon","coordinates":[[[35.245482,32.965743],[35.25147,32.965743],[35.25147,32.969279],[35.245482,32.969279],[35.245482,32.965743],[35.245482,32.965743]]]},"id":1206,"properties":{"r_סמל ועדה":6,"SHEM_YISHUV":"גיתה","SEMEL_YISHUV":1206,"r_בזב":222,"r_מצביעים":145,"r_פסולים":1,"r_כשרים":144,"r_אמת":19,"r_ג":1,"r_ום":1,"r_ט":8,"r_כן":10,"r_ל":15,"r_מחל":30,"r_מרצ":8,"r_פה":43,"r_שס":1,"r_אחר":8,"max_party":"יש עתיד","color_general":"#FF8E3C","color_ynet":"#F90000","TOTAL_BZB":222}},{"type":"Feature","geometry":{"type":"Polygon","coordinates":[[[35.393625,32.099645],[35.398537,32.099645],[35.398537,32.104554],[35.393625,32.104554],[35.393625,32.099645],[35.393625,32.099645]]]},"id":3613,"properties":{"r_סמל ועדה":5,"SHEM_YISHUV":"גיתית","SEMEL_YISHUV":3613,"r_בזב":253,"r_מצביעים":191,"r_פסולים":0,"r_כשרים":191,"r_אמת":6,"r_ט":101,"r_כן":13,"r_ל":3,"r_מחל":39,"r_פה":9,"r_שס":1,"r_אחר":19,"max_party":"הציונות הדתית","color_general":"#A88461","color_ynet":"#5C97BF","TOTAL_BZB":253}},{"type":"Feature","geometry":{"type":"Polygon","coordinates":[[[34.842674,31.630043],[34.85373,31.630043],[34.85373,31.637118],[34.842674,31.637118],[34.842674,31.630043],[34.842674,31.630043]]]},"id":393,"properties":{"r_סמל ועדה":17,"SHEM_YISHUV":"גלאון","SEMEL_YISHUV":393,"r_בזב":480,"r_מצביעים":338,"r_פסולים":1,"r_כשרים":337,"r_אמת":39,"r_ט":3,"r_כן":49,"r_ל":2,"r_מחל":8,"r_מרצ":100,"r_פה":128,"r_אחר":8,"max_party":"יש עתיד","color_general":"#FF8E3C","color_ynet":"#F90000","TOTAL_BZB":480}},{"type":"Feature","geometry":{"type":"Polygon","coordinates":[[[35.442391,31.997956],[35.446859,31.997956],[35.446859,32.003191],[35.442391,32.003191],[35.442391,31.997956],[35.442391,31.997956]]]},"id":3606,"properties":{"r_סמל ועדה":2,"SHEM_YISHUV":"גלגל","SEMEL_YISHUV":3606,"r_בזב":158,"r_מצביעים":94,"r_פסולים":0,"r_כשרים":94,"r_אמת":5,"r_ט":15,"r_כן":12,"r_מחל":28,"r_מרצ":5,"r_פה":20,"r_שס":4,"r_אחר":5,"max_party":"הליכוד","color_general":"#1C5BAD","color_ynet":"#1417AC","TOTAL_BZB":158}},{"type":"Feature","geometry":{"type":"Polygon","coordinates":[[[34.82749,32.154391],[34.835051,32.154391],[34.835051,32.160009],[34.82749,32.160009],[34.82749,32.154391],[34.82749,32.154391]]]},"id":346,"properties":{"r_סמל ועדה":15,"SHEM_YISHUV":"גליל ים","SEMEL_YISHUV":346,"r_בזב":362,"r_מצביעים":279,"r_פסולים":1,"r_כשרים":278,"r_אמת":66,"r_ום":3,"r_ט":2,"r_כן":55,"r_ל":7,"r_מחל":8,"r_מרצ":21,"r_פה":95,"r_שס":10,"r_אחר":11,"max_party":"יש עתיד","color_general":"#FF8E3C","color_ynet":"#F90000","TOTAL_BZB":362}},{"type":"Feature","geometry":{"type":"Polygon","coordinates":[[[35.071347,32.553717],[35.080624,32.553717],[35.080624,32.560261],[35.071347,32.560261],[35.071347,32.553717],[35.071347,32.553717]]]},"id":369,"properties":{"r_סמל ועדה":5,"SHEM_YISHUV":"גלעד (אבן יצחק)","SEMEL_YISHUV":369,"r_בזב":368,"r_מצביעים":286,"r_פסולים":0,"r_כשרים":286,"r_אמת":52,"r_ט":9,"r_כן":44,"r_ל":9,"r_מחל":6,"r_מרצ":19,"r_פה":142,"r_אחר":5,"max_party":"יש עתיד","color_general":"#FF8E3C","color_ynet":"#F90000","TOTAL_BZB":368}},{"type":"Feature","geometry":{"type":"Polygon","coordinates":[[[34.933979,31.923439],[34.94883,31.923439],[34.94883,31.935227],[34.933979,31.935227],[34.933979,31.923439],[34.933979,31.923439]]]},"id":745,"properties":{"r_סמל ועדה":12,"SHEM_YISHUV":"גמזו","SEMEL_YISHUV":745,"r_בזב":692,"r_מצביעים":544,"r_פסולים":0,"r_כשרים":544,"r_אמת":9,"r_ג":9,"r_ט":239,"r_כן":46,"r_מחל":104,"r_פה":16,"r_שס":24,"r_אחר":97,"max_party":"הציונות הדתית","color_general":"#A88461","color_ynet":"#5C97BF","TOTAL_BZB":692}},{"type":"Feature","geometry":{"type":"Polygon","coordinates":[[[34.691201,31.797855],[34.708972,31.797855],[34.708972,31.814422],[34.691201,31.814422],[34.691201,31.797855],[34.691201,31.797855]]]},"id":1072,"properties":{"r_סמל ועדה":13,"SHEM_YISHUV":"גן הדרום","SEMEL_YISHUV":1072,"r_בזב":344,"r_מצביעים":268,"r_פסולים":2,"r_כשרים":266,"r_אמת":12,"r_ג":5,"r_ט":19,"r_כן":70,"r_ל":4,"r_מחל":78,"r_מרצ":5,"r_פה":66,"r_אחר":7,"max_party":"הליכוד","color_general":"#1C5BAD","color_ynet":"#1417AC","TOTAL_BZB":344}},{"type":"Feature","geometry":{"type":"Polygon","coordinates":[[[34.99208,32.456135],[35.006852,32.456135],[35.006852,32.469323],[34.99208,32.469323],[34.99208,32.456135],[34.99208,32.456135]]]},"id":225,"properties":{"r_סמל ועדה":9,"SHEM_YISHUV":"גן השומרון","SEMEL_YISHUV":225,"r_בזב":642,"r_מצביעים":479,"r_פסולים":0,"r_כשרים":479,"r_אמת":45,"r_ום":3,"r_ט":13,"r_כן":77,"r_מחל":47,"r_מרצ":51,"r_פה":230,"r_אחר":13,"max_party":"יש עתיד","color_general":"#FF8E3C","color_ynet":"#F90000","TOTAL_BZB":642}},{"type":"Feature","geometry":{"type":"Polygon","coordinates":[[[34.897477,32.190555],[34.913442,32.190555],[34.913442,32.198732],[34.897477,32.198732],[34.897477,32.190555],[34.897477,32.190555]]]},"id":239,"properties":{"r_סמל ועדה":19,"SHEM_YISHUV":"גן חיים","SEMEL_YISHUV":239,"r_בזב":544,"r_מצביעים":433,"r_פסולים":3,"r_כשרים":430,"r_אמת":58,"r_ט":11,"r_כן":77,"r_ל":10,"r_מחל":27,"r_מרצ":35,"r_פה":201,"r_שס":4,"r_אחר":7,"max_party":"יש עתיד","color_general":"#FF8E3C","color_ynet":"#F90000","TOTAL_BZB":544}},{"type":"Feature","geometry":{"type":"Polygon","coordinates":[[[34.981714,32.34071],[35.002959,32.34071],[35.002959,32.356458],[34.981714,32.356458],[34.981714,32.34071],[34.981714,32.34071]]]},"id":734,"properties":{"r_סמל ועדה":10,"SHEM_YISHUV":"גן יאשיה","SEMEL_YISHUV":734,"r_בזב":678,"r_מצביעים":516,"r_פסולים":1,"r_כשרים":515,"r_אמת":49,"r_ט":7,"r_כן":79,"r_ל":11,"r_מחל":37,"r_מרצ":46,"r_פה":252,"r_שס":4,"r_אחר":30,"max_party":"יש עתיד","color_general":"#FF8E3C","color_ynet":"#F90000","TOTAL_BZB":678}},{"type":"Feature","geometry":{"type":"Polygon","coordinates":[[[34.669742,31.769717],[34.731663,31.769717],[34.731663,31.811246],[34.669742,31.811246],[34.669742,31.769717],[34.669742,31.769717]]]},"id":166,"properties":{"r_סמל ועדה":13,"SHEM_YISHUV":"גן יבנה","SEMEL_YISHUV":166,"r_בזב":17348,"r_מצביעים":12833,"r_פסולים":50,"r_כשרים":12783,"r_אמת":248,"r_ג":99,"r_ט":1631,"r_כן":1543,"r_ל":364,"r_מחל":4753,"r_מרצ":131,"r_פה":2808,"r_שס":866,"r_אחר":340,"max_party":"הליכוד","color_general":"#1C5BAD","color_ynet":"#1417AC","TOTAL_BZB":17348}},{"type":"Feature","geometry":{"type":"Polygon","coordinates":[[[35.328201,32.523207],[35.345973,32.523207],[35.345973,32.538931],[35.328201,32.538931],[35.328201,32.523207],[35.328201,32.523207]]]},"id":1274,"properties":{"r_סמל ועדה":5,"SHEM_YISHUV":"גן נר","SEMEL_YISHUV":1274,"r_בזב":2178,"r_מצביעים":1522,"r_פסולים":7,"r_כשרים":1515,"r_אמת":66,"r_ט":147,"r_כן":186,"r_ל":41,"r_מחל":563,"r_מרצ":32,"r_פה":388,"r_שס":33,"r_אחר":59,"max_party":"הליכוד","color_general":"#1C5BAD","color_ynet":"#1417AC","TOTAL_BZB":2178}},{"type":"Feature","geometry":{"type":"Polygon","coordinates":[[[34.751944,31.940803],[34.771081,31.940803],[34.771081,31.948141],[34.751944,31.948141],[34.751944,31.940803],[34.751944,31.940803]]]},"id":311,"properties":{"r_סמל ועדה":13,"SHEM_YISHUV":"גן שורק","SEMEL_YISHUV":311,"r_בזב":266,"r_מצביעים":197,"r_פסולים":1,"r_כשרים":196,"r_אמת":11,"r_ום":1,"r_ט":9,"r_כן":46,"r_ל":4,"r_מחל":39,"r_מרצ":4,"r_פה":75,"r_שס":1,"r_אחר":6,"max_party":"יש עתיד","color_general":"#FF8E3C","color_ynet":"#F90000","TOTAL_BZB":266}},{"type":"Feature","geometry":{"type":"Polygon","coordinates":[[[34.794607,31.874588],[34.802564,31.874588],[34.802564,31.881726],[34.794607,31.881726],[34.794607,31.874588],[34.794607,31.874588]]]},"id":144,"properties":{"r_סמל ועדה":13,"SHEM_YISHUV":"גן שלמה","SEMEL_YISHUV":144,"r_בזב":413,"r_מצביעים":321,"r_פסולים":1,"r_כשרים":320,"r_אמת":67,"r_ט":3,"r_כן":59,"r_ל":4,"r_מחל":6,"r_מרצ":29,"r_פה":145,"r_שס":2,"r_אחר":5,"max_party":"יש עתיד","color_general":"#FF8E3C","color_ynet":"#F90000","TOTAL_BZB":413}},{"type":"Feature","geometry":{"type":"Polygon","coordinates":[[[34.943632,32.446333],[34.957408,32.446333],[34.957408,32.457627],[34.943632,32.457627],[34.943632,32.446333],[34.943632,32.446333]]]},"id":72,"properties":{"r_סמל ועדה":9,"SHEM_YISHUV":"גן שמואל","SEMEL_YISHUV":72,"r_בזב":872,"r_מצביעים":666,"r_פסולים":1,"r_כשרים":665,"r_אמת":86,"r_כן":122,"r_מחל":7,"r_מרצ":240,"r_פה":191,"r_אחר":19,"max_party":"מרצ","color_general":"#FC60C3","color_ynet":"#71BF45","TOTAL_BZB":872}},{"type":"Feature","geometry":{"type":"Polygon","coordinates":[[[34.822422,32.012934],[34.837223,32.012934],[34.837223,32.023422],[34.822422,32.023422],[34.822422,32.012934],[34.822422,32.012934]]]},"id":836,"properties":{"r_סמל ועדה":12,"SHEM_YISHUV":"גנות","SEMEL_YISHUV":836,"r_בזב":345,"r_מצביעים":271,"r_פסולים":0,"r_כשרים":271,"r_אמת":26,"r_ום":3,"r_ט":20,"r_כן":57,"r_ל":6,"r_מחל":57,"r_מרצ":12,"r_פה":74,"r_שס":5,"r_אחר":11,"max_party":"יש עתיד","color_general":"#FF8E3C","color_ynet":"#F90000","TOTAL_BZB":345}},{"type":"Feature","geometry":{"type":"Polygon","coordinates":[[[34.898034,32.31772],[34.902931,32.31772],[34.902931,32.3238],[34.898034,32.3238],[34.898034,32.31772],[34.898034,32.31772]]]},"id":549,"properties":{"r_סמל ועדה":10,"SHEM_YISHUV":"גנות הדר","SEMEL_YISHUV":549,"r_בזב":749,"r_מצביעים":545,"r_פסולים":0,"r_כשרים":545,"r_אמת":19,"r_ט":37,"r_כן":106,"r_ל":8,"r_מחל":126,"r_מרצ":8,"r_פה":213,"r_שס":12,"r_אחר":16,"max_party":"יש עתיד","color_general":"#FF8E3C","color_ynet":"#F90000","TOTAL_BZB":749}},{"type":"Feature","geometry":{"type":"Polygon","coordinates":[[[34.848647,31.876723],[34.859824,31.876723],[34.859824,31.880221],[34.848647,31.880221],[34.848647,31.876723],[34.848647,31.876723]]]},"id":1103,"properties":{"r_סמל ועדה":12,"SHEM_YISHUV":"גני הדר","SEMEL_YISHUV":1103,"r_בזב":286,"r_מצביעים":226,"r_פסולים":0,"r_כשרים":226,"r_אמת":32,"r_ט":5,"r_כן":46,"r_ל":7,"r_מחל":28,"r_מרצ":21,"r_פה":82,"r_אחר":5,"max_party":"יש עתיד","color_general":"#FF8E3C","color_ynet":"#F90000","TOTAL_BZB":286}},{"type":"Feature","geometry":{"type":"Polygon","coordinates":[[[34.786381,31.784708],[34.797484,31.784708],[34.797484,31.791809],[34.786381,31.791809],[34.786381,31.784708],[34.786381,31.784708]]]},"id":1371,"properties":{"r_סמל ועדה":13,"SHEM_YISHUV":"גני טל","SEMEL_YISHUV":1371,"r_בזב":455,"r_מצביעים":379,"r_פסולים":0,"r_כשרים":379,"r_ג":8,"r_ט":203,"r_כן":9,"r_מחל":76,"r_פה":9,"r_שס":16,"r_אחר":58,"max_party":"הציונות הדתית","color_general":"#A88461","color_ynet":"#5C97BF","TOTAL_BZB":455}},{"type":"Feature","geometry":{"type":"Polygon","coordinates":[[[34.82941,31.851532],[34.848273,31.851532],[34.848273,31.86242],[34.82941,31.86242],[34.82941,31.851532],[34.82941,31.851532]]]},"id":862,"properties":{"r_סמל ועדה":13,"SHEM_YISHUV":"גני יוחנן","SEMEL_YISHUV":862,"r_בזב":520,"r_מצביעים":391,"r_פסולים":0,"r_כשרים":391,"r_אמת":14,"r_ג":2,"r_ט":32,"r_כן":85,"r_ל":6,"r_מחל":121,"r_מרצ":10,"r_פה":105,"r_שס":11,"r_אחר":5,"max_party":"הליכוד","color_general":"#1C5BAD","color_ynet":"#1417AC","TOTAL_BZB":520}},{"type":"Feature","geometry":{"type":"Polygon","coordinates":[[[35.012071,31.926272],[35.021822,31.926272],[35.021822,31.931902],[35.012071,31.931902],[35.012071,31.926272],[35.012071,31.926272]]]},"id":3823,"properties":{"r_סמל ועדה":12,"SHEM_YISHUV":"גני מודיעין","SEMEL_YISHUV":3823,"r_בזב":2046,"r_מצביעים":1538,"r_פסולים":6,"r_כשרים":1532,"r_ג":78,"r_ט":491,"r_כן":15,"r_מחל":187,"r_פה":12,"r_שס":706,"r_אחר":43,"max_party":"ש\"ס","color_general":"#6C7CA5","color_ynet":"#995700","TOTAL_BZB":2046}},{"type":"Feature","geometry":{"type":"Polygon","coordinates":[[[34.898009,32.147534],[34.906141,32.147534],[34.906141,32.154962],[34.898009,32.154962],[34.898009,32.147534],[34.898009,32.147534]]]},"id":218,"properties":{"r_סמל ועדה":19,"SHEM_YISHUV":"גני עם","SEMEL_YISHUV":218,"r_בזב":210,"r_מצביעים":171,"r_פסולים":1,"r_כשרים":170,"r_אמת":18,"r_ום":2,"r_ט":2,"r_כן":29,"r_ל":4,"r_מחל":22,"r_מרצ":20,"r_פה":71,"r_אחר":2,"max_party":"יש עתיד","color_general":"#FF8E3C","color_ynet":"#F90000","TOTAL_BZB":210}},{"type":"Feature","geometry":{"type":"Polygon","coordinates":[[[34.866518,32.055275],[34.884431,32.055275],[34.884431,32.071163],[34.866518,32.071163],[34.866518,32.055275],[34.866518,32.055275]]]},"id":229,"properties":{"r_סמל ועדה":11,"SHEM_YISHUV":"גני תקווה","SEMEL_YISHUV":229,"r_בזב":16803,"r_מצביעים":12736,"r_פסולים":32,"r_כשרים":12704,"r_אמת":628,"r_ג":223,"r_ט":859,"r_כן":1936,"r_ל":356,"r_מחל":2586,"r_מרצ":444,"r_פה":4417,"r_שס":886,"r_אחר":369,"max_party":"יש עתיד","color_general":"#FF8E3C","color_ynet":"#F90000","TOTAL_BZB":16803}},{"type":"Feature","geometry":{"type":"Polygon","coordinates":[[[34.820441,32.224037],[34.831525,32.224037],[34.831525,32.233362],[34.820441,32.233362],[34.820441,32.224037],[34.820441,32.224037]]]},"id":842,"properties":{"r_סמל ועדה":10,"SHEM_YISHUV":"געש","SEMEL_YISHUV":842,"r_בזב":725,"r_מצביעים":558,"r_פסולים":3,"r_כשרים":555,"r_אמת":69,"r_ג":3,"r_ט":10,"r_כן":63,"r_ל":7,"r_מחל":30,"r_מרצ":137,"r_פה":219,"r_שס":3,"r_אחר":14,"max_party":"יש עתיד","color_general":"#FF8E3C","color_ynet":"#F90000","TOTAL_BZB":725}},{"type":"Feature","geometry":{"type":"Polygon","coordinates":[[[35.205861,33.003785],[35.221377,33.003785],[35.221377,33.008575],[35.205861,33.008575],[35.205861,33.003785],[35.205861,33.003785]]]},"id":463,"properties":{"r_סמל ועדה":6,"SHEM_YISHUV":"געתון","SEMEL_YISHUV":463,"r_בזב":569,"r_מצביעים":393,"r_פסולים":0,"r_כשרים":393,"r_אמת":49,"r_ט":10,"r_כן":92,"r_ל":9,"r_מחל":33,"r_מרצ":79,"r_פה":111,"r_אחר":10,"max_party":"יש עתיד","color_general":"#FF8E3C","color_ynet":"#F90000","TOTAL_BZB":569}},{"type":"Feature","geometry":{"type":"Polygon","coordinates":[[[34.873024,31.736174],[34.883834,31.736174],[34.883834,31.748969],[34.873024,31.748969],[34.873024,31.736174],[34.873024,31.736174]]]},"id":39,"properties":{"r_סמל ועדה":2,"SHEM_YISHUV":"גפן","SEMEL_YISHUV":39,"r_בזב":270,"r_מצביעים":223,"r_פסולים":0,"r_כשרים":223,"r_אמת":2,"r_ג":6,"r_ט":45,"r_כן":3,"r_ל":2,"r_מחל":106,"r_מרצ":2,"r_פה":6,"r_שס":46,"r_אחר":5,"max_party":"הליכוד","color_general":"#1C5BAD","color_ynet":"#1417AC","TOTAL_BZB":270}},{"type":"Feature","geometry":{"type":"Polygon","coordinates":[[[35.062403,29.933728],[35.070624,29.933728],[35.070624,29.944547],[35.062403,29.944547],[35.062403,29.933728],[35.062403,29.933728]]]},"id":1129,"properties":{"r_סמל ועדה":18,"SHEM_YISHUV":"גרופית","SEMEL_YISHUV":1129,"r_בזב":292,"r_מצביעים":166,"r_פסולים":0,"r_כשרים":166,"r_אמת":29,"r_ט":4,"r_כן":15,"r_ל":4,"r_מחל":22,"r_מרצ":13,"r_פה":77,"r_אחר":2,"max_party":"יש עתיד","color_general":"#FF8E3C","color_ynet":"#F90000","TOTAL_BZB":292}},{"type":"Feature","geometry":{"type":"Polygon","coordinates":[[[35.711218,32.813233],[35.725968,32.813233],[35.725968,32.821604],[35.711218,32.821604],[35.711218,32.813233],[35.711218,32.813233]]]},"id":4022,"properties":{"r_סמל ועדה":4,"SHEM_YISHUV":"גשור","SEMEL_YISHUV":4022,"r_בזב":239,"r_מצביעים":153,"r_פסולים":0,"r_כשרים":153,"r_אמת":10,"r_ט":11,"r_כן":19,"r_ל":7,"r_מחל":19,"r_מרצ":18,"r_פה":57,"r_אחר":12,"max_party":"יש עתיד","color_general":"#FF8E3C","color_ynet":"#F90000","TOTAL_BZB":239}},{"type":"Feature","geometry":{"type":"Polygon","coordinates":[[[35.546998,32.61274],[35.557385,32.61274],[35.557385,32.625405],[35.546998,32.625405],[35.546998,32.61274],[35.546998,32.61274]]]},"id":305,"properties":{"r_סמל ועדה":4,"SHEM_YISHUV":"גשר","SEMEL_YISHUV":305,"r_בזב":405,"r_מצביעים":251,"r_פסולים":1,"r_כשרים":250,"r_אמת":71,"r_ט":4,"r_כן":38,"r_ל":5,"r_מחל":16,"r_מרצ":18,"r_עם":2,"r_פה":86,"r_אחר":10,"max_party":"יש עתיד","color_general":"#FF8E3C","color_ynet":"#F90000","TOTAL_BZB":405}},{"type":"Feature","geometry":{"type":"Polygon","coordinates":[[[35.105997,33.033202],[35.122663,33.033202],[35.122663,33.050367],[35.105997,33.050367],[35.105997,33.033202],[35.105997,33.033202]]]},"id":574,"properties":{"r_סמל ועדה":6,"SHEM_YISHUV":"גשר הזיו","SEMEL_YISHUV":574,"r_בזב":1262,"r_מצביעים":813,"r_פסולים":2,"r_כשרים":811,"r_אמת":81,"r_ט":47,"r_כן":143,"r_ל":18,"r_מחל":195,"r_מרצ":43,"r_פה":262,"r_אחר":22,"max_party":"יש עתיד","color_general":"#FF8E3C","color_ynet":"#F90000","TOTAL_BZB":1262}},{"type":"Feature","geometry":{"type":"Polygon","coordinates":[[[34.790244,31.622792],[34.803342,31.622792],[34.803342,31.632711],[34.790244,31.632711],[34.790244,31.622792],[34.790244,31.622792]]]},"id":340,"properties":{"r_סמל ועדה":17,"SHEM_YISHUV":"גת (קיבוץ)","SEMEL_YISHUV":340,"r_בזב":624,"r_מצביעים":438,"r_פסולים":1,"r_כשרים":437,"r_אמת":68,"r_ט":6,"r_כן":72,"r_ל":11,"r_מחל":23,"r_מרצ":66,"r_פה":175,"r_אחר":16,"max_party":"יש עתיד","color_general":"#FF8E3C","color_ynet":"#F90000","TOTAL_BZB":624}},{"type":"Feature","geometry":{"type":"Polygon","coordinates":[[[34.874821,32.06558],[34.886257,32.06558],[34.886257,32.070465],[34.874821,32.070465],[34.874821,32.06558],[34.874821,32.06558]]]},"id":128,"properties":{"r_סמל ועדה":11,"SHEM_YISHUV":"גת רימון","SEMEL_YISHUV":128,"r_בזב":192,"r_מצביעים":142,"r_פסולים":0,"r_כשרים":142,"r_אמת":9,"r_ג":1,"r_ט":7,"r_כן":26,"r_ל":2,"r_מחל":28,"r_מרצ":7,"r_פה":55,"r_שס":1,"r_אחר":6,"max_party":"יש עתיד","color_general":"#FF8E3C","color_ynet":"#F90000","TOTAL_BZB":192}},{"type":"Feature","geometry":{"type":"Polygon","coordinates":[[[35.023325,32.679379],[35.082136,32.679379],[35.082136,32.711786],[35.023325,32.711786],[35.023325,32.679379],[35.023325,32.679379]]]},"id":494,"properties":{"r_סמל ועדה":8,"SHEM_YISHUV":"דאלית אל-כרמל","SEMEL_YISHUV":494,"r_בזב":13249,"r_מצביעים":7297,"r_פסולים":72,"r_כשרים":7225,"r_אמת":190,"r_ום":201,"r_כן":3965,"r_ל":1141,"r_מחל":228,"r_מרצ":375,"r_עם":87,"r_פה":823,"r_אחר":215,"max_party":"המחנה הממלכתי","color_general":"#6079FC","color_ynet":"#D600D6","TOTAL_BZB":13249}},{"type":"Feature","geometry":{"type":"Polygon","coordinates":[[[35.256289,32.547791],[35.271164,32.547791],[35.271164,32.558844],[35.256289,32.558844],[35.256289,32.547791],[35.256289,32.547791]]]},"id":146,"properties":{"r_סמל ועדה":5,"SHEM_YISHUV":"דבורה","SEMEL_YISHUV":146,"r_בזב":226,"r_מצביעים":139,"r_פסולים":0,"r_כשרים":139,"r_אמת":9,"r_ט":8,"r_כן":46,"r_ל":1,"r_מחל":30,"r_מרצ":3,"r_פה":36,"r_שס":3,"r_אחר":3,"max_party":"המחנה הממלכתי","color_general":"#6079FC","color_ynet":"#D600D6","TOTAL_BZB":226}},{"type":"Feature","geometry":{"type":"Polygon","coordinates":[[[35.350278,32.677036],[35.383973,32.677036],[35.383973,32.701687],[35.350278,32.701687],[35.350278,32.677036],[35.350278,32.677036]]]},"id":489,"properties":{"r_סמל ועדה":5,"SHEM_YISHUV":"דבורייה","SEMEL_YISHUV":489,"r_בזב":7492,"r_מצביעים":4223,"r_פסולים":17,"r_כשרים":4206,"r_ום":1471,"r_מרצ":46,"r_עם":1177,"r_אחר":1512,"max_party":"חד\"ש תע\"ל","color_general":"#58C879","color_ynet":"#FFC37B","TOTAL_BZB":7492}},{"type":"Feature","geometry":{"type":"Polygon","coordinates":[[[34.817282,31.407139],[34.830641,31.407139],[34.830641,31.416752],[34.817282,31.416752],[34.817282,31.407139],[34.817282,31.407139]]]},"id":849,"properties":{"r_סמל ועדה":18,"SHEM_YISHUV":"דבירה","SEMEL_YISHUV":849,"r_בזב":686,"r_מצביעים":522,"r_פסולים":0,"r_כשרים":522,"r_אמת":47,"r_ט":16,"r_כן":111,"r_ל":4,"r_מחל":44,"r_מרצ":86,"r_פה":194,"r_שס":4,"r_אחר":16,"max_party":"יש עתיד","color_general":"#FF8E3C","color_ynet":"#F90000","TOTAL_BZB":686}},{"type":"Feature","geometry":{"type":"Polygon","coordinates":[[[35.345875,32.645117],[35.354534,32.645117],[35.354534,32.651783],[35.345875,32.651783],[35.345875,32.645117],[35.345875,32.645117]]]},"id":407,"properties":{"r_סמל ועדה":5,"SHEM_YISHUV":"דברת","SEMEL_YISHUV":407,"r_בזב":372,"r_מצביעים":258,"r_פסולים":0,"r_כשרים":258,"r_אמת":40,"r_ט":5,"r_כן":52,"r_ל":5,"r_מחל":27,"r_מרצ":7,"r_פה":109,"r_שס":4,"r_אחר":9,"max_party":"יש עתיד","color_general":"#FF8E3C","color_ynet":"#F90000","TOTAL_BZB":372}},{"type":"Feature","geometry":{"type":"Polygon","coordinates":[[[35.567057,32.703267],[35.58007,32.703267],[35.58007,32.712341],[35.567057,32.712341],[35.567057,32.703267],[35.567057,32.703267]]]},"id":62,"properties":{"r_סמל ועדה":4,"SHEM_YISHUV":"דגניה א'","SEMEL_YISHUV":62,"r_בזב":525,"r_מצביעים":340,"r_פסולים":2,"r_כשרים":338,"r_אמת":102,"r_ט":4,"r_כן":54,"r_ל":7,"r_מחל":14,"r_מרצ":32,"r_פה":123,"r_אחר":2,"max_party":"יש עתיד","color_general":"#FF8E3C","color_ynet":"#F90000","TOTAL_BZB":525}},{"type":"Feature","geometry":{"type":"Polygon","coordinates":[[[35.568018,32.69369],[35.582654,32.69369],[35.582654,32.702592],[35.568018,32.702592],[35.568018,32.69369],[35.568018,32.69369]]]},"id":79,"properties":{"r_סמל ועדה":4,"SHEM_YISHUV":"דגניה ב'","SEMEL_YISHUV":79,"r_בזב":591,"r_מצביעים":403,"r_פסולים":0,"r_כשרים":403,"r_אמת":81,"r_ט":7,"r_כן":72,"r_ל":6,"r_מחל":33,"r_מרצ":33,"r_פה":166,"r_אחר":5,"max_party":"יש עתיד","color_general":"#FF8E3C","color_ynet":"#F90000","TOTAL_BZB":591}},{"type":"Feature","geometry":{"type":"Polygon","coordinates":[[[35.399705,33.048102],[35.412932,33.048102],[35.412932,33.056011],[35.399705,33.056011],[35.399705,33.048102],[35.399705,33.048102]]]},"id":1067,"properties":{"r_סמל ועדה":3,"SHEM_YISHUV":"דוב\"ב","SEMEL_YISHUV":1067,"r_בזב":357,"r_מצביעים":247,"r_פסולים":0,"r_כשרים":247,"r_ג":6,"r_ט":34,"r_כן":12,"r_מחל":154,"r_פה":2,"r_שס":33,"r_אחר":6,"max_party":"הליכוד","color_general":"#1C5BAD","color_ynet":"#1417AC","TOTAL_BZB":357}},{"type":"Feature","geometry":{"type":"Polygon","coordinates":[[[35.126522,31.923661],[35.139401,31.923661],[35.139401,31.929361],[35.126522,31.929361],[35.126522,31.923661],[35.126522,31.923661]]]},"id":3747,"properties":{"r_סמל ועדה":2,"SHEM_YISHUV":"דולב","SEMEL_YISHUV":3747,"r_בזב":904,"r_מצביעים":695,"r_פסולים":3,"r_כשרים":692,"r_ט":520,"r_מחל":93,"r_פה":4,"r_שס":18,"r_אחר":57,"max_party":"הציונות הדתית","color_general":"#A88461","color_ynet":"#5C97BF","TOTAL_BZB":904}},{"type":"Feature","geometry":{"type":"Polygon","coordinates":[[[34.916333,32.603082],[34.92596,32.603082],[34.92596,32.611656],[34.916333,32.611656],[34.916333,32.603082],[34.916333,32.603082]]]},"id":738,"properties":{"r_סמל ועדה":9,"SHEM_YISHUV":"דור","SEMEL_YISHUV":738,"r_בזב":286,"r_מצביעים":214,"r_פסולים":0,"r_כשרים":214,"r_אמת":16,"r_ט":7,"r_כן":54,"r_ל":4,"r_מחל":44,"r_מרצ":5,"r_פה":70,"r_שס":2,"r_אחר":12,"max_party":"יש עתיד","color_general":"#FF8E3C","color_ynet":"#F90000","TOTAL_BZB":286}},{"type":"Feature","geometry":{"type":"Polygon","coordinates":[[[34.639917,31.500179],[34.650167,31.500179],[34.650167,31.510397],[34.639917,31.510397],[34.639917,31.500179],[34.639917,31.500179]]]},"id":336,"properties":{"r_סמל ועדה":17,"SHEM_YISHUV":"דורות","SEMEL_YISHUV":336,"r_בזב":575,"r_מצביעים":409,"r_פסולים":0,"r_כשרים":409,"r_אמת":83,"r_ט":14,"r_כן":80,"r_מחל":26,"r_מרצ":37,"r_פה":151,"r_שס":3,"r_אחר":15,"max_party":"יש עתיד","color_general":"#FF8E3C","color_ynet":"#F90000","TOTAL_BZB":575}},{"type":"Feature","geometry":{"type":"Polygon","coordinates":[[[35.340431,32.617401],[35.351593,32.617401],[35.351593,32.623944],[35.340431,32.623944],[35.340431,32.617401],[35.340431,32.617401]]]},"id":475,"properties":{"r_סמל ועדה":5,"SHEM_YISHUV":"דחי","SEMEL_YISHUV":475,"r_בזב":546,"r_מצביעים":218,"r_פסולים":1,"r_כשרים":217,"r_אמת":2,"r_ום":74,"r_מרצ":2,"r_עם":68,"r_פה":3,"r_אחר":68,"max_party":"חד\"ש תע\"ל","color_general":"#58C879","color_ynet":"#FFC37B","TOTAL_BZB":546}},{"type":"Feature","geometry":{"type":"Polygon","coordinates":[[[35.252058,32.928975],[35.298359,32.928975],[35.298359,32.959628],[35.252058,32.959628],[35.252058,32.928975],[35.252058,32.928975]]]},"id":490,"properties":{"r_סמל ועדה":20,"SHEM_YISHUV":"דייר אל-אסד","SEMEL_YISHUV":490,"r_בזב":8873,"r_מצביעים":6194,"r_פסולים":40,"r_כשרים":6154,"r_ום":2223,"r_מחל":32,"r_עם":2769,"r_פה":105,"r_שס":142,"r_אחר":883,"max_party":"רע\"מ","color_general":"#F7C94C","color_ynet":"#FE9601","TOTAL_BZB":8873}},{"type":"Feature","geometry":{"type":"Polygon","coordinates":[[[35.341639,32.850488],[35.393635,32.850488],[35.393635,32.877811],[35.341639,32.877811],[35.341639,32.850488],[35.341639,32.850488]]]},"id":492,"properties":{"r_סמל ועדה":20,"SHEM_YISHUV":"דייר חנא","SEMEL_YISHUV":492,"r_בזב":7818,"r_מצביעים":5298,"r_פסולים":21,"r_כשרים":5277,"r_ום":2521,"r_מחל":46,"r_מרצ":44,"r_עם":1194,"r_שס":123,"r_אחר":1349,"max_party":"חד\"ש תע\"ל","color_general":"#58C879","color_ynet":"#FFC37B","TOTAL_BZB":7818}},{"type":"Feature","geometry":{"type":"Polygon","coordinates":[[[34.968984,30.931896],[35.20123,30.931896],[35.20123,31.106656],[34.968984,31.106656],[34.968984,30.931896],[34.968984,30.931896]]]},"id":2200,"properties":{"r_סמל ועדה":18,"SHEM_YISHUV":"דימונה","SEMEL_YISHUV":2200,"r_בזב":29297,"r_מצביעים":18625,"r_פסולים":154,"r_כשרים":18471,"r_אמת":179,"r_ג":520,"r_ט":2913,"r_כן":836,"r_ל":900,"r_מחל":9406,"r_פה":1121,"r_שס":2156,"r_אחר":440,"max_party":"הליכוד","color_general":"#1C5BAD","color_ynet":"#1417AC","TOTAL_BZB":29297}},{"type":"Feature","geometry":{"type":"Polygon","coordinates":[[[35.511739,33.075267],[35.542495,33.075267],[35.542495,33.087809],[35.511739,33.087809],[35.511739,33.075267],[35.511739,33.075267]]]},"id":2063,"properties":{"r_סמל ועדה":3,"SHEM_YISHUV":"דישון","SEMEL_YISHUV":2063,"r_בזב":299,"r_מצביעים":207,"r_פסולים":0,"r_כשרים":207,"r_אמת":7,"r_ט":25,"r_כן":26,"r_ל":3,"r_מחל":99,"r_פה":8,"r_שס":28,"r_אחר":11,"max_party":"הליכוד","color_general":"#1C5BAD","color_ynet":"#1417AC","TOTAL_BZB":299}},{"type":"Feature","geometry":{"type":"Polygon","coordinates":[[[35.06616,32.585463],[35.082082,32.585463],[35.082082,32.594585],[35.06616,32.594585],[35.06616,32.585463],[35.06616,32.585463]]]},"id":300,"properties":{"r_סמל ועדה":5,"SHEM_YISHUV":"דלייה","SEMEL_YISHUV":300,"r_בזב":690,"r_מצביעים":500,"r_פסולים":0,"r_כשרים":500,"r_אמת":88,"r_ט":4,"r_כן":40,"r_מחל":12,"r_מרצ":151,"r_פה":194,"r_אחר":11,"max_party":"יש עתיד","color_general":"#FF8E3C","color_ynet":"#F90000","TOTAL_BZB":690}},{"type":"Feature","geometry":{"type":"Polygon","coordinates":[[[35.475746,33.009218],[35.496055,33.009218],[35.496055,33.022171],[35.475746,33.022171],[35.475746,33.009218],[35.475746,33.009218]]]},"id":431,"properties":{"r_סמל ועדה":3,"SHEM_YISHUV":"דלתון","SEMEL_YISHUV":431,"r_בזב":655,"r_מצביעים":531,"r_פסולים":3,"r_כשרים":528,"r_ג":6,"r_ט":94,"r_כן":7,"r_מחל":292,"r_פה":4,"r_שס":118,"r_אחר":7,"max_party":"הליכוד","color_general":"#1C5BAD","color_ynet":"#1417AC","TOTAL_BZB":655}},{"type":"Feature","geometry":{"type":"Polygon","coordinates":[[[35.221657,32.809594],[35.232635,32.809594],[35.232635,32.819243],[35.221657,32.819243],[35.221657,32.809594],[35.221657,32.809594]]]},"id":1317,"properties":{"r_סמל ועדה":20,"SHEM_YISHUV":"דמיידה","SEMEL_YISHUV":1317,"r_בזב":352,"r_מצביעים":187,"r_פסולים":12,"r_כשרים":175,"r_אמת":1,"r_ום":41,"r_מחל":4,"r_עם":117,"r_שס":1,"r_אחר":11,"max_party":"רע\"מ","color_general":"#F7C94C","color_ynet":"#FE9601","TOTAL_BZB":352}},{"type":"Feature","geometry":{"type":"Polygon","coordinates":[[[35.647924,33.235869],[35.660601,33.235869],[35.660601,33.243818],[35.647924,33.243818],[35.647924,33.235869],[35.647924,33.235869]]]},"id":303,"properties":{"r_סמל ועדה":3,"SHEM_YISHUV":"דן","SEMEL_YISHUV":303,"r_בזב":543,"r_מצביעים":394,"r_פסולים":0,"r_כשרים":394,"r_אמת":50,"r_ום":3,"r_ט":6,"r_כן":51,"r_ל":9,"r_מחל":10,"r_מרצ":94,"r_פה":167,"r_אחר":4,"max_party":"יש עתיד","color_general":"#FF8E3C","color_ynet":"#F90000","TOTAL_BZB":543}},{"type":"Feature","geometry":{"type":"Polygon","coordinates":[[[35.634221,33.224128],[35.642836,33.224128],[35.642836,33.234253],[35.634221,33.234253],[35.634221,33.224128],[35.634221,33.224128]]]},"id":302,"properties":{"r_סמל ועדה":3,"SHEM_YISHUV":"דפנה","SEMEL_YISHUV":302,"r_בזב":650,"r_מצביעים":472,"r_פסולים":0,"r_כשרים":472,"r_אמת":90,"r_ום":3,"r_ט":12,"r_כן":70,"r_ל":6,"r_מחל":42,"r_מרצ":46,"r_פה":188,"r_שס":4,"r_אחר":11,"max_party":"יש עתיד","color_general":"#FF8E3C","color_ynet":"#F90000","TOTAL_BZB":650}},{"type":"Feature","geometry":{"type":"Polygon","coordinates":[[[34.334121,31.184083],[34.355946,31.184083],[34.355946,31.206227],[34.334121,31.206227],[34.334121,31.184083],[34.334121,31.184083]]]},"id":1241,"properties":{"r_סמל ועדה":18,"SHEM_YISHUV":"דקל","SEMEL_YISHUV":1241,"r_בזב":280,"r_מצביעים":177,"r_פסולים":1,"r_כשרים":176,"r_אמת":13,"r_ט":14,"r_כן":33,"r_ל":7,"r_מחל":43,"r_מרצ":2,"r_פה":54,"r_אחר":10,"max_party":"יש עתיד","color_general":"#FF8E3C","color_ynet":"#F90000","TOTAL_BZB":280}},{"type":"Feature","geometry":{"type":"Polygon","coordinates":[[[35.072566,31.293247],[35.082853,31.293247],[35.082853,31.305751],[35.072566,31.305751],[35.072566,31.293247],[35.072566,31.293247]]]},"id":1349,"properties":{"r_סמל ועדה":18,"SHEM_YISHUV":"דריג'את","SEMEL_YISHUV":1349,"r_בזב":630,"r_מצביעים":430,"r_פסולים":2,"r_כשרים":428,"r_ג":5,"r_ום":55,"r_מחל":50,"r_עם":287,"r_פה":9,"r_אחר":22,"max_party":"רע\"מ","color_general":"#F7C94C","color_ynet":"#FE9601","TOTAL_BZB":630}},{"type":"Feature","geometry":{"type":"Polygon","coordinates":[[[35.616912,32.716828],[35.633772,32.716828],[35.633772,32.730126],[35.616912,32.730126],[35.616912,32.716828],[35.616912,32.716828]]]},"id":702,"properties":{"r_סמל ועדה":4,"SHEM_YISHUV":"האון","SEMEL_YISHUV":702,"r_בזב":157,"r_מצביעים":84,"r_פסולים":0,"r_כשרים":84,"r_אמת":27,"r_ט":3,"r_כן":6,"r_ל":1,"r_מחל":11,"r_מרצ":3,"r_עם":1,"r_פה":29,"r_שס":2,"r_אחר":1,"max_party":"יש עתיד","color_general":"#FF8E3C","color_ynet":"#F90000","TOTAL_BZB":157}},{"type":"Feature","geometry":{"type":"Polygon","coordinates":[[[34.930469,32.631149],[34.936081,32.631149],[34.936081,32.642177],[34.930469,32.642177],[34.930469,32.631149],[34.930469,32.631149]]]},"id":675,"properties":{"r_סמל ועדה":9,"SHEM_YISHUV":"הבונים","SEMEL_YISHUV":675,"r_בזב":315,"r_מצביעים":203,"r_פסולים":0,"r_כשרים":203,"r_אמת":30,"r_ט":2,"r_כן":25,"r_ל":3,"r_מחל":9,"r_מרצ":22,"r_פה":105,"r_אחר":7,"max_party":"יש עתיד","color_general":"#FF8E3C","color_ynet":"#F90000","TOTAL_BZB":315}},{"type":"Feature","geometry":{"type":"Polygon","coordinates":[[[35.614484,33.212371],[35.636764,33.212371],[35.636764,33.224458],[35.614484,33.224458],[35.614484,33.212371],[35.614484,33.212371]]]},"id":356,"properties":{"r_סמל ועדה":3,"SHEM_YISHUV":"הגושרים","SEMEL_YISHUV":356,"r_בזב":779,"r_מצביעים":549,"r_פסולים":1,"r_כשרים":548,"r_אמת":94,"r_ום":3,"r_ט":18,"r_כן":92,"r_מחל":76,"r_מרצ":32,"r_פה":209,"r_שס":5,"r_אחר":19,"max_party":"יש עתיד","color_general":"#FF8E3C","color_ynet":"#F90000","TOTAL_BZB":779}},{"type":"Feature","geometry":{"type":"Polygon","coordinates":[[[34.892965,32.34622],[34.90707,32.34622],[34.90707,32.352831],[34.892965,32.352831],[34.892965,32.34622],[34.892965,32.34622]]]},"id":191,"properties":{"r_סמל ועדה":10,"SHEM_YISHUV":"הדר עם","SEMEL_YISHUV":191,"r_בזב":545,"r_מצביעים":420,"r_פסולים":0,"r_כשרים":420,"r_אמת":31,"r_ט":12,"r_כן":60,"r_ל":12,"r_מחל":34,"r_מרצ":48,"r_פה":216,"r_אחר":7,"max_party":"יש עתיד","color_general":"#FF8E3C","color_ynet":"#F90000","TOTAL_BZB":545}},{"type":"Feature","geometry":{"type":"Polygon","coordinates":[[[34.855068,32.120078],[34.928119,32.120078],[34.928119,32.171946],[34.855068,32.171946],[34.855068,32.120078],[34.855068,32.120078]]]},"id":9700,"properties":{"r_סמל ועדה":19,"SHEM_YISHUV":"הוד השרון","SEMEL_YISHUV":9700,"r_בזב":48723,"r_מצביעים":36229,"r_פסולים":103,"r_כשרים":36126,"r_אמת":2466,"r_ט":1718,"r_כן":5424,"r_ל":1052,"r_מחל":6874,"r_מרצ":2057,"r_פה":14613,"r_שס":862,"r_אחר":1060,"max_party":"יש עתיד","color_general":"#FF8E3C","color_ynet":"#F90000","TOTAL_BZB":48723}},{"type":"Feature","geometry":{"type":"Polygon","coordinates":[[[34.633433,31.665509],[34.652449,31.665509],[34.652449,31.682461],[34.633433,31.682461],[34.633433,31.665509],[34.633433,31.665509]]]},"id":726,"properties":{"r_סמל ועדה":17,"SHEM_YISHUV":"הודייה","SEMEL_YISHUV":726,"r_בזב":535,"r_מצביעים":365,"r_פסולים":2,"r_כשרים":363,"r_אמת":10,"r_ט":53,"r_כן":41,"r_ל":6,"r_מחל":159,"r_מרצ":3,"r_פה":41,"r_שס":44,"r_אחר":6,"max_party":"הליכוד","color_general":"#1C5BAD","color_ynet":"#1417AC","TOTAL_BZB":535}},{"type":"Feature","geometry":{"type":"Polygon","coordinates":[[[35.017932,31.115922],[35.026876,31.115922],[35.026876,31.124216],[35.017932,31.124216],[35.017932,31.115922],[35.017932,31.115922]]]},"id":1169,"properties":{"r_סמל ועדה":18,"SHEM_YISHUV":"הוואשלה (שבט)","SEMEL_YISHUV":1169,"r_בזב":1202,"r_מצביעים":632,"r_פסולים":8,"r_כשרים":624,"r_ום":6,"r_מחל":5,"r_עם":605,"r_אחר":8,"max_party":"רע\"מ","color_general":"#F7C94C","color_ynet":"#FE9601","TOTAL_BZB":1202}},{"type":"Feature","geometry":{"type":"Polygon","coordinates":[[[34.745304,31.404554],[34.753923,31.404554],[34.753923,31.412197],[34.745304,31.412197],[34.745304,31.404554],[34.745304,31.404554]]]},"id":956,"properties":{"r_סמל ועדה":18,"SHEM_YISHUV":"הוזייל (שבט)","SEMEL_YISHUV":956,"r_בזב":1156,"r_מצביעים":403,"r_פסולים":5,"r_כשרים":398,"r_ום":35,"r_מחל":9,"r_מרצ":8,"r_עם":303,"r_אחר":43,"max_party":"רע\"מ","color_general":"#F7C94C","color_ynet":"#FE9601","TOTAL_BZB":1156}},{"type":"Feature","geometry":{"type":"Polygon","coordinates":[[[35.284235,32.753303],[35.301631,32.753303],[35.301631,32.764056],[35.284235,32.764056],[35.284235,32.753303],[35.284235,32.753303]]]},"id":1186,"properties":{"r_סמל ועדה":5,"SHEM_YISHUV":"הושעיה","SEMEL_YISHUV":1186,"r_בזב":1449,"r_מצביעים":1047,"r_פסולים":0,"r_כשרים":1047,"r_אמת":16,"r_ט":258,"r_כן":199,"r_ל":7,"r_מחל":218,"r_פה":107,"r_שס":20,"r_אחר":222,"max_party":"הציונות הדתית","color_general":"#A88461","color_ynet":"#5C97BF","TOTAL_BZB":1449}},{"type":"Feature","geometry":{"type":"Polygon","coordinates":[[[35.114182,32.636603],[35.126176,32.636603],[35.126176,32.64876],[35.114182,32.64876],[35.114182,32.636603],[35.114182,32.636603]]]},"id":250,"properties":{"r_סמל ועדה":5,"SHEM_YISHUV":"הזורע","SEMEL_YISHUV":250,"r_בזב":917,"r_מצביעים":623,"r_פסולים":1,"r_כשרים":622,"r_אמת":144,"r_ום":6,"r_ט":6,"r_כן":56,"r_ל":11,"r_מחל":12,"r_מרצ":150,"r_פה":221,"r_אחר":16,"max_party":"יש עתיד","color_general":"#FF8E3C","color_ynet":"#F90000","TOTAL_BZB":917}},{"type":"Feature","geometry":{"type":"Polygon","coordinates":[[[35.486006,32.735232],[35.512442,32.735232],[35.512442,32.753568],[35.486006,32.753568],[35.486006,32.735232],[35.486006,32.735232]]]},"id":307,"properties":{"r_סמל ועדה":4,"SHEM_YISHUV":"הזורעים","SEMEL_YISHUV":307,"r_בזב":575,"r_מצביעים":447,"r_פסולים":0,"r_כשרים":447,"r_אמת":3,"r_ג":3,"r_ט":254,"r_כן":27,"r_מחל":84,"r_פה":13,"r_שס":16,"r_אחר":47,"max_party":"הציונות הדתית","color_general":"#A88461","color_ynet":"#5C97BF","TOTAL_BZB":575}},{"type":"Feature","geometry":{"type":"Polygon","coordinates":[[[34.952596,32.748779],[34.962658,32.748779],[34.962658,32.755164],[34.952596,32.755164],[34.952596,32.748779],[34.952596,32.748779]]]},"id":434,"properties":{"r_סמל ועדה":9,"SHEM_YISHUV":"החותרים","SEMEL_YISHUV":434,"r_בזב":611,"r_מצביעים":460,"r_פסולים":2,"r_כשרים":458,"r_אמת":97,"r_ום":5,"r_ט":9,"r_כן":65,"r_ל":8,"r_מחל":19,"r_מרצ":42,"r_פה":204,"r_אחר":9,"max_party":"יש עתיד","color_general":"#FF8E3C","color_ynet":"#F90000","TOTAL_BZB":611}},{"type":"Feature","geometry":{"type":"Polygon","coordinates":[[[35.19009,32.60091],[35.221202,32.60091],[35.221202,32.622429],[35.19009,32.622429],[35.19009,32.60091],[35.19009,32.60091]]]},"id":684,"properties":{"r_סמל ועדה":5,"SHEM_YISHUV":"היוגב","SEMEL_YISHUV":684,"r_בזב":618,"r_מצביעים":501,"r_פסולים":1,"r_כשרים":500,"r_אמת":53,"r_ט":13,"r_כן":93,"r_ל":10,"r_מחל":31,"r_מרצ":23,"r_פה":256,"r_שס":4,"r_אחר":17,"max_party":"יש עתיד","color_general":"#FF8E3C","color_ynet":"#F90000","TOTAL_BZB":618}},{"type":"Feature","geometry":{"type":"Polygon","coordinates":[[[35.239489,33.032681],[35.249167,33.032681],[35.249167,33.039196],[35.239489,33.039196],[35.239489,33.032681],[35.239489,33.032681]]]},"id":1208,"properties":{"r_סמל ועדה":6,"SHEM_YISHUV":"הילה","SEMEL_YISHUV":1208,"r_בזב":509,"r_מצביעים":330,"r_פסולים":0,"r_כשרים":330,"r_אמת":37,"r_ט":8,"r_כן":48,"r_מחל":27,"r_מרצ":33,"r_פה":166,"r_אחר":11,"max_party":"יש עתיד","color_general":"#FF8E3C","color_ynet":"#F90000","TOTAL_BZB":509}},{"type":"Feature","geometry":{"type":"Polygon","coordinates":[[[34.979173,32.374033],[34.987697,32.374033],[34.987697,32.381125],[34.979173,32.381125],[34.979173,32.374033],[34.979173,32.374033]]]},"id":377,"properties":{"r_סמל ועדה":10,"SHEM_YISHUV":"המעפיל","SEMEL_YISHUV":377,"r_בזב":651,"r_מצביעים":483,"r_פסולים":0,"r_כשרים":483,"r_אמת":77,"r_ג":3,"r_ט":3,"r_כן":74,"r_מחל":15,"r_מרצ":103,"r_פה":193,"r_אחר":15,"max_party":"יש עתיד","color_general":"#FF8E3C","color_ynet":"#F90000","TOTAL_BZB":651}},{"type":"Feature","geometry":{"type":"Polygon","coordinates":[[[35.225795,32.74723],[35.245574,32.74723],[35.245574,32.756584],[35.225795,32.756584],[35.225795,32.74723],[35.225795,32.74723]]]},"id":677,"properties":{"r_סמל ועדה":5,"SHEM_YISHUV":"הסוללים","SEMEL_YISHUV":677,"r_בזב":760,"r_מצביעים":557,"r_פסולים":0,"r_כשרים":557,"r_אמת":68,"r_ום":3,"r_ט":16,"r_כן":105,"r_ל":7,"r_מחל":57,"r_מרצ":39,"r_פה":251,"r_שס":4,"r_אחר":7,"max_party":"יש עתיד","color_general":"#FF8E3C","color_ynet":"#F90000","TOTAL_BZB":760}},{"type":"Feature","geometry":{"type":"Polygon","coordinates":[[[34.919929,32.357992],[34.927768,32.357992],[34.927768,32.365196],[34.919929,32.365196],[34.919929,32.357992],[34.919929,32.357992]]]},"id":423,"properties":{"r_סמל ועדה":10,"SHEM_YISHUV":"העוגן","SEMEL_YISHUV":423,"r_בזב":647,"r_מצביעים":457,"r_פסולים":0,"r_כשרים":457,"r_אמת":73,"r_ום":4,"r_ט":7,"r_כן":52,"r_ל":5,"r_מחל":15,"r_מרצ":115,"r_פה":169,"r_אחר":17,"max_party":"יש עתיד","color_general":"#FF8E3C","color_ynet":"#F90000","TOTAL_BZB":647}},{"type":"Feature","geometry":{"type":"Polygon","coordinates":[[[35.124083,31.820259],[35.13601,31.820259],[35.13601,31.832332],[35.124083,31.832332],[35.124083,31.820259],[35.124083,31.820259]]]},"id":3769,"properties":{"r_סמל ועדה":2,"SHEM_YISHUV":"הר אדר","SEMEL_YISHUV":3769,"r_בזב":3177,"r_מצביעים":2361,"r_פסולים":6,"r_כשרים":2355,"r_אמת":166,"r_ט":151,"r_כן":406,"r_ל":74,"r_מחל":508,"r_מרצ":161,"r_פה":784,"r_שס":21,"r_אחר":84,"max_party":"יש עתיד","color_general":"#FF8E3C","color_ynet":"#F90000","TOTAL_BZB":3177}},{"type":"Feature","geometry":{"type":"Polygon","coordinates":[[[35.163106,31.718905],[35.175744,31.718905],[35.175744,31.726333],[35.163106,31.726333],[35.163106,31.718905],[35.163106,31.718905]]]},"id":3603,"properties":{"r_סמל ועדה":2,"SHEM_YISHUV":"הר גילה","SEMEL_YISHUV":3603,"r_בזב":1059,"r_מצביעים":779,"r_פסולים":1,"r_כשרים":778,"r_אמת":27,"r_ט":152,"r_כן":78,"r_ל":30,"r_מחל":310,"r_מרצ":7,"r_פה":96,"r_שס":45,"r_אחר":33,"max_party":"הליכוד","color_general":"#1C5BAD","color_ynet":"#1417AC","TOTAL_BZB":1059}},{"type":"Feature","geometry":{"type":"Polygon","coordinates":[[[35.091412,31.33822],[35.105742,31.33822],[35.105742,31.348242],[35.091412,31.348242],[35.091412,31.33822],[35.091412,31.33822]]]},"id":1261,"properties":{"r_סמל ועדה":18,"SHEM_YISHUV":"הר עמשא","SEMEL_YISHUV":1261,"r_בזב":130,"r_מצביעים":90,"r_פסולים":0,"r_כשרים":90,"r_אמת":12,"r_ג":4,"r_ט":3,"r_כן":10,"r_ל":3,"r_מחל":7,"r_מרצ":10,"r_פה":31,"r_אחר":10,"max_party":"יש עתיד","color_general":"#FF8E3C","color_ynet":"#F90000","TOTAL_BZB":130}},{"type":"Feature","geometry":{"type":"Polygon","coordinates":[[[34.944023,31.802321],[34.95823,31.802321],[34.95823,31.813785],[34.944023,31.813785],[34.944023,31.802321],[34.944023,31.802321]]]},"id":464,"properties":{"r_סמל ועדה":2,"SHEM_YISHUV":"הראל","SEMEL_YISHUV":464,"r_בזב":236,"r_מצביעים":127,"r_פסולים":0,"r_כשרים":127,"r_אמת":30,"r_ום":3,"r_ט":1,"r_כן":12,"r_מחל":6,"r_מרצ":27,"r_פה":45,"r_אחר":3,"max_party":"יש עתיד","color_general":"#FF8E3C","color_ynet":"#F90000","TOTAL_BZB":236}},{"type":"Feature","geometry":{"type":"Polygon","coordinates":[[[35.168898,32.758648],[35.181013,32.758648],[35.181013,32.766354],[35.168898,32.766354],[35.168898,32.758648],[35.168898,32.758648]]]},"id":1249,"properties":{"r_סמל ועדה":20,"SHEM_YISHUV":"הרדוף","SEMEL_YISHUV":1249,"r_בזב":450,"r_מצביעים":309,"r_פסולים":1,"r_כשרים":308,"r_אמת":44,"r_ום":9,"r_ט":3,"r_כן":13,"r_ל":3,"r_מחל":4,"r_מרצ":127,"r_עם":4,"r_פה":78,"r_אחר":23,"max_party":"מרצ","color_general":"#FC60C3","color_ynet":"#71BF45","TOTAL_BZB":450}},{"type":"Feature","geometry":{"type":"Polygon","coordinates":[[[34.791253,32.144018],[34.864599,32.144018],[34.864599,32.202129],[34.791253,32.202129],[34.791253,32.144018],[34.791253,32.144018]]]},"id":6400,"properties":{"r_סמל ועדה":15,"SHEM_YISHUV":"הרצלייה","SEMEL_YISHUV":6400,"r_בזב":88932,"r_מצביעים":58374,"r_פסולים":208,"r_כשרים":58166,"r_אמת":3351,"r_ג":465,"r_ט":3232,"r_כן":8176,"r_ל":2008,"r_מחל":12365,"r_מרצ":3336,"r_פה":21644,"r_שס":2050,"r_אחר":1539,"max_party":"יש עתיד","color_general":"#FF8E3C","color_ynet":"#F90000","TOTAL_BZB":88932}},{"type":"Feature","geometry":{"type":"Polygon","coordinates":[[[35.358875,32.84205],[35.372949,32.84205],[35.372949,32.847262],[35.358875,32.847262],[35.358875,32.84205],[35.358875,32.84205]]]},"id":1203,"properties":{"r_סמל ועדה":20,"SHEM_YISHUV":"הררית","SEMEL_YISHUV":1203,"r_בזב":423,"r_מצביעים":312,"r_פסולים":1,"r_כשרים":311,"r_אמת":53,"r_ום":9,"r_כן":17,"r_ל":5,"r_מחל":7,"r_מרצ":50,"r_עם":3,"r_פה":125,"r_אחר":42,"max_party":"יש עתיד","color_general":"#FF8E3C","color_ynet":"#F90000","TOTAL_BZB":423}},{"type":"Feature","geometry":{"type":"Polygon","coordinates":[[[35.426139,31.824815],[35.435192,31.824815],[35.435192,31.829229],[35.426139,31.829229],[35.426139,31.824815],[35.426139,31.824815]]]},"id":3639,"properties":{"r_סמל ועדה":2,"SHEM_YISHUV":"ורד יריחו","SEMEL_YISHUV":3639,"r_בזב":267,"r_מצביעים":199,"r_פסולים":0,"r_כשרים":199,"r_אמת":4,"r_ג":1,"r_ט":47,"r_כן":22,"r_ל":2,"r_מחל":75,"r_פה":33,"r_שס":6,"r_אחר":9,"max_party":"הליכוד","color_general":"#1C5BAD","color_ynet":"#1417AC","TOTAL_BZB":267}},{"type":"Feature","geometry":{"type":"Polygon","coordinates":[[[34.77869,31.661485],[34.783919,31.661485],[34.783919,31.665785],[34.77869,31.665785],[34.77869,31.661485],[34.77869,31.661485]]]},"id":1133,"properties":{"r_סמל ועדה":17,"SHEM_YISHUV":"ורדון","SEMEL_YISHUV":1133,"r_בזב":214,"r_מצביעים":156,"r_פסולים":0,"r_כשרים":156,"r_אמת":6,"r_ג":6,"r_ום":1,"r_ט":15,"r_כן":31,"r_מחל":53,"r_מרצ":8,"r_פה":23,"r_שס":12,"r_אחר":1,"max_party":"הליכוד","color_general":"#1C5BAD","color_ynet":"#1417AC","TOTAL_BZB":214}},{"type":"Feature","geometry":{"type":"Polygon","coordinates":[[[34.752186,31.651689],[34.771439,31.651689],[34.771439,31.667485],[34.752186,31.667485],[34.752186,31.651689],[34.752186,31.651689]]]},"id":815,"properties":{"r_סמל ועדה":17,"SHEM_YISHUV":"זבדיאל","SEMEL_YISHUV":815,"r_בזב":447,"r_מצביעים":391,"r_פסולים":0,"r_כשרים":391,"r_ג":19,"r_ט":79,"r_כן":3,"r_מחל":162,"r_פה":5,"r_שס":116,"r_אחר":7,"max_party":"הליכוד","color_general":"#1C5BAD","color_ynet":"#1417AC","TOTAL_BZB":447}},{"type":"Feature","geometry":{"type":"Polygon","coordinates":[[[34.687093,31.588623],[34.6988,31.588623],[34.6988,31.600117],[34.687093,31.600117],[34.687093,31.588623],[34.687093,31.588623]]]},"id":44,"properties":{"r_סמל ועדה":17,"SHEM_YISHUV":"זוהר","SEMEL_YISHUV":44,"r_בזב":253,"r_מצביעים":186,"r_פסולים":0,"r_כשרים":186,"r_ג":4,"r_ט":21,"r_כן":20,"r_ל":4,"r_מחל":97,"r_פה":9,"r_שס":30,"r_אחר":1,"max_party":"הליכוד","color_general":"#1C5BAD","color_ynet":"#1417AC","TOTAL_BZB":253}},{"type":"Feature","geometry":{"type":"Polygon","coordinates":[[[34.516158,31.604898],[34.525821,31.604898],[34.525821,31.613019],[34.516158,31.613019],[34.516158,31.604898],[34.516158,31.604898]]]},"id":584,"properties":{"r_סמל ועדה":17,"SHEM_YISHUV":"זיקים","SEMEL_YISHUV":584,"r_בזב":757,"r_מצביעים":514,"r_פסולים":5,"r_כשרים":509,"r_אמת":46,"r_ט":26,"r_כן":79,"r_ל":10,"r_מחל":75,"r_מרצ":92,"r_עם":4,"r_פה":158,"r_אחר":19,"max_party":"יש עתיד","color_general":"#FF8E3C","color_ynet":"#F90000","TOTAL_BZB":757}},{"type":"Feature","geometry":{"type":"Polygon","coordinates":[[[34.880074,31.971028],[34.898956,31.971028],[34.898956,31.981237],[34.880074,31.981237],[34.880074,31.971028],[34.880074,31.971028]]]},"id":788,"properties":{"r_סמל ועדה":12,"SHEM_YISHUV":"זיתן","SEMEL_YISHUV":788,"r_בזב":818,"r_מצביעים":674,"r_פסולים":1,"r_כשרים":673,"r_אמת":6,"r_ט":106,"r_כן":50,"r_ל":5,"r_מחל":373,"r_פה":33,"r_שס":85,"r_אחר":15,"max_party":"הליכוד","color_general":"#1C5BAD","color_ynet":"#1417AC","TOTAL_BZB":818}},{"type":"Feature","geometry":{"type":"Polygon","coordinates":[[[34.927823,32.52621],[35.003074,32.52621],[35.003074,32.604092],[34.927823,32.604092],[34.927823,32.52621],[34.927823,32.52621]]]},"id":9300,"properties":{"r_סמל ועדה":9,"SHEM_YISHUV":"זכרון יעקב","SEMEL_YISHUV":9300,"r_בזב":17889,"r_מצביעים":12740,"r_פסולים":32,"r_כשרים":12708,"r_אמת":741,"r_ג":615,"r_ט":747,"r_כן":1744,"r_ל":330,"r_מחל":2143,"r_מרצ":762,"r_פה":4337,"r_שס":844,"r_אחר":445,"max_party":"יש עתיד","color_general":"#FF8E3C","color_ynet":"#F90000","TOTAL_BZB":17889}},{"type":"Feature","geometry":{"type":"Polygon","coordinates":[[[34.938255,31.704492],[34.950264,31.704492],[34.950264,31.714328],[34.938255,31.714328],[34.938255,31.704492],[34.938255,31.704492]]]},"id":799,"properties":{"r_סמל ועדה":2,"SHEM_YISHUV":"זכריה","SEMEL_YISHUV":799,"r_בזב":767,"r_מצביעים":626,"r_פסולים":4,"r_כשרים":622,"r_ט":102,"r_כן":30,"r_מחל":384,"r_פה":37,"r_שס":55,"r_אחר":14,"max_party":"הליכוד","color_general":"#1C5BAD","color_ynet":"#1417AC","TOTAL_BZB":767}},{"type":"Feature","geometry":{"type":"Polygon","coordinates":[[[35.014321,32.346437],[35.05145,32.346437],[35.05145,32.377807],[35.014321,32.377807],[35.014321,32.346437],[35.014321,32.346437]]]},"id":1290,"properties":{"r_סמל ועדה":10,"SHEM_YISHUV":"זמר","SEMEL_YISHUV":1290,"r_בזב":5038,"r_מצביעים":2845,"r_פסולים":27,"r_כשרים":2818,"r_ום":442,"r_מרצ":24,"r_עם":746,"r_אחר":1606,"max_party":"אחר","color_general":"#F7C94C","color_ynet":"#FE9601","TOTAL_BZB":5038}},{"type":"Feature","geometry":{"type":"Polygon","coordinates":[[[34.54555,31.443142],[34.560909,31.443142],[34.560909,31.453585],[34.54555,31.453585],[34.54555,31.443142],[34.54555,31.443142]]]},"id":1065,"properties":{"r_סמל ועדה":18,"SHEM_YISHUV":"זמרת","SEMEL_YISHUV":1065,"r_בזב":400,"r_מצביעים":355,"r_פסולים":0,"r_כשרים":355,"r_ג":5,"r_ט":103,"r_כן":13,"r_מחל":172,"r_פה":3,"r_שס":52,"r_אחר":7,"max_party":"הליכוד","color_general":"#1C5BAD","color_ynet":"#1417AC","TOTAL_BZB":400}},{"type":"Feature","geometry":{"type":"Polygon","coordinates":[[[34.993234,31.727381],[35.00463,31.727381],[35.00463,31.73553],[34.993234,31.73553],[34.993234,31.727381],[34.993234,31.727381]]]},"id":816,"properties":{"r_סמל ועדה":2,"SHEM_YISHUV":"זנוח","SEMEL_YISHUV":816,"r_בזב":407,"r_מצביעים":305,"r_פסולים":0,"r_כשרים":305,"r_ג":7,"r_ט":48,"r_כן":18,"r_מחל":154,"r_מרצ":2,"r_פה":9,"r_שס":60,"r_אחר":7,"max_party":"הליכוד","color_general":"#1C5BAD","color_ynet":"#1417AC","TOTAL_BZB":407}},{"type":"Feature","geometry":{"type":"Polygon","coordinates":[[[34.615723,31.452109],[34.63118,31.452109],[34.63118,31.467398],[34.615723,31.467398],[34.615723,31.452109],[34.615723,31.452109]]]},"id":2064,"properties":{"r_סמל ועדה":18,"SHEM_YISHUV":"זרועה","SEMEL_YISHUV":2064,"r_בזב":336,"r_מצביעים":251,"r_פסולים":0,"r_כשרים":251,"r_אמת":3,"r_ג":2,"r_ט":44,"r_כן":9,"r_ל":3,"r_מחל":137,"r_מרצ":4,"r_פה":7,"r_שס":40,"r_אחר":2,"max_party":"הליכוד","color_general":"#1C5BAD","color_ynet":"#1417AC","TOTAL_BZB":336}},{"type":"Feature","geometry":{"type":"Polygon","coordinates":[[[35.209393,32.708933],[35.237922,32.708933],[35.237922,32.737455],[35.209393,32.737455],[35.209393,32.708933],[35.209393,32.708933]]]},"id":975,"properties":{"r_סמל ועדה":5,"SHEM_YISHUV":"זרזיר","SEMEL_YISHUV":975,"r_בזב":5760,"r_מצביעים":2557,"r_פסולים":19,"r_כשרים":2538,"r_אמת":23,"r_ום":105,"r_כן":211,"r_מחל":99,"r_מרצ":47,"r_עם":1881,"r_פה":37,"r_אחר":135,"max_party":"רע\"מ","color_general":"#F7C94C","color_ynet":"#FE9601","TOTAL_BZB":5760}},{"type":"Feature","geometry":{"type":"Polygon","coordinates":[[[34.72917,31.672105],[34.756758,31.672105],[34.756758,31.691947],[34.72917,31.691947],[34.72917,31.672105],[34.72917,31.672105]]]},"id":818,"properties":{"r_סמל ועדה":17,"SHEM_YISHUV":"זרחיה","SEMEL_YISHUV":818,"r_בזב":519,"r_מצביעים":449,"r_פסולים":0,"r_כשרים":449,"r_ג":8,"r_ט":114,"r_כן":3,"r_מחל":170,"r_פה":3,"r_שס":141,"r_אחר":10,"max_party":"הליכוד","color_general":"#1C5BAD","color_ynet":"#1417AC","TOTAL_BZB":519}},{"type":"Feature","geometry":{"type":"Polygon","coordinates":[[[35.132599,32.766236],[35.143847,32.766236],[35.143847,32.775185],[35.132599,32.775185],[35.132599,32.766236],[35.132599,32.766236]]]},"id":1321,"properties":{"r_סמל ועדה":8,"SHEM_YISHUV":"ח'ואלד","SEMEL_YISHUV":1321,"r_בזב":552,"r_מצביעים":260,"r_פסולים":2,"r_כשרים":258,"r_אמת":2,"r_ום":39,"r_כן":17,"r_מחל":11,"r_עם":157,"r_פה":2,"r_שס":2,"r_אחר":28,"max_party":"רע\"מ","color_general":"#F7C94C","color_ynet":"#FE9601","TOTAL_BZB":552}},{"type":"Feature","geometry":{"type":"Polygon","coordinates":[[[34.858559,32.357033],[34.86792,32.357033],[34.86792,32.363519],[34.858559,32.363519],[34.858559,32.357033],[34.858559,32.357033]]]},"id":235,"properties":{"r_סמל ועדה":10,"SHEM_YISHUV":"חבצלת השרון","SEMEL_YISHUV":235,"r_בזב":340,"r_מצביעים":209,"r_פסולים":0,"r_כשרים":209,"r_אמת":17,"r_ט":23,"r_כן":33,"r_ל":2,"r_מחל":32,"r_מרצ":23,"r_פה":71,"r_שס":5,"r_אחר":3,"max_party":"יש עתיד","color_general":"#FF8E3C","color_ynet":"#F90000","TOTAL_BZB":340}},{"type":"Feature","geometry":{"type":"Polygon","coordinates":[[[35.256097,32.543582],[35.268093,32.543582],[35.268093,32.550194],[35.256097,32.550194],[35.256097,32.543582],[35.256097,32.543582]]]},"id":1110,"properties":{"r_סמל ועדה":5,"SHEM_YISHUV":"חבר","SEMEL_YISHUV":1110,"r_בזב":501,"r_מצביעים":362,"r_פסולים":1,"r_כשרים":361,"r_אמת":10,"r_ט":50,"r_כן":45,"r_ל":13,"r_מחל":158,"r_מרצ":2,"r_פה":46,"r_שס":31,"r_אחר":6,"max_party":"הליכוד","color_general":"#1C5BAD","color_ynet":"#1417AC","TOTAL_BZB":501}},{"type":"Feature","geometry":{"type":"Polygon","coordinates":[[[35.057114,31.496437],[35.127546,31.496437],[35.127546,31.564992],[35.057114,31.564992],[35.057114,31.496437],[35.057114,31.496437]]]},"id":3400,"properties":{"r_סמל ועדה":2,"SHEM_YISHUV":"חברון","SEMEL_YISHUV":3400,"r_בזב":338,"r_מצביעים":215,"r_פסולים":0,"r_כשרים":215,"r_ג":2,"r_ט":190,"r_מחל":12,"r_שס":2,"r_אחר":9,"max_party":"הציונות הדתית","color_general":"#A88461","color_ynet":"#5C97BF","TOTAL_BZB":338}},{"type":"Feature","geometry":{"type":"Polygon","coordinates":[[[34.938761,32.130958],[34.952614,32.130958],[34.952614,32.147537],[34.938761,32.147537],[34.938761,32.130958],[34.938761,32.130958]]]},"id":717,"properties":{"r_סמל ועדה":19,"SHEM_YISHUV":"חגור","SEMEL_YISHUV":717,"r_בזב":729,"r_מצביעים":580,"r_פסולים":1,"r_כשרים":579,"r_אמת":43,"r_ג":3,"r_ט":49,"r_כן":80,"r_ל":8,"r_מחל":121,"r_מרצ":21,"r_פה":226,"r_שס":12,"r_אחר":16,"max_party":"יש עתיד","color_general":"#FF8E3C","color_ynet":"#F90000","TOTAL_BZB":729}},{"type":"Feature","geometry":{"type":"Polygon","coordinates":[[[35.07639,31.490433],[35.083613,31.490433],[35.083613,31.496338],[35.07639,31.496338],[35.07639,31.490433],[35.07639,31.490433]]]},"id":3764,"properties":{"r_סמל ועדה":2,"SHEM_YISHUV":"חגי","SEMEL_YISHUV":3764,"r_בזב":384,"r_מצביעים":280,"r_פסולים":0,"r_כשרים":280,"r_ט":236,"r_מחל":30,"r_אחר":14,"max_party":"הציונות הדתית","color_general":"#A88461","color_ynet":"#5C97BF","TOTAL_BZB":384}},{"type":"Feature","geometry":{"type":"Polygon","coordinates":[[[34.920714,32.382594],[34.932279,32.382594],[34.932279,32.391775],[34.920714,32.391775],[34.920714,32.382594],[34.920714,32.382594]]]},"id":205,"properties":{"r_סמל ועדה":10,"SHEM_YISHUV":"חגלה","SEMEL_YISHUV":205,"r_בזב":554,"r_מצביעים":412,"r_פסולים":1,"r_כשרים":411,"r_אמת":77,"r_ט":10,"r_כן":63,"r_ל":6,"r_מחל":23,"r_מרצ":42,"r_פה":178,"r_אחר":12,"max_party":"יש עתיד","color_general":"#FF8E3C","color_ynet":"#F90000","TOTAL_BZB":554}},{"type":"Feature","geometry":{"type":"Polygon","coordinates":[[[35.63412,32.924854],[35.645296,32.924854],[35.645296,32.939642],[35.63412,32.939642],[35.63412,32.924854],[35.63412,32.924854]]]},"id":4026,"properties":{"r_סמל ועדה":4,"SHEM_YISHUV":"חד-נס","SEMEL_YISHUV":4026,"r_בזב":724,"r_מצביעים":416,"r_פסולים":0,"r_כשרים":416,"r_אמת":8,"r_ט":45,"r_כן":60,"r_ל":6,"r_מחל":126,"r_מרצ":8,"r_פה":137,"r_שס":4,"r_אחר":22,"max_party":"יש עתיד","color_general":"#FF8E3C","color_ynet":"#F90000","TOTAL_BZB":724}},{"type":"Feature","geometry":{"type":"Polygon","coordinates":[[[34.921097,31.963071],[34.942024,31.963071],[34.942024,31.974318],[34.921097,31.974318],[34.921097,31.963071],[34.921097,31.963071]]]},"id":618,"properties":{"r_סמל ועדה":12,"SHEM_YISHUV":"חדיד","SEMEL_YISHUV":618,"r_בזב":650,"r_מצביעים":507,"r_פסולים":1,"r_כשרים":506,"r_אמת":6,"r_ג":10,"r_ט":120,"r_כן":28,"r_מחל":213,"r_מרצ":5,"r_פה":53,"r_שס":46,"r_אחר":25,"max_party":"הליכוד","color_general":"#1C5BAD","color_ynet":"#1417AC","TOTAL_BZB":650}},{"type":"Feature","geometry":{"type":"Polygon","coordinates":[[[34.869038,32.403387],[34.978629,32.403387],[34.978629,32.478148],[34.869038,32.478148],[34.869038,32.403387],[34.869038,32.403387]]]},"id":6500,"properties":{"r_סמל ועדה":9,"SHEM_YISHUV":"חדרה","SEMEL_YISHUV":6500,"r_בזב":80141,"r_מצביעים":50287,"r_פסולים":313,"r_כשרים":49974,"r_אמת":1278,"r_ג":567,"r_ט":5194,"r_כן":4646,"r_ל":3320,"r_מחל":19072,"r_מרצ":769,"r_פה":9258,"r_שס":4390,"r_אחר":1480,"max_party":"הליכוד","color_general":"#1C5BAD","color_ynet":"#1417AC","TOTAL_BZB":80141}},{"type":"Feature","geometry":{"type":"Polygon","coordinates":[[[34.878065,31.825627],[34.887473,31.825627],[34.887473,31.835794],[34.878065,31.835794],[34.878065,31.825627],[34.878065,31.825627]]]},"id":160,"properties":{"r_סמל ועדה":12,"SHEM_YISHUV":"חולדה","SEMEL_YISHUV":160,"r_בזב":712,"r_מצביעים":552,"r_פסולים":0,"r_כשרים":552,"r_אמת":57,"r_ט":26,"r_כן":85,"r_ל":11,"r_מחל":62,"r_מרצ":44,"r_פה":253,"r_אחר":14,"max_party":"יש עתיד","color_general":"#FF8E3C","color_ynet":"#F90000","TOTAL_BZB":712}},{"type":"Feature","geometry":{"type":"Polygon","coordinates":[[[34.755304,31.988715],[34.814792,31.988715],[34.814792,32.038663],[34.755304,32.038663],[34.755304,31.988715],[34.755304,31.988715]]]},"id":6600,"properties":{"r_סמל ועדה":16,"SHEM_YISHUV":"חולון","SEMEL_YISHUV":6600,"r_בזב":159831,"r_מצביעים":102424,"r_פסולים":613,"r_כשרים":101811,"r_אמת":2890,"r_ג":849,"r_ט":10380,"r_כן":11844,"r_ל":4755,"r_מחל":35294,"r_מרצ":1583,"r_פה":20947,"r_שס":10719,"r_אחר":2550,"max_party":"הליכוד","color_general":"#1C5BAD","color_ynet":"#1417AC","TOTAL_BZB":159831}},{"type":"Feature","geometry":{"type":"Polygon","coordinates":[[[34.322396,31.224968],[34.331416,31.224968],[34.331416,31.235079],[34.322396,31.235079],[34.322396,31.224968],[34.322396,31.224968]]]},"id":1239,"properties":{"r_סמל ועדה":18,"SHEM_YISHUV":"חולית","SEMEL_YISHUV":1239,"r_בזב":141,"r_מצביעים":93,"r_פסולים":1,"r_כשרים":92,"r_אמת":19,"r_ום":1,"r_ט":8,"r_כן":23,"r_ל":4,"r_מחל":6,"r_מרצ":6,"r_פה":23,"r_אחר":2,"max_party":"המחנה הממלכתי","color_general":"#6079FC","color_ynet":"#D600D6","TOTAL_BZB":141}},{"type":"Feature","geometry":{"type":"Polygon","coordinates":[[[35.606041,33.047952],[35.614341,33.047952],[35.614341,33.054727],[35.606041,33.054727],[35.606041,33.047952],[35.606041,33.047952]]]},"id":253,"properties":{"r_סמל ועדה":3,"SHEM_YISHUV":"חולתה","SEMEL_YISHUV":253,"r_בזב":482,"r_מצביעים":349,"r_פסולים":0,"r_כשרים":349,"r_אמת":88,"r_ום":2,"r_ט":22,"r_כן":42,"r_ל":4,"r_מחל":19,"r_מרצ":32,"r_פה":121,"r_אחר":19,"max_party":"יש עתיד","color_general":"#FF8E3C","color_ynet":"#F90000","TOTAL_BZB":482}},{"type":"Feature","geometry":{"type":"Polygon","coordinates":[[[35.289589,32.994095],[35.311034,32.994095],[35.311034,33.005105],[35.289589,33.005105],[35.289589,32.994095],[35.289589,32.994095]]]},"id":662,"properties":{"r_סמל ועדה":6,"SHEM_YISHUV":"חוסן","SEMEL_YISHUV":662,"r_בזב":789,"r_מצביעים":558,"r_פסולים":4,"r_כשרים":554,"r_אמת":8,"r_ג":4,"r_ט":76,"r_כן":51,"r_ל":14,"r_מחל":280,"r_מרצ":6,"r_פה":54,"r_שס":47,"r_אחר":14,"max_party":"הליכוד","color_general":"#1C5BAD","color_ynet":"#1417AC","TOTAL_BZB":789}},{"type":"Feature","geometry":{"type":"Polygon","coordinates":[[[35.313155,32.895186],[35.329718,32.895186],[35.329718,32.905819],[35.313155,32.905819],[35.313155,32.895186],[35.313155,32.895186]]]},"id":1332,"properties":{"r_סמל ועדה":20,"SHEM_YISHUV":"חוסנייה","SEMEL_YISHUV":1332,"r_בזב":607,"r_מצביעים":330,"r_פסולים":9,"r_כשרים":321,"r_אמת":2,"r_ום":69,"r_כן":3,"r_מחל":5,"r_עם":188,"r_אחר":54,"max_party":"רע\"מ","color_general":"#F7C94C","color_ynet":"#FE9601","TOTAL_BZB":607}},{"type":"Feature","geometry":{"type":"Polygon","coordinates":[[[34.867583,32.380869],[34.883208,32.380869],[34.883208,32.388327],[34.867583,32.388327],[34.867583,32.380869],[34.867583,32.380869]]]},"id":115,"properties":{"r_סמל ועדה":10,"SHEM_YISHUV":"חופית","SEMEL_YISHUV":115,"r_בזב":788,"r_מצביעים":574,"r_פסולים":6,"r_כשרים":568,"r_אמת":57,"r_ט":3,"r_כן":80,"r_ל":17,"r_מחל":42,"r_מרצ":69,"r_פה":279,"r_אחר":21,"max_party":"יש עתיד","color_general":"#FF8E3C","color_ynet":"#F90000","TOTAL_BZB":788}},{"type":"Feature","geometry":{"type":"Polygon","coordinates":[[[35.491665,32.875727],[35.500001,32.875727],[35.500001,32.884642],[35.491665,32.884642],[35.491665,32.875727],[35.491665,32.875727]]]},"id":374,"properties":{"r_סמל ועדה":4,"SHEM_YISHUV":"חוקוק","SEMEL_YISHUV":374,"r_בזב":495,"r_מצביעים":331,"r_פסולים":2,"r_כשרים":329,"r_אמת":70,"r_ום":6,"r_ט":10,"r_כן":58,"r_ל":8,"r_מחל":14,"r_מרצ":31,"r_פה":115,"r_שס":2,"r_אחר":15,"max_party":"יש עתיד","color_general":"#FF8E3C","color_ynet":"#F90000","TOTAL_BZB":495}},{"type":"Feature","geometry":{"type":"Polygon","coordinates":[[[34.91617,31.277188],[34.964991,31.277188],[34.964991,31.314304],[34.91617,31.314304],[34.91617,31.277188],[34.91617,31.277188]]]},"id":1303,"properties":{"r_סמל ועדה":18,"SHEM_YISHUV":"חורה","SEMEL_YISHUV":1303,"r_בזב":9346,"r_מצביעים":4583,"r_פסולים":63,"r_כשרים":4520,"r_ום":1771,"r_מחל":65,"r_מרצ":23,"r_עם":2478,"r_אחר":183,"max_party":"רע\"מ","color_general":"#F7C94C","color_ynet":"#FE9601","TOTAL_BZB":9346}},{"type":"Feature","geometry":{"type":"Polygon","coordinates":[[[35.326682,33.009429],[35.365289,33.009429],[35.365289,33.035813],[35.326682,33.035813],[35.326682,33.009429],[35.326682,33.009429]]]},"id":496,"properties":{"r_סמל ועדה":6,"SHEM_YISHUV":"חורפיש","SEMEL_YISHUV":496,"r_בזב":4836,"r_מצביעים":2586,"r_פסולים":9,"r_כשרים":2577,"r_אמת":67,"r_ום":67,"r_כן":1379,"r_ל":379,"r_מחל":94,"r_מרצ":265,"r_עם":24,"r_פה":169,"r_שס":69,"r_אחר":64,"max_party":"המחנה הממלכתי","color_general":"#6079FC","color_ynet":"#D600D6","TOTAL_BZB":4836}},{"type":"Feature","geometry":{"type":"Polygon","coordinates":[[[34.967078,32.133801],[34.97393,32.133801],[34.97393,32.144372],[34.967078,32.144372],[34.967078,32.133801],[34.967078,32.133801]]]},"id":355,"properties":{"r_סמל ועדה":19,"SHEM_YISHUV":"חורשים","SEMEL_YISHUV":355,"r_בזב":307,"r_מצביעים":208,"r_פסולים":0,"r_כשרים":208,"r_אמת":26,"r_ט":16,"r_כן":27,"r_ל":4,"r_מחל":28,"r_מרצ":38,"r_עם":2,"r_פה":60,"r_אחר":7,"max_party":"יש עתיד","color_general":"#FF8E3C","color_ynet":"#F90000","TOTAL_BZB":307}},{"type":"Feature","geometry":{"type":"Polygon","coordinates":[[[35.38738,32.900755],[35.399721,32.900755],[35.399721,32.90985],[35.38738,32.90985],[35.38738,32.900755],[35.38738,32.900755]]]},"id":1047,"properties":{"r_סמל ועדה":3,"SHEM_YISHUV":"חזון","SEMEL_YISHUV":1047,"r_בזב":255,"r_מצביעים":221,"r_פסולים":2,"r_כשרים":219,"r_אמת":2,"r_ג":7,"r_ט":38,"r_כן":8,"r_מחל":120,"r_שס":43,"max_party":"הליכוד","color_general":"#1C5BAD","color_ynet":"#1417AC","TOTAL_BZB":255}},{"type":"Feature","geometry":{"type":"Polygon","coordinates":[[[34.907696,32.393801],[34.919963,32.393801],[34.919963,32.401211],[34.907696,32.401211],[34.907696,32.393801],[34.907696,32.393801]]]},"id":219,"properties":{"r_סמל ועדה":10,"SHEM_YISHUV":"חיבת ציון","SEMEL_YISHUV":219,"r_בזב":536,"r_מצביעים":425,"r_פסולים":0,"r_כשרים":425,"r_אמת":38,"r_ג":4,"r_ט":43,"r_כן":83,"r_ל":6,"r_מחל":45,"r_מרצ":25,"r_פה":161,"r_שס":4,"r_אחר":16,"max_party":"יש עתיד","color_general":"#FF8E3C","color_ynet":"#F90000","TOTAL_BZB":536}},{"type":"Feature","geometry":{"type":"Polygon","coordinates":[[[35.166759,32.479673],[35.16854,32.479673],[35.16854,32.480963],[35.166759,32.480963],[35.166759,32.479673],[35.166759,32.479673]]]},"id":3643,"properties":{"r_סמל ועדה":9,"SHEM_YISHUV":"חיננית","SEMEL_YISHUV":3643,"r_בזב":902,"r_מצביעים":685,"r_פסולים":3,"r_כשרים":682,"r_אמת":6,"r_ט":374,"r_כן":21,"r_ל":41,"r_מחל":164,"r_פה":23,"r_שס":18,"r_אחר":35,"max_party":"הציונות הדתית","color_general":"#A88461","color_ynet":"#5C97BF","TOTAL_BZB":902}},{"type":"Feature","geometry":{"type":"Polygon","coordinates":[[[34.953689,32.757936],[35.079759,32.757936],[35.079759,32.842683],[34.953689,32.842683],[34.953689,32.757936],[34.953689,32.757936]]]},"id":4000,"properties":{"r_סמל ועדה":7,"SHEM_YISHUV":"חיפה","SEMEL_YISHUV":4000,"r_בזב":253292,"r_מצביעים":140649,"r_פסולים":886,"r_כשרים":139763,"r_אמת":6654,"r_ג":5258,"r_ום":7974,"r_ט":8792,"r_כן":14167,"r_ל":11364,"r_מחל":29260,"r_מרצ":6417,"r_עם":1147,"r_פה":36778,"r_שס":4425,"r_אחר":7527,"max_party":"יש עתיד","color_general":"#FF8E3C","color_ynet":"#F90000","TOTAL_BZB":253292}},{"type":"Feature","geometry":{"type":"Polygon","coordinates":[[[34.906933,32.235489],[34.922224,32.235489],[34.922224,32.245431],[34.906933,32.245431],[34.906933,32.235489],[34.906933,32.235489]]]},"id":162,"properties":{"r_סמל ועדה":10,"SHEM_YISHUV":"חירות","SEMEL_YISHUV":162,"r_בזב":963,"r_מצביעים":747,"r_פסולים":0,"r_כשרים":747,"r_אמת":149,"r_ט":8,"r_כן":113,"r_ל":7,"r_מחל":29,"r_מרצ":59,"r_פה":362,"r_אחר":20,"max_party":"יש עתיד","color_general":"#FF8E3C","color_ynet":"#F90000","TOTAL_BZB":963}},{"type":"Feature","geometry":{"type":"Polygon","coordinates":[[[35.307825,32.946936],[35.31739,32.946936],[35.31739,32.95328],[35.307825,32.95328],[35.307825,32.946936],[35.307825,32.946936]]]},"id":1272,"properties":{"r_סמל ועדה":6,"SHEM_YISHUV":"חלוץ","SEMEL_YISHUV":1272,"r_בזב":454,"r_מצביעים":296,"r_פסולים":0,"r_כשרים":296,"r_אמת":41,"r_ט":5,"r_כן":32,"r_ל":6,"r_מחל":19,"r_מרצ":56,"r_פה":118,"r_שס":2,"r_אחר":17,"max_party":"יש עתיד","color_general":"#FF8E3C","color_ynet":"#F90000","TOTAL_BZB":454}},{"type":"Feature","geometry":{"type":"Polygon","coordinates":[[[34.649513,31.570385],[34.667152,31.570385],[34.667152,31.58369],[34.649513,31.58369],[34.649513,31.570385],[34.649513,31.570385]]]},"id":820,"properties":{"r_סמל ועדה":17,"SHEM_YISHUV":"חלץ","SEMEL_YISHUV":820,"r_בזב":367,"r_מצביעים":270,"r_פסולים":2,"r_כשרים":268,"r_אמת":2,"r_ט":34,"r_כן":21,"r_מחל":152,"r_פה":11,"r_שס":36,"r_אחר":12,"max_party":"הליכוד","color_general":"#1C5BAD","color_ynet":"#1417AC","TOTAL_BZB":367}},{"type":"Feature","geometry":{"type":"Polygon","coordinates":[[[35.482945,32.826702],[35.501833,32.826702],[35.501833,32.833161],[35.482945,32.833161],[35.482945,32.826702],[35.482945,32.826702]]]},"id":993,"properties":{"r_סמל ועדה":4,"SHEM_YISHUV":"חמאם","SEMEL_YISHUV":993,"r_בזב":1230,"r_מצביעים":596,"r_פסולים":4,"r_כשרים":592,"r_אמת":5,"r_ום":79,"r_מחל":17,"r_מרצ":10,"r_עם":427,"r_אחר":54,"max_party":"רע\"מ","color_general":"#F7C94C","color_ynet":"#FE9601","TOTAL_BZB":1230}},{"type":"Feature","geometry":{"type":"Polygon","coordinates":[[[34.825408,32.010885],[34.85069,32.010885],[34.85069,32.027439],[34.825408,32.027439],[34.825408,32.010885],[34.825408,32.010885]]]},"id":801,"properties":{"r_סמל ועדה":12,"SHEM_YISHUV":"חמ\"ד","SEMEL_YISHUV":801,"r_בזב":614,"r_מצביעים":507,"r_פסולים":5,"r_כשרים":502,"r_אמת":8,"r_ג":23,"r_ט":153,"r_כן":54,"r_ל":5,"r_מחל":100,"r_פה":32,"r_שס":43,"r_אחר":84,"max_party":"הציונות הדתית","color_general":"#A88461","color_ynet":"#5C97BF","TOTAL_BZB":614}},{"type":"Feature","geometry":{"type":"Polygon","coordinates":[[[35.516209,32.516282],[35.523631,32.516282],[35.523631,32.525909],[35.516209,32.525909],[35.516209,32.516282],[35.516209,32.516282]]]},"id":343,"properties":{"r_סמל ועדה":5,"SHEM_YISHUV":"חמדיה","SEMEL_YISHUV":343,"r_בזב":335,"r_מצביעים":231,"r_פסולים":2,"r_כשרים":229,"r_אמת":33,"r_ט":15,"r_כן":52,"r_ל":6,"r_מחל":34,"r_מרצ":6,"r_פה":79,"r_אחר":4,"max_party":"יש עתיד","color_general":"#FF8E3C","color_ynet":"#F90000","TOTAL_BZB":335}},{"type":"Feature","geometry":{"type":"Polygon","coordinates":[[[35.52397,32.248836],[35.529027,32.248836],[35.529027,32.253749],[35.52397,32.253749],[35.52397,32.248836],[35.52397,32.248836]]]},"id":3646,"properties":{"r_סמל ועדה":5,"SHEM_YISHUV":"חמדת","SEMEL_YISHUV":3646,"r_בזב":164,"r_מצביעים":121,"r_פסולים":0,"r_כשרים":121,"r_ט":73,"r_כן":2,"r_מחל":29,"r_פה":1,"r_שס":3,"r_אחר":13,"max_party":"הציונות הדתית","color_general":"#A88461","color_ynet":"#5C97BF","TOTAL_BZB":164}},{"type":"Feature","geometry":{"type":"Polygon","coordinates":[[[35.434869,32.19765],[35.438786,32.19765],[35.438786,32.202598],[35.434869,32.202598],[35.434869,32.19765],[35.434869,32.19765]]]},"id":3609,"properties":{"r_סמל ועדה":5,"SHEM_YISHUV":"חמרה","SEMEL_YISHUV":3609,"r_בזב":148,"r_מצביעים":104,"r_פסולים":1,"r_כשרים":103,"r_אמת":5,"r_ג":1,"r_ט":34,"r_כן":12,"r_מחל":29,"r_מרצ":2,"r_פה":16,"r_שס":1,"r_אחר":3,"max_party":"הציונות הדתית","color_general":"#A88461","color_ynet":"#5C97BF","TOTAL_BZB":148}},{"type":"Feature","geometry":{"type":"Polygon","coordinates":[[[34.942395,32.324687],[34.957955,32.324687],[34.957955,32.341209],[34.942395,32.341209],[34.942395,32.324687],[34.942395,32.324687]]]},"id":807,"properties":{"r_סמל ועדה":10,"SHEM_YISHUV":"חניאל","SEMEL_YISHUV":807,"r_בזב":647,"r_מצביעים":470,"r_פסולים":1,"r_כשרים":469,"r_אמת":47,"r_ום":3,"r_ט":17,"r_כן":78,"r_ל":10,"r_מחל":45,"r_מרצ":43,"r_פה":209,"r_אחר":17,"max_party":"יש עתיד","color_general":"#FF8E3C","color_ynet":"#F90000","TOTAL_BZB":647}},{"type":"Feature","geometry":{"type":"Polygon","coordinates":[[[35.16334,33.082115],[35.185819,33.082115],[35.185819,33.092403],[35.16334,33.092403],[35.16334,33.082115],[35.16334,33.082115]]]},"id":280,"properties":{"r_סמל ועדה":6,"SHEM_YISHUV":"חניתה","SEMEL_YISHUV":280,"r_בזב":726,"r_מצביעים":447,"r_פסולים":0,"r_כשרים":447,"r_אמת":77,"r_ום":5,"r_ט":15,"r_כן":84,"r_ל":7,"r_מחל":31,"r_מרצ":72,"r_פה":144,"r_שס":3,"r_אחר":9,"max_party":"יש עתיד","color_general":"#FF8E3C","color_ynet":"#F90000","TOTAL_BZB":726}},{"type":"Feature","geometry":{"type":"Polygon","coordinates":[[[35.236195,32.777583],[35.250276,32.777583],[35.250276,32.788559],[35.236195,32.788559],[35.236195,32.777583],[35.236195,32.777583]]]},"id":1257,"properties":{"r_סמל ועדה":5,"SHEM_YISHUV":"חנתון","SEMEL_YISHUV":1257,"r_בזב":558,"r_מצביעים":413,"r_פסולים":2,"r_כשרים":411,"r_אמת":62,"r_ום":6,"r_ט":20,"r_כן":71,"r_ל":8,"r_מחל":66,"r_מרצ":26,"r_פה":132,"r_שס":4,"r_אחר":16,"max_party":"יש עתיד","color_general":"#FF8E3C","color_ynet":"#F90000","TOTAL_BZB":558}},{"type":"Feature","geometry":{"type":"Polygon","coordinates":[[[35.787148,32.839857],[35.799466,32.839857],[35.799466,32.848864],[35.787148,32.848864],[35.787148,32.839857],[35.787148,32.839857]]]},"id":4005,"properties":{"r_סמל ועדה":4,"SHEM_YISHUV":"חספין","SEMEL_YISHUV":4005,"r_בזב":891,"r_מצביעים":645,"r_פסולים":1,"r_כשרים":644,"r_ג":7,"r_ט":475,"r_כן":18,"r_מחל":64,"r_פה":8,"r_שס":18,"r_אחר":54,"max_party":"הציונות הדתית","color_general":"#A88461","color_ynet":"#5C97BF","TOTAL_BZB":891}},{"type":"Feature","geometry":{"type":"Polygon","coordinates":[[[34.796586,31.783119],[34.805939,31.783119],[34.805939,31.793641],[34.796586,31.793641],[34.796586,31.783119],[34.796586,31.783119]]]},"id":363,"properties":{"r_סמל ועדה":13,"SHEM_YISHUV":"חפץ חיים","SEMEL_YISHUV":363,"r_בזב":370,"r_מצביעים":308,"r_פסולים":1,"r_כשרים":307,"r_ג":16,"r_ט":181,"r_כן":7,"r_ל":3,"r_מחל":67,"r_פה":3,"r_שס":2,"r_אחר":28,"max_party":"הציונות הדתית","color_general":"#A88461","color_ynet":"#5C97BF","TOTAL_BZB":370}},{"type":"Feature","geometry":{"type":"Polygon","coordinates":[[[35.419123,32.514876],[35.430711,32.514876],[35.430711,32.522786],[35.419123,32.522786],[35.419123,32.514876],[35.419123,32.514876]]]},"id":90,"properties":{"r_סמל ועדה":5,"SHEM_YISHUV":"חפצי-בה","SEMEL_YISHUV":90,"r_בזב":587,"r_מצביעים":411,"r_פסולים":2,"r_כשרים":409,"r_אמת":49,"r_ט":30,"r_כן":60,"r_ל":5,"r_מחל":52,"r_מרצ":31,"r_פה":161,"r_אחר":21,"max_party":"יש עתיד","color_general":"#FF8E3C","color_ynet":"#F90000","TOTAL_BZB":587}},{"type":"Feature","geometry":{"type":"Polygon","coordinates":[[[34.760762,31.770259],[34.778587,31.770259],[34.778587,31.790598],[34.760762,31.790598],[34.760762,31.770259],[34.760762,31.770259]]]},"id":700,"properties":{"r_סמל ועדה":17,"SHEM_YISHUV":"חצב","SEMEL_YISHUV":700,"r_בזב":903,"r_מצביעים":703,"r_פסולים":2,"r_כשרים":701,"r_אמת":16,"r_ג":7,"r_ט":146,"r_כן":127,"r_מחל":250,"r_פה":95,"r_שס":36,"r_אחר":24,"max_party":"הליכוד","color_general":"#1C5BAD","color_ynet":"#1417AC","TOTAL_BZB":903}},{"type":"Feature","geometry":{"type":"Polygon","coordinates":[[[35.275793,30.761226],[35.285447,30.761226],[35.285447,30.778768],[35.275793,30.778768],[35.275793,30.761226],[35.275793,30.761226]]]},"id":13,"properties":{"r_סמל ועדה":18,"SHEM_YISHUV":"חצבה","SEMEL_YISHUV":13,"r_בזב":566,"r_מצביעים":408,"r_פסולים":1,"r_כשרים":407,"r_אמת":37,"r_ט":18,"r_כן":121,"r_ל":7,"r_מחל":24,"r_מרצ":27,"r_עם":4,"r_פה":147,"r_שס":3,"r_אחר":19,"max_party":"יש עתיד","color_general":"#FF8E3C","color_ynet":"#F90000","TOTAL_BZB":566}},{"type":"Feature","geometry":{"type":"Polygon","coordinates":[[[35.522575,32.97478],[35.561294,32.97478],[35.561294,32.995352],[35.522575,32.995352],[35.522575,32.97478],[35.522575,32.97478]]]},"id":2034,"properties":{"r_סמל ועדה":3,"SHEM_YISHUV":"חצור הגלילית","SEMEL_YISHUV":2034,"r_בזב":7481,"r_מצביעים":5284,"r_פסולים":17,"r_כשרים":5267,"r_ג":905,"r_ט":645,"r_כן":205,"r_ל":145,"r_מחל":2276,"r_פה":157,"r_שס":809,"r_אחר":125,"max_party":"הליכוד","color_general":"#1C5BAD","color_ynet":"#1417AC","TOTAL_BZB":7481}},{"type":"Feature","geometry":{"type":"Polygon","coordinates":[[[34.71551,31.768241],[34.726648,31.768241],[34.726648,31.778106],[34.71551,31.778106],[34.71551,31.768241],[34.71551,31.768241]]]},"id":406,"properties":{"r_סמל ועדה":17,"SHEM_YISHUV":"חצור-אשדוד","SEMEL_YISHUV":406,"r_בזב":693,"r_מצביעים":484,"r_פסולים":1,"r_כשרים":483,"r_אמת":52,"r_כן":56,"r_ל":4,"r_מחל":20,"r_מרצ":158,"r_פה":183,"r_אחר":10,"max_party":"יש עתיד","color_general":"#FF8E3C","color_ynet":"#F90000","TOTAL_BZB":693}},{"type":"Feature","geometry":{"type":"Polygon","coordinates":[[[34.709694,31.235063],[34.719972,31.235063],[34.719972,31.243199],[34.709694,31.243199],[34.709694,31.235063],[34.709694,31.235063]]]},"id":397,"properties":{"r_סמל ועדה":18,"SHEM_YISHUV":"חצרים","SEMEL_YISHUV":397,"r_בזב":832,"r_מצביעים":607,"r_פסולים":0,"r_כשרים":607,"r_אמת":146,"r_ט":5,"r_כן":102,"r_ל":16,"r_מחל":19,"r_מרצ":73,"r_פה":236,"r_אחר":10,"max_party":"יש עתיד","color_general":"#FF8E3C","color_ynet":"#F90000","TOTAL_BZB":832}},{"type":"Feature","geometry":{"type":"Polygon","coordinates":[[[34.905518,32.39713],[34.926569,32.39713],[34.926569,32.409146],[34.905518,32.409146],[34.905518,32.39713],[34.905518,32.39713]]]},"id":422,"properties":{"r_סמל ועדה":10,"SHEM_YISHUV":"חרב לאת","SEMEL_YISHUV":422,"r_בזב":587,"r_מצביעים":426,"r_פסולים":0,"r_כשרים":426,"r_אמת":38,"r_ט":30,"r_כן":50,"r_ל":11,"r_מחל":82,"r_מרצ":27,"r_פה":164,"r_שס":7,"r_אחר":17,"max_party":"יש עתיד","color_general":"#FF8E3C","color_ynet":"#F90000","TOTAL_BZB":587}},{"type":"Feature","geometry":{"type":"Polygon","coordinates":[[[34.861824,32.225356],[34.867252,32.225356],[34.867252,32.230417],[34.861824,32.230417],[34.861824,32.225356],[34.861824,32.225356]]]},"id":1024,"properties":{"r_סמל ועדה":10,"SHEM_YISHUV":"חרוצים","SEMEL_YISHUV":1024,"r_בזב":615,"r_מצביעים":473,"r_פסולים":2,"r_כשרים":471,"r_אמת":31,"r_ג":3,"r_ט":29,"r_כן":81,"r_ל":4,"r_מחל":120,"r_מרצ":49,"r_פה":110,"r_שס":19,"r_אחר":25,"max_party":"הליכוד","color_general":"#1C5BAD","color_ynet":"#1417AC","TOTAL_BZB":615}},{"type":"Feature","geometry":{"type":"Polygon","coordinates":[[[35.035227,32.449439],[35.087985,32.449439],[35.087985,32.48419],[35.035227,32.48419],[35.035227,32.449439],[35.035227,32.449439]]]},"id":1247,"properties":{"r_סמל ועדה":9,"SHEM_YISHUV":"חריש","SEMEL_YISHUV":1247,"r_בזב":17269,"r_מצביעים":12330,"r_פסולים":59,"r_כשרים":12271,"r_אמת":279,"r_ג":442,"r_ט":2749,"r_כן":777,"r_ל":677,"r_מחל":2892,"r_מרצ":160,"r_פה":1662,"r_שס":2031,"r_אחר":602,"max_party":"הליכוד","color_general":"#1C5BAD","color_ynet":"#1417AC","TOTAL_BZB":17269}},{"type":"Feature","geometry":{"type":"Polygon","coordinates":[[[35.116823,32.421975],[35.121484,32.421975],[35.121484,32.425547],[35.116823,32.425547],[35.116823,32.421975],[35.116823,32.421975]]]},"id":3717,"properties":{"r_סמל ועדה":9,"SHEM_YISHUV":"חרמש","SEMEL_YISHUV":3717,"r_בזב":213,"r_מצביעים":138,"r_פסולים":2,"r_כשרים":136,"r_אמת":1,"r_ט":31,"r_כן":9,"r_ל":16,"r_מחל":58,"r_מרצ":1,"r_פה":17,"r_אחר":3,"max_party":"הליכוד","color_general":"#1C5BAD","color_ynet":"#1417AC","TOTAL_BZB":213}},{"type":"Feature","geometry":{"type":"Polygon","coordinates":[[[35.324002,32.953611],[35.330281,32.953611],[35.330281,32.960525],[35.324002,32.960525],[35.324002,32.953611],[35.324002,32.953611]]]},"id":1209,"properties":{"r_סמל ועדה":6,"SHEM_YISHUV":"חרשים","SEMEL_YISHUV":1209,"r_בזב":249,"r_מצביעים":187,"r_פסולים":0,"r_כשרים":187,"r_אמת":34,"r_ום":3,"r_ט":1,"r_כן":8,"r_ל":6,"r_מחל":3,"r_מרצ":73,"r_פה":48,"r_שס":3,"r_אחר":8,"max_party":"מרצ","color_general":"#FC60C3","color_ynet":"#71BF45","TOTAL_BZB":249}},{"type":"Feature","geometry":{"type":"Polygon","coordinates":[[[35.018992,31.926537],[35.028257,31.926537],[35.028257,31.935039],[35.018992,31.935039],[35.018992,31.926537],[35.018992,31.926537]]]},"id":3770,"properties":{"r_סמל ועדה":12,"SHEM_YISHUV":"חשמונאים","SEMEL_YISHUV":3770,"r_בזב":2244,"r_מצביעים":1646,"r_פסולים":6,"r_כשרים":1640,"r_אמת":10,"r_ג":27,"r_ט":730,"r_כן":77,"r_ל":13,"r_מחל":321,"r_פה":39,"r_שס":122,"r_אחר":301,"max_party":"הציונות הדתית","color_general":"#A88461","color_ynet":"#5C97BF","TOTAL_BZB":2244}},{"type":"Feature","geometry":{"type":"Polygon","coordinates":[[[35.495291,32.754008],[35.562987,32.754008],[35.562987,32.812137],[35.495291,32.812137],[35.495291,32.754008],[35.495291,32.754008]]]},"id":6700,"properties":{"r_סמל ועדה":4,"SHEM_YISHUV":"טבריה","SEMEL_YISHUV":6700,"r_בזב":36702,"r_מצביעים":22659,"r_פסולים":113,"r_כשרים":22546,"r_אמת":153,"r_ג":1932,"r_ט":2893,"r_כן":1205,"r_ל":862,"r_מחל":9105,"r_פה":1332,"r_שס":4597,"r_אחר":467,"max_party":"הליכוד","color_general":"#1C5BAD","color_ynet":"#1417AC","TOTAL_BZB":36702}},{"type":"Feature","geometry":{"type":"Polygon","coordinates":[[[35.574736,32.951147],[35.604849,32.951147],[35.604849,32.978946],[35.574736,32.978946],[35.574736,32.951147],[35.574736,32.951147]]]},"id":962,"properties":{"r_סמל ועדה":3,"SHEM_YISHUV":"טובא-זנגרייה","SEMEL_YISHUV":962,"r_בזב":4793,"r_מצביעים":2106,"r_פסולים":23,"r_כשרים":2083,"r_אמת":17,"r_ום":254,"r_כן":61,"r_מחל":58,"r_מרצ":32,"r_עם":1440,"r_פה":11,"r_אחר":210,"max_party":"רע\"מ","color_general":"#F7C94C","color_ynet":"#FE9601","TOTAL_BZB":4793}},{"type":"Feature","geometry":{"type":"Polygon","coordinates":[[[35.354609,32.748693],[35.407094,32.748693],[35.407094,32.801893],[35.354609,32.801893],[35.354609,32.748693],[35.354609,32.748693]]]},"id":498,"properties":{"r_סמל ועדה":5,"SHEM_YISHUV":"טורעאן","SEMEL_YISHUV":498,"r_בזב":10111,"r_מצביעים":5003,"r_פסולים":42,"r_כשרים":4961,"r_ום":2299,"r_מחל":67,"r_מרצ":63,"r_עם":1528,"r_פה":30,"r_אחר":974,"max_party":"חד\"ש תע\"ל","color_general":"#58C879","color_ynet":"#FFC37B","TOTAL_BZB":10111}},{"type":"Feature","geometry":{"type":"Polygon","coordinates":[[[34.967457,32.239408],[35.029964,32.239408],[35.029964,32.283649],[34.967457,32.283649],[34.967457,32.239408],[34.967457,32.239408]]]},"id":2730,"properties":{"r_סמל ועדה":10,"SHEM_YISHUV":"טייבה","SEMEL_YISHUV":2730,"r_בזב":30461,"r_מצביעים":17580,"r_פסולים":179,"r_כשרים":17401,"r_ום":10943,"r_מרצ":244,"r_עם":2893,"r_אחר":3321,"max_party":"חד\"ש תע\"ל","color_general":"#58C879","color_ynet":"#FFC37B","TOTAL_BZB":30461}},{"type":"Feature","geometry":{"type":"Polygon","coordinates":[[[35.439769,32.595644],[35.451941,32.595644],[35.451941,32.612627],[35.439769,32.612627],[35.439769,32.595644],[35.439769,32.595644]]]},"id":497,"properties":{"r_סמל ועדה":5,"SHEM_YISHUV":"טייבה (בעמק)","SEMEL_YISHUV":497,"r_בזב":1305,"r_מצביעים":602,"r_פסולים":1,"r_כשרים":601,"r_אמת":16,"r_ום":118,"r_מחל":6,"r_מרצ":16,"r_עם":289,"r_פה":5,"r_אחר":151,"max_party":"רע\"מ","color_general":"#F7C94C","color_ynet":"#FE9601","TOTAL_BZB":1305}},{"type":"Feature","geometry":{"type":"Polygon","coordinates":[[[34.936321,32.213259],[34.984391,32.213259],[34.984391,32.253021],[34.936321,32.253021],[34.936321,32.213259],[34.936321,32.213259]]]},"id":2720,"properties":{"r_סמל ועדה":10,"SHEM_YISHUV":"טירה","SEMEL_YISHUV":2720,"r_בזב":19319,"r_מצביעים":12030,"r_פסולים":118,"r_כשרים":11912,"r_אמת":63,"r_ום":3492,"r_מרצ":149,"r_עם":3831,"r_אחר":4377,"max_party":"אחר","color_general":"#F7C94C","color_ynet":"#FE9601","TOTAL_BZB":19319}},{"type":"Feature","geometry":{"type":"Polygon","coordinates":[[[34.922883,32.006161],[34.941758,32.006161],[34.941758,32.019147],[34.922883,32.019147],[34.922883,32.006161],[34.922883,32.006161]]]},"id":663,"properties":{"r_סמל ועדה":11,"SHEM_YISHUV":"טירת יהודה","SEMEL_YISHUV":663,"r_בזב":823,"r_מצביעים":650,"r_פסולים":1,"r_כשרים":649,"r_אמת":9,"r_ג":6,"r_ט":202,"r_כן":51,"r_מחל":248,"r_פה":19,"r_שס":48,"r_אחר":66,"max_party":"הליכוד","color_general":"#1C5BAD","color_ynet":"#1417AC","TOTAL_BZB":823}},{"type":"Feature","geometry":{"type":"Polygon","coordinates":[[[34.952335,32.743922],[34.982329,32.743922],[34.982329,32.785106],[34.952335,32.785106],[34.952335,32.743922],[34.952335,32.743922]]]},"id":2100,"properties":{"r_סמל ועדה":8,"SHEM_YISHUV":"טירת כרמל","SEMEL_YISHUV":2100,"r_בזב":22069,"r_מצביעים":15121,"r_פסולים":111,"r_כשרים":15010,"r_אמת":191,"r_ט":2030,"r_כן":1332,"r_ל":721,"r_מחל":6925,"r_מרצ":114,"r_פה":1766,"r_שס":1516,"r_אחר":415,"max_party":"הליכוד","color_general":"#1C5BAD","color_ynet":"#1417AC","TOTAL_BZB":22069}},{"type":"Feature","geometry":{"type":"Polygon","coordinates":[[[35.523109,32.417209],[35.531984,32.417209],[35.531984,32.426833],[35.523109,32.426833],[35.523109,32.417209],[35.523109,32.417209]]]},"id":268,"properties":{"r_סמל ועדה":5,"SHEM_YISHUV":"טירת צבי","SEMEL_YISHUV":268,"r_בזב":562,"r_מצביעים":425,"r_פסולים":1,"r_כשרים":424,"r_אמת":4,"r_ג":4,"r_ט":124,"r_כן":68,"r_ל":3,"r_מחל":62,"r_פה":38,"r_שס":4,"r_אחר":117,"max_party":"הציונות הדתית","color_general":"#A88461","color_ynet":"#5C97BF","TOTAL_BZB":562}},{"type":"Feature","geometry":{"type":"Polygon","coordinates":[[[34.887867,31.796001],[34.914392,31.796001],[34.914392,31.811634],[34.887867,31.811634],[34.887867,31.796001],[34.887867,31.796001]]]},"id":462,"properties":{"r_סמל ועדה":2,"SHEM_YISHUV":"טל שחר","SEMEL_YISHUV":462,"r_בזב":811,"r_מצביעים":615,"r_פסולים":0,"r_כשרים":615,"r_אמת":68,"r_ט":31,"r_כן":118,"r_ל":14,"r_מחל":75,"r_מרצ":49,"r_פה":224,"r_שס":8,"r_אחר":28,"max_party":"יש עתיד","color_general":"#FF8E3C","color_ynet":"#F90000","TOTAL_BZB":811}},{"type":"Feature","geometry":{"type":"Polygon","coordinates":[[[35.169719,32.919886],[35.186305,32.919886],[35.186305,32.931347],[35.169719,32.931347],[35.169719,32.919886],[35.169719,32.919886]]]},"id":1181,"properties":{"r_סמל ועדה":6,"SHEM_YISHUV":"טל-אל","SEMEL_YISHUV":1181,"r_בזב":1005,"r_מצביעים":733,"r_פסולים":0,"r_כשרים":733,"r_אמת":48,"r_ט":51,"r_כן":123,"r_ל":36,"r_מחל":136,"r_מרצ":18,"r_פה":284,"r_שס":6,"r_אחר":31,"max_party":"יש עתיד","color_general":"#FF8E3C","color_ynet":"#F90000","TOTAL_BZB":1005}},{"type":"Feature","geometry":{"type":"Polygon","coordinates":[[[34.766446,30.988374],[34.776141,30.988374],[34.776141,30.998014],[34.766446,30.998014],[34.766446,30.988374],[34.766446,30.988374]]]},"id":1177,"properties":{"r_סמל ועדה":18,"SHEM_YISHUV":"טללים","SEMEL_YISHUV":1177,"r_בזב":455,"r_מצביעים":312,"r_פסולים":2,"r_כשרים":310,"r_אמת":44,"r_ג":5,"r_ט":27,"r_כן":50,"r_ל":5,"r_מחל":54,"r_מרצ":10,"r_פה":93,"r_שס":2,"r_אחר":20,"max_party":"יש עתיד","color_general":"#FF8E3C","color_ynet":"#F90000","TOTAL_BZB":455}},{"type":"Feature","geometry":{"type":"Polygon","coordinates":[[[35.128611,31.934522],[35.142676,31.934522],[35.142676,31.941238],[35.128611,31.941238],[35.128611,31.934522],[35.128611,31.934522]]]},"id":3788,"properties":{"r_סמל ועדה":2,"SHEM_YISHUV":"טלמון","SEMEL_YISHUV":3788,"r_בזב":2624,"r_מצביעים":2114,"r_פסולים":1,"r_כשרים":2113,"r_ג":21,"r_ט":1793,"r_כן":16,"r_מחל":143,"r_שס":37,"r_אחר":103,"max_party":"הציונות הדתית","color_general":"#A88461","color_ynet":"#5C97BF","TOTAL_BZB":2624}},{"type":"Feature","geometry":{"type":"Polygon","coordinates":[[[35.118705,32.818182],[35.235519,32.818182],[35.235519,32.882238],[35.118705,32.882238],[35.118705,32.818182],[35.118705,32.818182]]]},"id":8900,"properties":{"r_סמל ועדה":20,"SHEM_YISHUV":"טמרה","SEMEL_YISHUV":8900,"r_בזב":24503,"r_מצביעים":15563,"r_פסולים":72,"r_כשרים":15491,"r_ום":5301,"r_מחל":92,"r_מרצ":117,"r_עם":5653,"r_פה":363,"r_אחר":3965,"max_party":"רע\"מ","color_general":"#F7C94C","color_ynet":"#FE9601","TOTAL_BZB":24503}},{"type":"Feature","geometry":{"type":"Polygon","coordinates":[[[35.399329,32.629863],[35.408592,32.629863],[35.408592,32.638682],[35.399329,32.638682],[35.399329,32.629863],[35.399329,32.629863]]]},"id":547,"properties":{"r_סמל ועדה":5,"SHEM_YISHUV":"טמרה (יזרעאל)","SEMEL_YISHUV":547,"r_בזב":1115,"r_מצביעים":510,"r_פסולים":12,"r_כשרים":498,"r_ום":158,"r_כן":6,"r_מחל":9,"r_מרצ":4,"r_עם":217,"r_אחר":104,"max_party":"רע\"מ","color_general":"#F7C94C","color_ynet":"#FE9601","TOTAL_BZB":1115}},{"type":"Feature","geometry":{"type":"Polygon","coordinates":[[[34.953262,31.370009],[34.960217,31.370009],[34.960217,31.379372],[34.953262,31.379372],[34.953262,31.370009],[34.953262,31.370009]]]},"id":3743,"properties":{"r_סמל ועדה":18,"SHEM_YISHUV":"טנא","SEMEL_YISHUV":3743,"r_בזב":541,"r_מצביעים":417,"r_פסולים":1,"r_כשרים":416,"r_אמת":8,"r_ג":4,"r_ט":194,"r_כן":42,"r_ל":7,"r_מחל":85,"r_מרצ":3,"r_פה":30,"r_שס":11,"r_אחר":32,"max_party":"הציונות הדתית","color_general":"#A88461","color_ynet":"#5C97BF","TOTAL_BZB":541}},{"type":"Feature","geometry":{"type":"Polygon","coordinates":[[[35.418109,32.862995],[35.426862,32.862995],[35.426862,32.872066],[35.418109,32.872066],[35.418109,32.862995],[35.418109,32.862995]]]},"id":1214,"properties":{"r_סמל ועדה":4,"SHEM_YISHUV":"טפחות","SEMEL_YISHUV":1214,"r_בזב":259,"r_מצביעים":201,"r_פסולים":0,"r_כשרים":201,"r_ט":115,"r_כן":3,"r_ל":2,"r_מחל":59,"r_פה":2,"r_שס":17,"r_אחר":3,"max_party":"הציונות הדתית","color_general":"#A88461","color_ynet":"#5C97BF","TOTAL_BZB":259}},{"type":"Feature","geometry":{"type":"Polygon","coordinates":[[[35.207173,32.96174],[35.281978,32.96174],[35.281978,32.99491],[35.207173,32.99491],[35.207173,32.96174],[35.207173,32.96174]]]},"id":1295,"properties":{"r_סמל ועדה":6,"SHEM_YISHUV":"יאנוח-ג'ת","SEMEL_YISHUV":1295,"r_בזב":4843,"r_מצביעים":1915,"r_פסולים":10,"r_כשרים":1905,"r_אמת":91,"r_ום":120,"r_כן":492,"r_ל":621,"r_מחל":156,"r_מרצ":72,"r_עם":17,"r_פה":229,"r_שס":67,"r_אחר":40,"max_party":"ישראל ביתנו","color_general":"#69D1E5","color_ynet":"#FFA1A1","TOTAL_BZB":4843}},{"type":"Feature","geometry":{"type":"Polygon","coordinates":[[[34.302064,31.179865],[34.326681,31.179865],[34.326681,31.199984],[34.302064,31.199984],[34.302064,31.179865],[34.302064,31.179865]]]},"id":1232,"properties":{"r_סמל ועדה":18,"SHEM_YISHUV":"יבול","SEMEL_YISHUV":1232,"r_בזב":227,"r_מצביעים":164,"r_פסולים":0,"r_כשרים":164,"r_אמת":16,"r_ט":17,"r_כן":21,"r_ל":3,"r_מחל":26,"r_מרצ":11,"r_פה":64,"r_שס":2,"r_אחר":4,"max_party":"יש עתיד","color_general":"#FF8E3C","color_ynet":"#F90000","TOTAL_BZB":227}},{"type":"Feature","geometry":{"type":"Polygon","coordinates":[[[35.476174,32.674745],[35.546931,32.674745],[35.546931,32.745516],[35.476174,32.745516],[35.476174,32.674745],[35.476174,32.674745]]]},"id":46,"properties":{"r_סמל ועדה":4,"SHEM_YISHUV":"יבנאל","SEMEL_YISHUV":46,"r_בזב":2709,"r_מצביעים":1897,"r_פסולים":25,"r_כשרים":1872,"r_אמת":29,"r_ג":47,"r_ט":259,"r_כן":99,"r_ל":11,"r_מחל":340,"r_מרצ":19,"r_פה":187,"r_שס":832,"r_אחר":49,"max_party":"ש\"ס","color_general":"#6C7CA5","color_ynet":"#995700","TOTAL_BZB":2709}},{"type":"Feature","geometry":{"type":"Polygon","coordinates":[[[34.676666,31.843486],[34.757905,31.843486],[34.757905,31.919818],[34.676666,31.919818],[34.676666,31.843486],[34.676666,31.843486]]]},"id":2660,"properties":{"r_סמל ועדה":13,"SHEM_YISHUV":"יבנה","SEMEL_YISHUV":2660,"r_בזב":37761,"r_מצביעים":28552,"r_פסולים":126,"r_כשרים":28426,"r_אמת":650,"r_ג":269,"r_ט":3729,"r_כן":3101,"r_ל":821,"r_מחל":10333,"r_מרצ":347,"r_פה":5291,"r_שס":3217,"r_אחר":668,"max_party":"הליכוד","color_general":"#1C5BAD","color_ynet":"#1417AC","TOTAL_BZB":37761}},{"type":"Feature","geometry":{"type":"Polygon","coordinates":[[[35.065377,32.735157],[35.084154,32.735157],[35.084154,32.752791],[35.065377,32.752791],[35.065377,32.735157],[35.065377,32.735157]]]},"id":96,"properties":{"r_סמל ועדה":8,"SHEM_YISHUV":"יגור","SEMEL_YISHUV":96,"r_בזב":1401,"r_מצביעים":893,"r_פסולים":3,"r_כשרים":890,"r_אמת":246,"r_ט":14,"r_כן":126,"r_ל":23,"r_מחל":37,"r_מרצ":65,"r_פה":357,"r_אחר":22,"max_party":"יש עתיד","color_general":"#FF8E3C","color_ynet":"#F90000","TOTAL_BZB":1401}},{"type":"Feature","geometry":{"type":"Polygon","coordinates":[[[34.868548,31.980003],[34.889227,31.980003],[34.889227,31.995509],[34.868548,31.995509],[34.868548,31.980003],[34.868548,31.980003]]]},"id":798,"properties":{"r_סמל ועדה":12,"SHEM_YISHUV":"יגל","SEMEL_YISHUV":798,"r_בזב":631,"r_מצביעים":515,"r_פסולים":2,"r_כשרים":513,"r_אמת":8,"r_ג":8,"r_ט":70,"r_כן":31,"r_ל":3,"r_מחל":271,"r_פה":35,"r_שס":72,"r_אחר":15,"max_party":"הליכוד","color_general":"#1C5BAD","color_ynet":"#1417AC","TOTAL_BZB":631}},{"type":"Feature","geometry":{"type":"Polygon","coordinates":[[[34.816955,31.790892],[34.826719,31.790892],[34.826719,31.802697],[34.816955,31.802697],[34.816955,31.790892],[34.816955,31.790892]]]},"id":577,"properties":{"r_סמל ועדה":13,"SHEM_YISHUV":"יד בנימין","SEMEL_YISHUV":577,"r_בזב":2411,"r_מצביעים":1875,"r_פסולים":4,"r_כשרים":1871,"r_ג":236,"r_ט":1092,"r_כן":37,"r_מחל":197,"r_פה":20,"r_שס":157,"r_אחר":132,"max_party":"הציונות הדתית","color_general":"#A88461","color_ynet":"#5C97BF","TOTAL_BZB":2411}},{"type":"Feature","geometry":{"type":"Polygon","coordinates":[[[35.086876,31.806369],[35.09142,31.806369],[35.09142,31.81227],[35.086876,31.81227],[35.086876,31.806369],[35.086876,31.806369]]]},"id":1134,"properties":{"r_סמל ועדה":2,"SHEM_YISHUV":"יד השמונה","SEMEL_YISHUV":1134,"r_בזב":170,"r_מצביעים":121,"r_פסולים":1,"r_כשרים":120,"r_אמת":1,"r_ום":1,"r_ט":2,"r_כן":32,"r_ל":23,"r_מחל":18,"r_מרצ":2,"r_פה":24,"r_אחר":17,"max_party":"המחנה הממלכתי","color_general":"#6079FC","color_ynet":"#D600D6","TOTAL_BZB":170}},{"type":"Feature","geometry":{"type":"Polygon","coordinates":[[[35.001349,32.322862],[35.010609,32.322862],[35.010609,32.330046],[35.001349,32.330046],[35.001349,32.322862],[35.001349,32.322862]]]},"id":758,"properties":{"r_סמל ועדה":10,"SHEM_YISHUV":"יד חנה","SEMEL_YISHUV":758,"r_בזב":604,"r_מצביעים":485,"r_פסולים":2,"r_כשרים":483,"r_אמת":41,"r_ום":5,"r_ט":29,"r_כן":67,"r_ל":13,"r_מחל":68,"r_מרצ":38,"r_פה":211,"r_אחר":11,"max_party":"יש עתיד","color_general":"#FF8E3C","color_ynet":"#F90000","TOTAL_BZB":604}},{"type":"Feature","geometry":{"type":"Polygon","coordinates":[[[34.551753,31.582029],[34.566106,31.582029],[34.566106,31.594448],[34.551753,31.594448],[34.551753,31.582029],[34.551753,31.582029]]]},"id":358,"properties":{"r_סמל ועדה":17,"SHEM_YISHUV":"יד מרדכי","SEMEL_YISHUV":358,"r_בזב":725,"r_מצביעים":505,"r_פסולים":1,"r_כשרים":504,"r_אמת":61,"r_ט":12,"r_כן":96,"r_ל":6,"r_מחל":24,"r_מרצ":107,"r_עם":3,"r_פה":178,"r_אחר":17,"max_party":"יש עתיד","color_general":"#FF8E3C","color_ynet":"#F90000","TOTAL_BZB":725}},{"type":"Feature","geometry":{"type":"Polygon","coordinates":[[[34.697762,31.645241],[34.713893,31.645241],[34.713893,31.662637],[34.697762,31.662637],[34.697762,31.645241],[34.697762,31.645241]]]},"id":775,"properties":{"r_סמל ועדה":17,"SHEM_YISHUV":"יד נתן","SEMEL_YISHUV":775,"r_בזב":419,"r_מצביעים":308,"r_פסולים":2,"r_כשרים":306,"r_אמת":16,"r_ג":2,"r_ט":35,"r_כן":73,"r_ל":7,"r_מחל":37,"r_מרצ":8,"r_פה":110,"r_שס":9,"r_אחר":9,"max_party":"יש עתיד","color_general":"#FF8E3C","color_ynet":"#F90000","TOTAL_BZB":419}},{"type":"Feature","geometry":{"type":"Polygon","coordinates":[[[34.891501,31.892736],[34.910202,31.892736],[34.910202,31.908109],[34.891501,31.908109],[34.891501,31.892736],[34.891501,31.892736]]]},"id":64,"properties":{"r_סמל ועדה":12,"SHEM_YISHUV":"יד רמב\"ם","SEMEL_YISHUV":64,"r_בזב":878,"r_מצביעים":672,"r_פסולים":1,"r_כשרים":671,"r_אמת":6,"r_ג":5,"r_ט":116,"r_כן":51,"r_מחל":349,"r_פה":40,"r_שס":89,"r_אחר":15,"max_party":"הליכוד","color_general":"#1C5BAD","color_ynet":"#1417AC","TOTAL_BZB":878}},{"type":"Feature","geometry":{"type":"Polygon","coordinates":[[[34.866087,32.020335],[34.907905,32.020335],[34.907905,32.044019],[34.866087,32.044019],[34.866087,32.020335],[34.866087,32.020335]]]},"id":9400,"properties":{"r_סמל ועדה":11,"SHEM_YISHUV":"יהוד","SEMEL_YISHUV":9400,"r_בזב":24273,"r_מצביעים":18028,"r_פסולים":62,"r_כשרים":17966,"r_אמת":626,"r_ג":108,"r_ט":1712,"r_כן":2599,"r_ל":452,"r_מחל":5907,"r_מרצ":483,"r_פה":4863,"r_שס":766,"r_אחר":450,"max_party":"הליכוד","color_general":"#1C5BAD","color_ynet":"#1417AC","TOTAL_BZB":24273}},{"type":"Feature","geometry":{"type":"Polygon","coordinates":[[[35.124182,30.078565],[35.132762,30.078565],[35.132762,30.08688],[35.124182,30.08688],[35.124182,30.078565],[35.124182,30.078565]]]},"id":1158,"properties":{"r_סמל ועדה":18,"SHEM_YISHUV":"יהל","SEMEL_YISHUV":1158,"r_בזב":224,"r_מצביעים":132,"r_פסולים":2,"r_כשרים":130,"r_אמת":29,"r_ום":1,"r_ט":4,"r_כן":19,"r_ל":3,"r_מחל":20,"r_מרצ":8,"r_פה":45,"r_אחר":1,"max_party":"יש עתיד","color_general":"#FF8E3C","color_ynet":"#F90000","TOTAL_BZB":224}},{"type":"Feature","geometry":{"type":"Polygon","coordinates":[[[35.592529,33.234438],[35.602836,33.234438],[35.602836,33.252794],[35.592529,33.252794],[35.592529,33.234438],[35.592529,33.234438]]]},"id":2009,"properties":{"r_סמל ועדה":3,"SHEM_YISHUV":"יובל","SEMEL_YISHUV":2009,"r_בזב":464,"r_מצביעים":339,"r_פסולים":1,"r_כשרים":338,"r_אמת":20,"r_ג":2,"r_ט":34,"r_כן":79,"r_מחל":120,"r_מרצ":7,"r_פה":52,"r_שס":18,"r_אחר":6,"max_party":"הליכוד","color_general":"#1C5BAD","color_ynet":"#1417AC","TOTAL_BZB":464}},{"type":"Feature","geometry":{"type":"Polygon","coordinates":[[[35.256322,32.872419],[35.281778,32.872419],[35.281778,32.896616],[35.256322,32.896616],[35.256322,32.872419],[35.256322,32.872419]]]},"id":1226,"properties":{"r_סמל ועדה":20,"SHEM_YISHUV":"יובלים","SEMEL_YISHUV":1226,"r_בזב":1055,"r_מצביעים":775,"r_פסולים":1,"r_כשרים":774,"r_אמת":110,"r_ט":14,"r_כן":81,"r_ל":26,"r_מחל":32,"r_מרצ":90,"r_פה":395,"r_אחר":26,"max_party":"יש עתיד","color_general":"#FF8E3C","color_ynet":"#F90000","TOTAL_BZB":1055}},{"type":"Feature","geometry":{"type":"Polygon","coordinates":[[[35.26643,32.831101],[35.279475,32.831101],[35.279475,32.842522],[35.26643,32.842522],[35.26643,32.831101],[35.26643,32.831101]]]},"id":1112,"properties":{"r_סמל ועדה":20,"SHEM_YISHUV":"יודפת","SEMEL_YISHUV":1112,"r_בזב":668,"r_מצביעים":503,"r_פסולים":2,"r_כשרים":501,"r_אמת":85,"r_ום":11,"r_ט":4,"r_כן":46,"r_ל":8,"r_מחל":11,"r_מרצ":124,"r_פה":183,"r_אחר":29,"max_party":"יש עתיד","color_general":"#FF8E3C","color_ynet":"#F90000","TOTAL_BZB":668}},{"type":"Feature","geometry":{"type":"Polygon","coordinates":[[[35.787505,32.93153],[35.799232,32.93153],[35.799232,32.940767],[35.787505,32.940767],[35.787505,32.93153],[35.787505,32.93153]]]},"id":4007,"properties":{"r_סמל ועדה":4,"SHEM_YISHUV":"יונתן","SEMEL_YISHUV":4007,"r_בזב":452,"r_מצביעים":326,"r_פסולים":0,"r_כשרים":326,"r_אמת":3,"r_ט":161,"r_כן":27,"r_ל":3,"r_מחל":50,"r_פה":8,"r_שס":4,"r_אחר":70,"max_party":"הציונות הדתית","color_general":"#A88461","color_ynet":"#5C97BF","TOTAL_BZB":452}},{"type":"Feature","geometry":{"type":"Polygon","coordinates":[[[34.601021,31.43746],[34.614411,31.43746],[34.614411,31.450545],[34.601021,31.450545],[34.601021,31.43746],[34.601021,31.43746]]]},"id":803,"properties":{"r_סמל ועדה":18,"SHEM_YISHUV":"יושיביה","SEMEL_YISHUV":803,"r_בזב":377,"r_מצביעים":310,"r_פסולים":1,"r_כשרים":309,"r_ג":7,"r_ט":81,"r_ל":2,"r_מחל":98,"r_פה":4,"r_שס":113,"r_אחר":4,"max_party":"ש\"ס","color_general":"#6C7CA5","color_ynet":"#995700","TOTAL_BZB":377}},{"type":"Feature","geometry":{"type":"Polygon","coordinates":[[[35.316975,32.557306],[35.326943,32.557306],[35.326943,32.565902],[35.316975,32.565902],[35.316975,32.557306],[35.316975,32.557306]]]},"id":452,"properties":{"r_סמל ועדה":5,"SHEM_YISHUV":"יזרעאל","SEMEL_YISHUV":452,"r_בזב":565,"r_מצביעים":353,"r_פסולים":1,"r_כשרים":352,"r_אמת":99,"r_ום":2,"r_ט":2,"r_כן":50,"r_ל":10,"r_מחל":9,"r_מרצ":47,"r_פה":128,"r_אחר":5,"max_party":"יש עתיד","color_general":"#FF8E3C","color_ynet":"#F90000","TOTAL_BZB":565}},{"type":"Feature","geometry":{"type":"Polygon","coordinates":[[[35.211289,32.993324],[35.224576,32.993324],[35.224576,33.001201],[35.211289,33.001201],[35.211289,32.993324],[35.211289,32.993324]]]},"id":409,"properties":{"r_סמל ועדה":6,"SHEM_YISHUV":"יחיעם","SEMEL_YISHUV":409,"r_בזב":615,"r_מצביעים":401,"r_פסולים":3,"r_כשרים":398,"r_אמת":53,"r_ט":12,"r_כן":69,"r_ל":4,"r_מחל":50,"r_מרצ":70,"r_פה":132,"r_אחר":8,"max_party":"יש עתיד","color_general":"#FF8E3C","color_ynet":"#F90000","TOTAL_BZB":615}},{"type":"Feature","geometry":{"type":"Polygon","coordinates":[[[35.055411,29.889715],[35.068061,29.889715],[35.068061,29.90021],[35.055411,29.90021],[35.055411,29.889715],[35.055411,29.889715]]]},"id":866,"properties":{"r_סמל ועדה":18,"SHEM_YISHUV":"יטבתה","SEMEL_YISHUV":866,"r_בזב":711,"r_מצביעים":420,"r_פסולים":2,"r_כשרים":418,"r_אמת":146,"r_ט":6,"r_כן":36,"r_ל":5,"r_מחל":15,"r_מרצ":45,"r_פה":158,"r_שס":4,"r_אחר":3,"max_party":"יש עתיד","color_general":"#FF8E3C","color_ynet":"#F90000","TOTAL_BZB":711}},{"type":"Feature","geometry":{"type":"Polygon","coordinates":[[[35.421956,31.945094],[35.427285,31.945094],[35.427285,31.949155],[35.421956,31.949155],[35.421956,31.945094],[35.421956,31.945094]]]},"id":3607,"properties":{"r_סמל ועדה":2,"SHEM_YISHUV":"ייט\"ב","SEMEL_YISHUV":3607,"r_בזב":270,"r_מצביעים":186,"r_פסולים":4,"r_כשרים":182,"r_ג":1,"r_ט":122,"r_כן":2,"r_ל":1,"r_מחל":39,"r_פה":3,"r_אחר":14,"max_party":"הציונות הדתית","color_general":"#A88461","color_ynet":"#5C97BF","TOTAL_BZB":270}},{"type":"Feature","geometry":{"type":"Polygon","coordinates":[[[34.591085,31.473431],[34.60985,31.473431],[34.60985,31.493496],[34.591085,31.493496],[34.591085,31.473431],[34.591085,31.473431]]]},"id":811,"properties":{"r_סמל ועדה":17,"SHEM_YISHUV":"יכיני","SEMEL_YISHUV":811,"r_בזב":482,"r_מצביעים":386,"r_פסולים":1,"r_כשרים":385,"r_ג":2,"r_ט":79,"r_כן":9,"r_ל":2,"r_מחל":230,"r_פה":10,"r_שס":39,"r_אחר":14,"max_party":"הליכוד","color_general":"#1C5BAD","color_ynet":"#1417AC","TOTAL_BZB":482}},{"type":"Feature","geometry":{"type":"Polygon","coordinates":[[[34.941043,32.301143],[34.95775,32.301143],[34.95775,32.313385],[34.941043,32.313385],[34.941043,32.301143],[34.941043,32.301143]]]},"id":753,"properties":{"r_סמל ועדה":10,"SHEM_YISHUV":"ינוב","SEMEL_YISHUV":753,"r_בזב":621,"r_מצביעים":460,"r_פסולים":4,"r_כשרים":456,"r_אמת":30,"r_ג":7,"r_ט":41,"r_כן":67,"r_ל":6,"r_מחל":139,"r_מרצ":11,"r_פה":131,"r_שס":11,"r_אחר":13,"max_party":"הליכוד","color_general":"#1C5BAD","color_ynet":"#1417AC","TOTAL_BZB":621}},{"type":"Feature","geometry":{"type":"Polygon","coordinates":[[[34.773366,31.733783],[34.791732,31.733783],[34.791732,31.748924],[34.773366,31.748924],[34.773366,31.733783],[34.773366,31.733783]]]},"id":2011,"properties":{"r_סמל ועדה":17,"SHEM_YISHUV":"ינון","SEMEL_YISHUV":2011,"r_בזב":943,"r_מצביעים":749,"r_פסולים":1,"r_כשרים":748,"r_אמת":8,"r_ג":16,"r_ום":40,"r_ט":157,"r_כן":61,"r_ל":4,"r_מחל":329,"r_מרצ":4,"r_עם":8,"r_פה":36,"r_שס":61,"r_אחר":24,"max_party":"הליכוד","color_general":"#1C5BAD","color_ynet":"#1417AC","TOTAL_BZB":943}},{"type":"Feature","geometry":{"type":"Polygon","coordinates":[[[35.571436,33.041946],[35.6383,33.041946],[35.6383,33.079953],[35.571436,33.079953],[35.571436,33.041946],[35.571436,33.041946]]]},"id":29,"properties":{"r_סמל ועדה":3,"SHEM_YISHUV":"יסוד המעלה","SEMEL_YISHUV":29,"r_בזב":1348,"r_מצביעים":894,"r_פסולים":4,"r_כשרים":890,"r_אמת":63,"r_ג":6,"r_ט":86,"r_כן":194,"r_ל":8,"r_מחל":176,"r_מרצ":38,"r_פה":266,"r_שס":16,"r_אחר":37,"max_party":"יש עתיד","color_general":"#FF8E3C","color_ynet":"#F90000","TOTAL_BZB":1348}},{"type":"Feature","geometry":{"type":"Polygon","coordinates":[[[34.859032,31.811472],[34.870799,31.811472],[34.870799,31.819672],[34.859032,31.819672],[34.859032,31.811472],[34.859032,31.811472]]]},"id":440,"properties":{"r_סמל ועדה":13,"SHEM_YISHUV":"יסודות","SEMEL_YISHUV":440,"r_בזב":352,"r_מצביעים":320,"r_פסולים":0,"r_כשרים":320,"r_ג":277,"r_ט":24,"r_מחל":2,"r_שס":16,"max_party":"יהדות התורה","color_general":"#49536B","color_ynet":"#683B04","TOTAL_BZB":352}},{"type":"Feature","geometry":{"type":"Polygon","coordinates":[[[35.161082,32.896497],[35.170844,32.896497],[35.170844,32.904422],[35.161082,32.904422],[35.161082,32.896497],[35.161082,32.896497]]]},"id":575,"properties":{"r_סמל ועדה":20,"SHEM_YISHUV":"יסעור","SEMEL_YISHUV":575,"r_בזב":581,"r_מצביעים":409,"r_פסולים":3,"r_כשרים":406,"r_אמת":38,"r_ום":3,"r_ט":14,"r_כן":58,"r_ל":5,"r_מחל":39,"r_מרצ":57,"r_פה":185,"r_אחר":7,"max_party":"יש עתיד","color_general":"#FF8E3C","color_ynet":"#F90000","TOTAL_BZB":581}},{"type":"Feature","geometry":{"type":"Polygon","coordinates":[[[35.237903,32.873513],[35.249352,32.873513],[35.249352,32.884201],[35.237903,32.884201],[35.237903,32.873513],[35.237903,32.873513]]]},"id":1138,"properties":{"r_סמל ועדה":20,"SHEM_YISHUV":"יעד","SEMEL_YISHUV":1138,"r_בזב":628,"r_מצביעים":445,"r_פסולים":0,"r_כשרים":445,"r_אמת":90,"r_ט":4,"r_כן":61,"r_ל":5,"r_מחל":11,"r_מרצ":72,"r_עם":3,"r_פה":185,"r_אחר":14,"max_party":"יש עתיד","color_general":"#FF8E3C","color_ynet":"#F90000","TOTAL_BZB":628}},{"type":"Feature","geometry":{"type":"Polygon","coordinates":[[[34.962879,32.266309],[34.969342,32.266309],[34.969342,32.269214],[34.962879,32.269214],[34.962879,32.266309],[34.962879,32.266309]]]},"id":1044,"properties":{"r_סמל ועדה":10,"SHEM_YISHUV":"יעף","SEMEL_YISHUV":1044,"r_בזב":185,"r_מצביעים":134,"r_פסולים":0,"r_כשרים":134,"r_אמת":11,"r_ום":1,"r_ט":11,"r_כן":25,"r_מחל":21,"r_מרצ":11,"r_פה":44,"r_שס":5,"r_אחר":5,"max_party":"יש עתיד","color_general":"#FF8E3C","color_ynet":"#F90000","TOTAL_BZB":185}},{"type":"Feature","geometry":{"type":"Polygon","coordinates":[[[35.175028,33.063784],[35.194198,33.063784],[35.194198,33.071041],[35.175028,33.071041],[35.175028,33.063784],[35.175028,33.063784]]]},"id":795,"properties":{"r_סמל ועדה":6,"SHEM_YISHUV":"יערה","SEMEL_YISHUV":795,"r_בזב":590,"r_מצביעים":388,"r_פסולים":1,"r_כשרים":387,"r_אמת":4,"r_ג":3,"r_ט":58,"r_כן":32,"r_מחל":196,"r_מרצ":7,"r_פה":28,"r_שס":48,"r_אחר":11,"max_party":"הליכוד","color_general":"#1C5BAD","color_ynet":"#1417AC","TOTAL_BZB":590}},{"type":"Feature","geometry":{"type":"Polygon","coordinates":[[[35.257885,32.669216],[35.284086,32.669216],[35.284086,32.697948],[35.257885,32.697948],[35.257885,32.669216],[35.257885,32.669216]]]},"id":499,"properties":{"r_סמל ועדה":5,"SHEM_YISHUV":"יפיע","SEMEL_YISHUV":499,"r_בזב":13860,"r_מצביעים":6855,"r_פסולים":105,"r_כשרים":6750,"r_אמת":94,"r_ום":2988,"r_מחל":204,"r_מרצ":110,"r_עם":1428,"r_פה":52,"r_אחר":1874,"max_party":"חד\"ש תע\"ל","color_general":"#58C879","color_ynet":"#FFC37B","TOTAL_BZB":13860}},{"type":"Feature","geometry":{"type":"Polygon","coordinates":[[[35.470238,32.05988],[35.478338,32.05988],[35.478338,32.067031],[35.470238,32.067031],[35.470238,32.05988],[35.470238,32.05988]]]},"id":3566,"properties":{"r_סמל ועדה":5,"SHEM_YISHUV":"יפית","SEMEL_YISHUV":3566,"r_בזב":176,"r_מצביעים":101,"r_פסולים":0,"r_כשרים":101,"r_אמת":2,"r_ג":2,"r_ט":33,"r_כן":8,"r_מחל":38,"r_פה":11,"r_שס":4,"r_אחר":3,"max_party":"הליכוד","color_general":"#1C5BAD","color_ynet":"#1417AC","TOTAL_BZB":176}},{"type":"Feature","geometry":{"type":"Polygon","coordinates":[[[35.214342,32.669838],[35.231373,32.669838],[35.231373,32.684769],[35.214342,32.684769],[35.214342,32.669838],[35.214342,32.669838]]]},"id":134,"properties":{"r_סמל ועדה":5,"SHEM_YISHUV":"יפעת","SEMEL_YISHUV":134,"r_בזב":858,"r_מצביעים":649,"r_פסולים":1,"r_כשרים":648,"r_אמת":125,"r_ט":21,"r_כן":100,"r_ל":13,"r_מחל":61,"r_מרצ":49,"r_פה":255,"r_שס":4,"r_אחר":20,"max_party":"יש עתיד","color_general":"#FF8E3C","color_ynet":"#F90000","TOTAL_BZB":858}},{"type":"Feature","geometry":{"type":"Polygon","coordinates":[[[35.543662,33.117842],[35.555204,33.117842],[35.555204,33.133399],[35.543662,33.133399],[35.543662,33.117842],[35.543662,33.117842]]]},"id":453,"properties":{"r_סמל ועדה":3,"SHEM_YISHUV":"יפתח","SEMEL_YISHUV":453,"r_בזב":563,"r_מצביעים":389,"r_פסולים":3,"r_כשרים":386,"r_אמת":66,"r_ט":13,"r_כן":60,"r_ל":10,"r_מחל":14,"r_מרצ":31,"r_עם":2,"r_פה":178,"r_אחר":12,"max_party":"יש עתיד","color_general":"#FF8E3C","color_ynet":"#F90000","TOTAL_BZB":563}},{"type":"Feature","geometry":{"type":"Polygon","coordinates":[[[35.231129,32.166421],[35.242061,32.166421],[35.242061,32.169807],[35.231129,32.169807],[35.231129,32.166421],[35.231129,32.166421]]]},"id":3749,"properties":{"r_סמל ועדה":19,"SHEM_YISHUV":"יצהר","SEMEL_YISHUV":3749,"r_בזב":830,"r_מצביעים":645,"r_פסולים":0,"r_כשרים":645,"r_ג":66,"r_ט":555,"r_מחל":11,"r_שס":9,"r_אחר":4,"max_party":"הציונות הדתית","color_general":"#A88461","color_ynet":"#5C97BF","TOTAL_BZB":830}},{"type":"Feature","geometry":{"type":"Polygon","coordinates":[[[34.852267,31.856463],[34.87032,31.856463],[34.87032,31.870456],[34.852267,31.870456],[34.852267,31.856463],[34.852267,31.856463]]]},"id":759,"properties":{"r_סמל ועדה":12,"SHEM_YISHUV":"יציץ","SEMEL_YISHUV":759,"r_בזב":579,"r_מצביעים":440,"r_פסולים":2,"r_כשרים":438,"r_אמת":14,"r_ג":3,"r_ט":102,"r_כן":38,"r_מחל":198,"r_מרצ":4,"r_פה":24,"r_שס":45,"r_אחר":10,"max_party":"הליכוד","color_general":"#1C5BAD","color_ynet":"#1417AC","TOTAL_BZB":579}},{"type":"Feature","geometry":{"type":"Polygon","coordinates":[[[34.83532,32.243352],[34.847096,32.243352],[34.847096,32.252955],[34.83532,32.252955],[34.83532,32.243352],[34.83532,32.243352]]]},"id":417,"properties":{"r_סמל ועדה":10,"SHEM_YISHUV":"יקום","SEMEL_YISHUV":417,"r_בזב":577,"r_מצביעים":441,"r_פסולים":2,"r_כשרים":439,"r_אמת":59,"r_ום":3,"r_כן":55,"r_ל":3,"r_מחל":8,"r_מרצ":127,"r_פה":175,"r_אחר":9,"max_party":"יש עתיד","color_general":"#FF8E3C","color_ynet":"#F90000","TOTAL_BZB":577}},{"type":"Feature","geometry":{"type":"Polygon","coordinates":[[[35.109436,32.146836],[35.117677,32.146836],[35.117677,32.155268],[35.109436,32.155268],[35.109436,32.146836],[35.109436,32.146836]]]},"id":3647,"properties":{"r_סמל ועדה":19,"SHEM_YISHUV":"יקיר","SEMEL_YISHUV":3647,"r_בזב":1380,"r_מצביעים":1099,"r_פסולים":1,"r_כשרים":1098,"r_ט":693,"r_כן":19,"r_מחל":226,"r_פה":8,"r_שס":27,"r_אחר":125,"max_party":"הציונות הדתית","color_general":"#A88461","color_ynet":"#5C97BF","TOTAL_BZB":1380}},{"type":"Feature","geometry":{"type":"Polygon","coordinates":[[[35.10815,32.646278],[35.123211,32.646278],[35.123211,32.67283],[35.10815,32.67283],[35.10815,32.646278],[35.10815,32.646278]]]},"id":241,"properties":{"r_סמל ועדה":5,"SHEM_YISHUV":"יקנעם (מושבה)","SEMEL_YISHUV":241,"r_בזב":1019,"r_מצביעים":757,"r_פסולים":0,"r_כשרים":757,"r_אמת":91,"r_ט":24,"r_כן":102,"r_ל":17,"r_מחל":56,"r_מרצ":64,"r_פה":371,"r_שס":4,"r_אחר":28,"max_party":"יש עתיד","color_general":"#FF8E3C","color_ynet":"#F90000","TOTAL_BZB":1019}},{"type":"Feature","geometry":{"type":"Polygon","coordinates":[[[35.062454,32.633099],[35.114227,32.633099],[35.114227,32.677235],[35.062454,32.677235],[35.062454,32.633099],[35.062454,32.633099]]]},"id":240,"properties":{"r_סמל ועדה":5,"SHEM_YISHUV":"יקנעם עילית","SEMEL_YISHUV":240,"r_בזב":18933,"r_מצביעים":12790,"r_פסולים":79,"r_כשרים":12711,"r_אמת":435,"r_ג":145,"r_ט":1219,"r_כן":1466,"r_ל":1094,"r_מחל":4212,"r_מרצ":198,"r_פה":2996,"r_שס":538,"r_אחר":408,"max_party":"הליכוד","color_general":"#1C5BAD","color_ynet":"#1417AC","TOTAL_BZB":18933}},{"type":"Feature","geometry":{"type":"Polygon","coordinates":[[[35.447727,33.07275],[35.45949,33.07275],[35.45949,33.080214],[35.447727,33.080214],[35.447727,33.07275],[35.447727,33.07275]]]},"id":623,"properties":{"r_סמל ועדה":3,"SHEM_YISHUV":"יראון","SEMEL_YISHUV":623,"r_בזב":367,"r_מצביעים":219,"r_פסולים":2,"r_כשרים":217,"r_אמת":53,"r_ט":5,"r_כן":29,"r_ל":5,"r_מחל":5,"r_מרצ":16,"r_פה":96,"r_אחר":8,"max_party":"יש עתיד","color_general":"#FF8E3C","color_ynet":"#F90000","TOTAL_BZB":367}},{"type":"Feature","geometry":{"type":"Polygon","coordinates":[[[35.557344,32.558171],[35.571024,32.558171],[35.571024,32.573188],[35.557344,32.573188],[35.557344,32.558171],[35.557344,32.558171]]]},"id":2026,"properties":{"r_סמל ועדה":5,"SHEM_YISHUV":"ירדנה","SEMEL_YISHUV":2026,"r_בזב":283,"r_מצביעים":220,"r_פסולים":2,"r_כשרים":218,"r_ט":28,"r_כן":26,"r_מחל":139,"r_פה":15,"r_שס":5,"r_אחר":5,"max_party":"הליכוד","color_general":"#1C5BAD","color_ynet":"#1417AC","TOTAL_BZB":283}},{"type":"Feature","geometry":{"type":"Polygon","coordinates":[[[34.866296,30.95881],[34.996322,30.95881],[34.996322,31.014212],[34.866296,31.014212],[34.866296,30.95881],[34.866296,30.95881]]]},"id":831,"properties":{"r_סמל ועדה":18,"SHEM_YISHUV":"ירוחם","SEMEL_YISHUV":831,"r_בזב":7861,"r_מצביעים":5196,"r_פסולים":51,"r_כשרים":5145,"r_אמת":62,"r_ג":333,"r_ט":908,"r_כן":382,"r_ל":273,"r_מחל":1927,"r_מרצ":49,"r_עם":63,"r_פה":240,"r_שס":646,"r_אחר":262,"max_party":"הליכוד","color_general":"#1C5BAD","color_ynet":"#1417AC","TOTAL_BZB":7861}},{"type":"Feature","geometry":{"type":"Polygon","coordinates":[[[35.125245,31.70962],[35.265051,31.70962],[35.265051,31.883098],[35.125245,31.883098],[35.125245,31.70962],[35.125245,31.70962]]]},"id":3000,"properties":{"r_סמל ועדה":1,"SHEM_YISHUV":"ירושלים","SEMEL_YISHUV":3000,"r_בזב":432125,"r_מצביעים":266196,"r_פסולים":1496,"r_כשרים":264700,"r_אמת":6576,"r_ג":63008,"r_ום":2529,"r_ט":37635,"r_כן":13905,"r_ל":4962,"r_מחל":50582,"r_מרצ":7294,"r_פה":19773,"r_שס":48470,"r_אחר":9966,"max_party":"יהדות התורה","color_general":"#49536B","color_ynet":"#683B04","TOTAL_BZB":432125}},{"type":"Feature","geometry":{"type":"Polygon","coordinates":[[[34.962617,32.14752],[34.973597,32.14752],[34.973597,32.159012],[34.962617,32.159012],[34.962617,32.14752],[34.962617,32.14752]]]},"id":718,"properties":{"r_סמל ועדה":19,"SHEM_YISHUV":"ירחיב","SEMEL_YISHUV":718,"r_בזב":822,"r_מצביעים":607,"r_פסולים":2,"r_כשרים":605,"r_אמת":18,"r_ט":114,"r_כן":61,"r_ל":8,"r_מחל":272,"r_מרצ":14,"r_פה":65,"r_שס":32,"r_אחר":21,"max_party":"הליכוד","color_general":"#1C5BAD","color_ynet":"#1417AC","TOTAL_BZB":822}},{"type":"Feature","geometry":{"type":"Polygon","coordinates":[[[35.167976,32.940446],[35.253505,32.940446],[35.253505,32.975114],[35.167976,32.975114],[35.167976,32.940446],[35.167976,32.940446]]]},"id":502,"properties":{"r_סמל ועדה":6,"SHEM_YISHUV":"ירכא","SEMEL_YISHUV":502,"r_בזב":11387,"r_מצביעים":5823,"r_פסולים":101,"r_כשרים":5722,"r_אמת":68,"r_ום":412,"r_כן":1294,"r_ל":897,"r_מחל":1970,"r_מרצ":426,"r_עם":118,"r_פה":372,"r_שס":37,"r_אחר":128,"max_party":"הליכוד","color_general":"#1C5BAD","color_ynet":"#1417AC","TOTAL_BZB":11387}},{"type":"Feature","geometry":{"type":"Polygon","coordinates":[[[34.894542,32.138982],[34.906084,32.138982],[34.906084,32.149054],[34.894542,32.149054],[34.894542,32.138982],[34.894542,32.138982]]]},"id":183,"properties":{"r_סמל ועדה":19,"SHEM_YISHUV":"ירקונה","SEMEL_YISHUV":183,"r_בזב":309,"r_מצביעים":224,"r_פסולים":0,"r_כשרים":224,"r_אמת":23,"r_ט":4,"r_כן":39,"r_מחל":23,"r_מרצ":22,"r_פה":104,"r_שס":3,"r_אחר":6,"max_party":"יש עתיד","color_general":"#FF8E3C","color_ynet":"#F90000","TOTAL_BZB":309}},{"type":"Feature","geometry":{"type":"Polygon","coordinates":[[[34.395876,31.243002],[34.407577,31.243002],[34.407577,31.252658],[34.395876,31.252658],[34.395876,31.243002],[34.395876,31.243002]]]},"id":916,"properties":{"r_סמל ועדה":18,"SHEM_YISHUV":"ישע","SEMEL_YISHUV":916,"r_בזב":301,"r_מצביעים":216,"r_פסולים":1,"r_כשרים":215,"r_אמת":11,"r_ג":2,"r_ט":34,"r_כן":24,"r_מחל":63,"r_מרצ":7,"r_פה":66,"r_שס":2,"r_אחר":6,"max_party":"יש עתיד","color_general":"#FF8E3C","color_ynet":"#F90000","TOTAL_BZB":301}},{"type":"Feature","geometry":{"type":"Polygon","coordinates":[[[34.958152,31.745761],[34.971469,31.745761],[34.971469,31.755742],[34.958152,31.755742],[34.958152,31.745761],[34.958152,31.745761]]]},"id":805,"properties":{"r_סמל ועדה":2,"SHEM_YISHUV":"ישעי","SEMEL_YISHUV":805,"r_בזב":576,"r_מצביעים":448,"r_פסולים":0,"r_כשרים":448,"r_ג":27,"r_ט":106,"r_כן":9,"r_מחל":168,"r_פה":8,"r_שס":117,"r_אחר":13,"max_party":"הליכוד","color_general":"#1C5BAD","color_ynet":"#1417AC","TOTAL_BZB":576}},{"type":"Feature","geometry":{"type":"Polygon","coordinates":[[[34.83592,31.910592],[34.858089,31.910592],[34.858089,31.919293],[34.83592,31.919293],[34.83592,31.910592],[34.83592,31.910592]]]},"id":828,"properties":{"r_סמל ועדה":12,"SHEM_YISHUV":"ישרש","SEMEL_YISHUV":828,"r_בזב":725,"r_מצביעים":559,"r_פסולים":0,"r_כשרים":559,"r_אמת":9,"r_ט":70,"r_כן":55,"r_ל":5,"r_מחל":265,"r_מרצ":10,"r_פה":87,"r_שס":43,"r_אחר":15,"max_party":"הליכוד","color_general":"#1C5BAD","color_ynet":"#1417AC","TOTAL_BZB":725}},{"type":"Feature","geometry":{"type":"Polygon","coordinates":[[[34.319028,31.199811],[34.33366,31.199811],[34.33366,31.213356],[34.319028,31.213356],[34.319028,31.199811],[34.319028,31.199811]]]},"id":1227,"properties":{"r_סמל ועדה":18,"SHEM_YISHUV":"יתד","SEMEL_YISHUV":1227,"r_בזב":373,"r_מצביעים":278,"r_פסולים":1,"r_כשרים":277,"r_אמת":8,"r_ט":68,"r_כן":35,"r_ל":3,"r_מחל":90,"r_פה":51,"r_שס":9,"r_אחר":13,"max_party":"הליכוד","color_general":"#1C5BAD","color_ynet":"#1417AC","TOTAL_BZB":373}},{"type":"Feature","geometry":{"type":"Polygon","coordinates":[[[35.181366,32.857721],[35.22489,32.857721],[35.22489,32.89563],[35.181366,32.89563],[35.181366,32.857721],[35.181366,32.857721]]]},"id":504,"properties":{"r_סמל ועדה":20,"SHEM_YISHUV":"כאבול","SEMEL_YISHUV":504,"r_בזב":8670,"r_מצביעים":6115,"r_פסולים":54,"r_כשרים":6061,"r_ום":2182,"r_עם":1871,"r_אחר":2008,"max_party":"חד\"ש תע\"ל","color_general":"#58C879","color_ynet":"#FFC37B","TOTAL_BZB":8670}},{"type":"Feature","geometry":{"type":"Polygon","coordinates":[[[35.241171,32.81927],[35.261142,32.81927],[35.261142,32.839757],[35.241171,32.839757],[35.241171,32.81927],[35.241171,32.81927]]]},"id":505,"properties":{"r_סמל ועדה":20,"SHEM_YISHUV":"כאוכב אבו אל-היג'א","SEMEL_YISHUV":505,"r_בזב":2804,"r_מצביעים":1721,"r_פסולים":22,"r_כשרים":1699,"r_ום":667,"r_עם":535,"r_אחר":497,"max_party":"חד\"ש תע\"ל","color_general":"#58C879","color_ynet":"#FFC37B","TOTAL_BZB":2804}},{"type":"Feature","geometry":{"type":"Polygon","coordinates":[[[35.142902,33.017364],[35.155233,33.017364],[35.155233,33.025829],[35.142902,33.025829],[35.142902,33.017364],[35.142902,33.017364]]]},"id":576,"properties":{"r_סמל ועדה":6,"SHEM_YISHUV":"כברי","SEMEL_YISHUV":576,"r_בזב":890,"r_מצביעים":627,"r_פסולים":1,"r_כשרים":626,"r_אמת":131,"r_ט":16,"r_כן":98,"r_ל":8,"r_מחל":40,"r_מרצ":61,"r_פה":253,"r_אחר":19,"max_party":"יש עתיד","color_general":"#FF8E3C","color_ynet":"#F90000","TOTAL_BZB":890}},{"type":"Feature","geometry":{"type":"Polygon","coordinates":[[[35.459289,33.000176],[35.472148,33.000176],[35.472148,33.011794],[35.459289,33.011794],[35.459289,33.000176],[35.459289,33.000176]]]},"id":1338,"properties":{"r_סמל ועדה":3,"SHEM_YISHUV":"כדיתה","SEMEL_YISHUV":1338,"r_בזב":138,"r_מצביעים":67,"r_פסולים":0,"r_כשרים":67,"r_אמת":4,"r_ג":5,"r_ט":23,"r_כן":5,"r_מחל":13,"r_פה":7,"r_שס":2,"r_אחר":8,"max_party":"הציונות הדתית","color_general":"#A88461","color_ynet":"#5C97BF","TOTAL_BZB":138}},{"type":"Feature","geometry":{"type":"Polygon","coordinates":[[[35.344266,31.957721],[35.35303,31.957721],[35.35303,31.963663],[35.344266,31.963663],[35.344266,31.957721],[35.344266,31.957721]]]},"id":3564,"properties":{"r_סמל ועדה":2,"SHEM_YISHUV":"כוכב השחר","SEMEL_YISHUV":3564,"r_בזב":1358,"r_מצביעים":1072,"r_פסולים":1,"r_כשרים":1071,"r_ג":13,"r_ט":921,"r_כן":6,"r_מחל":61,"r_שס":14,"r_אחר":56,"max_party":"הציונות הדתית","color_general":"#A88461","color_ynet":"#5C97BF","TOTAL_BZB":1358}},{"type":"Feature","geometry":{"type":"Polygon","coordinates":[[[34.97953,32.207073],[35.010935,32.207073],[35.010935,32.233209],[34.97953,32.233209],[34.97953,32.207073],[34.97953,32.207073]]]},"id":1224,"properties":{"r_סמל ועדה":19,"SHEM_YISHUV":"כוכב יאיר","SEMEL_YISHUV":1224,"r_בזב":7829,"r_מצביעים":5714,"r_פסולים":13,"r_כשרים":5701,"r_אמת":484,"r_ט":286,"r_כן":884,"r_ל":187,"r_מחל":886,"r_מרצ":330,"r_פה":2327,"r_שס":29,"r_אחר":288,"max_party":"יש עתיד","color_general":"#FF8E3C","color_ynet":"#F90000","TOTAL_BZB":7829}},{"type":"Feature","geometry":{"type":"Polygon","coordinates":[[[35.238135,31.876273],[35.249704,31.876273],[35.249704,31.885224],[35.238135,31.885224],[35.238135,31.876273],[35.238135,31.876273]]]},"id":3779,"properties":{"r_סמל ועדה":2,"SHEM_YISHUV":"כוכב יעקב","SEMEL_YISHUV":3779,"r_בזב":5005,"r_מצביעים":4040,"r_פסולים":24,"r_כשרים":4016,"r_ג":809,"r_ט":1302,"r_מחל":228,"r_שס":1602,"r_אחר":75,"max_party":"ש\"ס","color_general":"#6C7CA5","color_ynet":"#995700","TOTAL_BZB":5005}},{"type":"Feature","geometry":{"type":"Polygon","coordinates":[[[34.660551,31.620797],[34.677424,31.620797],[34.677424,31.637619],[34.660551,31.637619],[34.660551,31.620797],[34.660551,31.620797]]]},"id":824,"properties":{"r_סמל ועדה":17,"SHEM_YISHUV":"כוכב מיכאל","SEMEL_YISHUV":824,"r_בזב":748,"r_מצביעים":543,"r_פסולים":2,"r_כשרים":541,"r_אמת":45,"r_ג":6,"r_ט":25,"r_כן":108,"r_ל":7,"r_מחל":77,"r_מרצ":26,"r_פה":229,"r_שס":5,"r_אחר":13,"max_party":"יש עתיד","color_general":"#FF8E3C","color_ynet":"#F90000","TOTAL_BZB":748}},{"type":"Feature","geometry":{"type":"Polygon","coordinates":[[[35.545495,32.90347],[35.555966,32.90347],[35.555966,32.914733],[35.545495,32.914733],[35.545495,32.90347],[35.545495,32.90347]]]},"id":1252,"properties":{"r_סמל ועדה":3,"SHEM_YISHUV":"כורזים","SEMEL_YISHUV":1252,"r_בזב":345,"r_מצביעים":226,"r_פסולים":4,"r_כשרים":222,"r_אמת":31,"r_ג":2,"r_ט":15,"r_כן":43,"r_ל":3,"r_מחל":33,"r_מרצ":25,"r_פה":58,"r_שס":2,"r_אחר":10,"max_party":"יש עתיד","color_general":"#FF8E3C","color_ynet":"#F90000","TOTAL_BZB":345}},{"type":"Feature","geometry":{"type":"Polygon","coordinates":[[[35.50493,32.884398],[35.51546,32.884398],[35.51546,32.897117],[35.50493,32.897117],[35.50493,32.884398],[35.50493,32.884398]]]},"id":1210,"properties":{"r_סמל ועדה":3,"SHEM_YISHUV":"כחל","SEMEL_YISHUV":1210,"r_בזב":364,"r_מצביעים":270,"r_פסולים":0,"r_כשרים":270,"r_אמת":24,"r_ט":17,"r_כן":66,"r_ל":6,"r_מחל":33,"r_מרצ":15,"r_פה":94,"r_שס":4,"r_אחר":11,"max_party":"יש עתיד","color_general":"#FF8E3C","color_ynet":"#F90000","TOTAL_BZB":364}},{"type":"Feature","geometry":{"type":"Polygon","coordinates":[[[35.046573,31.282335],[35.056829,31.282335],[35.056829,31.294522],[35.046573,31.294522],[35.046573,31.282335],[35.046573,31.282335]]]},"id":1367,"properties":{"r_סמל ועדה":18,"SHEM_YISHUV":"כחלה","SEMEL_YISHUV":1367,"r_בזב":265,"r_מצביעים":167,"r_פסולים":3,"r_כשרים":164,"r_ום":22,"r_כן":1,"r_מחל":6,"r_מרצ":4,"r_עם":49,"r_פה":76,"r_אחר":6,"max_party":"יש עתיד","color_general":"#FF8E3C","color_ynet":"#F90000","TOTAL_BZB":265}},{"type":"Feature","geometry":{"type":"Polygon","coordinates":[[[34.394686,31.369841],[34.402555,31.369841],[34.402555,31.378819],[34.394686,31.378819],[34.394686,31.369841],[34.394686,31.369841]]]},"id":840,"properties":{"r_סמל ועדה":18,"SHEM_YISHUV":"כיסופים","SEMEL_YISHUV":840,"r_בזב":300,"r_מצביעים":163,"r_פסולים":1,"r_כשרים":162,"r_אמת":51,"r_ט":11,"r_כן":16,"r_ל":3,"r_מחל":13,"r_מרצ":14,"r_עם":2,"r_פה":45,"r_שס":2,"r_אחר":5,"max_party":"העבודה","color_general":"#FC6B60","color_ynet":"#B20404","TOTAL_BZB":300}},{"type":"Feature","geometry":{"type":"Polygon","coordinates":[[[35.243775,32.940608],[35.255596,32.940608],[35.255596,32.949793],[35.243775,32.949793],[35.243775,32.940608],[35.243775,32.940608]]]},"id":1153,"properties":{"r_סמל ועדה":6,"SHEM_YISHUV":"כישור","SEMEL_YISHUV":1153,"r_בזב":131,"r_מצביעים":97,"r_פסולים":2,"r_כשרים":95,"r_אמת":12,"r_ג":1,"r_ט":3,"r_כן":11,"r_ל":2,"r_מחל":5,"r_מרצ":12,"r_עם":4,"r_פה":43,"r_אחר":2,"max_party":"יש עתיד","color_general":"#FF8E3C","color_ynet":"#F90000","TOTAL_BZB":131}},{"type":"Feature","geometry":{"type":"Polygon","coordinates":[[[35.17936,32.973255],[35.213389,32.973255],[35.213389,32.990081],[35.17936,32.990081],[35.17936,32.973255],[35.17936,32.973255]]]},"id":1183,"properties":{"r_סמל ועדה":6,"SHEM_YISHUV":"כליל","SEMEL_YISHUV":1183,"r_בזב":577,"r_מצביעים":385,"r_פסולים":4,"r_כשרים":381,"r_אמת":75,"r_ום":26,"r_ט":13,"r_כן":18,"r_ל":4,"r_מחל":9,"r_מרצ":110,"r_עם":6,"r_פה":87,"r_אחר":33,"max_party":"מרצ","color_general":"#FC60C3","color_ynet":"#71BF45","TOTAL_BZB":577}},{"type":"Feature","geometry":{"type":"Polygon","coordinates":[[[35.446665,32.871385],[35.466259,32.871385],[35.466259,32.878572],[35.446665,32.878572],[35.446665,32.871385],[35.446665,32.871385]]]},"id":1229,"properties":{"r_סמל ועדה":4,"SHEM_YISHUV":"כלנית","SEMEL_YISHUV":1229,"r_בזב":187,"r_מצביעים":152,"r_פסולים":0,"r_כשרים":152,"r_ג":3,"r_ט":52,"r_כן":2,"r_מחל":69,"r_שס":20,"r_אחר":6,"max_party":"הליכוד","color_general":"#1C5BAD","color_ynet":"#1417AC","TOTAL_BZB":187}},{"type":"Feature","geometry":{"type":"Polygon","coordinates":[[[35.333671,32.904584],[35.358169,32.904584],[35.358169,32.915176],[35.333671,32.915176],[35.333671,32.904584],[35.333671,32.904584]]]},"id":1331,"properties":{"r_סמל ועדה":20,"SHEM_YISHUV":"כמאנה","SEMEL_YISHUV":1331,"r_בזב":1133,"r_מצביעים":531,"r_פסולים":4,"r_כשרים":527,"r_ום":92,"r_מחל":12,"r_עם":297,"r_פה":10,"r_שס":14,"r_אחר":102,"max_party":"רע\"מ","color_general":"#F7C94C","color_ynet":"#FE9601","TOTAL_BZB":1133}},{"type":"Feature","geometry":{"type":"Polygon","coordinates":[[[34.428342,30.908711],[34.434932,30.908711],[34.434932,30.91187],[34.428342,30.91187],[34.428342,30.908711],[34.428342,30.908711]]]},"id":1291,"properties":{"r_סמל ועדה":18,"SHEM_YISHUV":"כמהין","SEMEL_YISHUV":1291,"r_בזב":153,"r_מצביעים":106,"r_פסולים":0,"r_כשרים":106,"r_אמת":15,"r_ג":1,"r_ט":13,"r_כן":29,"r_מחל":12,"r_מרצ":8,"r_פה":26,"r_אחר":2,"max_party":"המחנה הממלכתי","color_general":"#6079FC","color_ynet":"#D600D6","TOTAL_BZB":153}},{"type":"Feature","geometry":{"type":"Polygon","coordinates":[[[35.354666,32.906612],[35.363178,32.906612],[35.363178,32.91905],[35.354666,32.91905],[35.354666,32.906612],[35.354666,32.906612]]]},"id":1201,"properties":{"r_סמל ועדה":20,"SHEM_YISHUV":"כמון","SEMEL_YISHUV":1201,"r_בזב":577,"r_מצביעים":409,"r_פסולים":0,"r_כשרים":409,"r_אמת":68,"r_ום":4,"r_ט":7,"r_כן":64,"r_ל":8,"r_מחל":17,"r_מרצ":66,"r_פה":152,"r_אחר":23,"max_party":"יש עתיד","color_general":"#FF8E3C","color_ynet":"#F90000","TOTAL_BZB":577}},{"type":"Feature","geometry":{"type":"Polygon","coordinates":[[[35.693744,32.863776],[35.709629,32.863776],[35.709629,32.876355],[35.693744,32.876355],[35.693744,32.863776],[35.693744,32.863776]]]},"id":4028,"properties":{"r_סמל ועדה":4,"SHEM_YISHUV":"כנף","SEMEL_YISHUV":4028,"r_בזב":350,"r_מצביעים":219,"r_פסולים":2,"r_כשרים":217,"r_אמת":24,"r_ג":2,"r_ט":15,"r_כן":51,"r_ל":4,"r_מחל":25,"r_מרצ":7,"r_פה":76,"r_אחר":13,"max_party":"יש עתיד","color_general":"#FF8E3C","color_ynet":"#F90000","TOTAL_BZB":350}},{"type":"Feature","geometry":{"type":"Polygon","coordinates":[[[35.543458,32.716102],[35.571551,32.716102],[35.571551,32.764198],[35.543458,32.764198],[35.543458,32.716102],[35.543458,32.716102]]]},"id":63,"properties":{"r_סמל ועדה":4,"SHEM_YISHUV":"כנרת (מושבה)","SEMEL_YISHUV":63,"r_בזב":558,"r_מצביעים":379,"r_פסולים":2,"r_כשרים":377,"r_אמת":20,"r_ג":4,"r_ט":24,"r_כן":64,"r_ל":8,"r_מחל":103,"r_מרצ":22,"r_פה":118,"r_שס":3,"r_אחר":11,"max_party":"יש עתיד","color_general":"#FF8E3C","color_ynet":"#F90000","TOTAL_BZB":558}},{"type":"Feature","geometry":{"type":"Polygon","coordinates":[[[35.556877,32.706896],[35.567774,32.706896],[35.567774,32.718329],[35.556877,32.718329],[35.556877,32.706896],[35.556877,32.706896]]]},"id":57,"properties":{"r_סמל ועדה":4,"SHEM_YISHUV":"כנרת (קבוצה)","SEMEL_YISHUV":57,"r_בזב":657,"r_מצביעים":426,"r_פסולים":2,"r_כשרים":424,"r_אמת":80,"r_ט":15,"r_כן":85,"r_ל":8,"r_מחל":40,"r_מרצ":17,"r_פה":159,"r_שס":3,"r_אחר":17,"max_party":"יש עתיד","color_general":"#FF8E3C","color_ynet":"#F90000","TOTAL_BZB":657}},{"type":"Feature","geometry":{"type":"Polygon","coordinates":[[[35.058405,31.222694],[35.124879,31.222694],[35.124879,31.258383],[35.058405,31.258383],[35.058405,31.222694],[35.058405,31.222694]]]},"id":1059,"properties":{"r_סמל ועדה":18,"SHEM_YISHUV":"כסיפה","SEMEL_YISHUV":1059,"r_בזב":9552,"r_מצביעים":5312,"r_פסולים":50,"r_כשרים":5262,"r_ום":426,"r_כן":224,"r_מחל":54,"r_מרצ":115,"r_עם":3755,"r_פה":35,"r_אחר":653,"max_party":"רע\"מ","color_general":"#F7C94C","color_ynet":"#FE9601","TOTAL_BZB":9552}},{"type":"Feature","geometry":{"type":"Polygon","coordinates":[[[35.042245,31.77116],[35.057037,31.77116],[35.057037,31.776964],[35.042245,31.776964],[35.042245,31.77116],[35.042245,31.77116]]]},"id":859,"properties":{"r_סמל ועדה":2,"SHEM_YISHUV":"כסלון","SEMEL_YISHUV":859,"r_בזב":303,"r_מצביעים":225,"r_פסולים":1,"r_כשרים":224,"r_אמת":6,"r_ג":2,"r_ט":37,"r_כן":11,"r_ל":3,"r_מחל":89,"r_מרצ":9,"r_פה":12,"r_שס":50,"r_אחר":5,"max_party":"הליכוד","color_general":"#1C5BAD","color_ynet":"#1417AC","TOTAL_BZB":303}},{"type":"Feature","geometry":{"type":"Polygon","coordinates":[[[35.271188,32.949128],[35.320817,32.949128],[35.320817,32.994198],[35.271188,32.994198],[35.271188,32.949128],[35.271188,32.949128]]]},"id":1296,"properties":{"r_סמל ועדה":6,"SHEM_YISHUV":"כסרא-סמיע","SEMEL_YISHUV":1296,"r_בזב":6066,"r_מצביעים":1959,"r_פסולים":14,"r_כשרים":1945,"r_אמת":91,"r_ום":67,"r_ט":17,"r_כן":774,"r_ל":326,"r_מחל":190,"r_מרצ":145,"r_עם":15,"r_פה":180,"r_אחר":140,"max_party":"המחנה הממלכתי","color_general":"#6079FC","color_ynet":"#D600D6","TOTAL_BZB":6066}},{"type":"Feature","geometry":{"type":"Polygon","coordinates":[[[35.165567,32.739508],[35.20364,32.739508],[35.20364,32.760804],[35.165567,32.760804],[35.165567,32.739508],[35.165567,32.739508]]]},"id":978,"properties":{"r_סמל ועדה":5,"SHEM_YISHUV":"כעביה-טבאש-חג'אג'רה","SEMEL_YISHUV":978,"r_בזב":3989,"r_מצביעים":2248,"r_פסולים":15,"r_כשרים":2233,"r_ום":154,"r_כן":179,"r_מחל":59,"r_מרצ":16,"r_עם":1491,"r_פה":168,"r_שס":23,"r_אחר":143,"max_party":"רע\"מ","color_general":"#F7C94C","color_ynet":"#FE9601","TOTAL_BZB":3989}},{"type":"Feature","geometry":{"type":"Polygon","coordinates":[[[34.710931,31.822907],[34.73084,31.822907],[34.73084,31.839459],[34.710931,31.839459],[34.710931,31.822907],[34.710931,31.822907]]]},"id":857,"properties":{"r_סמל ועדה":13,"SHEM_YISHUV":"כפר אביב","SEMEL_YISHUV":857,"r_בזב":562,"r_מצביעים":409,"r_פסולים":0,"r_כשרים":409,"r_אמת":27,"r_ג":3,"r_ט":17,"r_כן":79,"r_ל":8,"r_מחל":61,"r_מרצ":29,"r_פה":169,"r_שס":10,"r_אחר":6,"max_party":"יש עתיד","color_general":"#FF8E3C","color_ynet":"#F90000","TOTAL_BZB":562}},{"type":"Feature","geometry":{"type":"Polygon","coordinates":[[[35.327692,31.819713],[35.345989,31.819713],[35.345989,31.829505],[35.327692,31.829505],[35.327692,31.819713],[35.327692,31.819713]]]},"id":3638,"properties":{"r_סמל ועדה":2,"SHEM_YISHUV":"כפר אדומים","SEMEL_YISHUV":3638,"r_בזב":2787,"r_מצביעים":1996,"r_פסולים":7,"r_כשרים":1989,"r_אמת":50,"r_ג":10,"r_ט":514,"r_כן":320,"r_ל":31,"r_מחל":585,"r_מרצ":14,"r_פה":171,"r_שס":32,"r_אחר":262,"max_party":"הליכוד","color_general":"#1C5BAD","color_ynet":"#1417AC","TOTAL_BZB":2787}},{"type":"Feature","geometry":{"type":"Polygon","coordinates":[[[34.939825,31.787037],[34.95243,31.787037],[34.95243,31.799027],[34.939825,31.799027],[34.939825,31.787037],[34.939825,31.787037]]]},"id":364,"properties":{"r_סמל ועדה":2,"SHEM_YISHUV":"כפר אוריה","SEMEL_YISHUV":364,"r_בזב":551,"r_מצביעים":431,"r_פסולים":0,"r_כשרים":431,"r_אמת":44,"r_ום":4,"r_ט":30,"r_כן":75,"r_ל":4,"r_מחל":99,"r_מרצ":41,"r_פה":104,"r_שס":7,"r_אחר":23,"max_party":"יש עתיד","color_general":"#FF8E3C","color_ynet":"#F90000","TOTAL_BZB":551}},{"type":"Feature","geometry":{"type":"Polygon","coordinates":[[[34.744459,31.738073],[34.766812,31.738073],[34.766812,31.752205],[34.744459,31.752205],[34.744459,31.738073],[34.744459,31.738073]]]},"id":690,"properties":{"r_סמל ועדה":17,"SHEM_YISHUV":"כפר אחים","SEMEL_YISHUV":690,"r_בזב":533,"r_מצביעים":412,"r_פסולים":1,"r_כשרים":411,"r_אמת":4,"r_ג":4,"r_ט":37,"r_כן":133,"r_ל":6,"r_מחל":129,"r_מרצ":7,"r_פה":71,"r_שס":13,"r_אחר":7,"max_party":"המחנה הממלכתי","color_general":"#6079FC","color_ynet":"#D600D6","TOTAL_BZB":533}},{"type":"Feature","geometry":{"type":"Polygon","coordinates":[[[35.080444,32.813202],[35.093764,32.813202],[35.093764,32.827526],[35.080444,32.827526],[35.080444,32.813202],[35.080444,32.813202]]]},"id":220,"properties":{"r_סמל ועדה":8,"SHEM_YISHUV":"כפר ביאליק","SEMEL_YISHUV":220,"r_בזב":474,"r_מצביעים":353,"r_פסולים":1,"r_כשרים":352,"r_אמת":21,"r_ט":19,"r_כן":68,"r_ל":7,"r_מחל":86,"r_מרצ":18,"r_פה":120,"r_שס":3,"r_אחר":10,"max_party":"יש עתיד","color_general":"#FF8E3C","color_ynet":"#F90000","TOTAL_BZB":474}},{"type":"Feature","geometry":{"type":"Polygon","coordinates":[[[34.818475,31.866978],[34.836318,31.866978],[34.836318,31.879903],[34.818475,31.879903],[34.818475,31.866978],[34.818475,31.866978]]]},"id":177,"properties":{"r_סמל ועדה":13,"SHEM_YISHUV":"כפר ביל\"ו","SEMEL_YISHUV":177,"r_בזב":867,"r_מצביעים":675,"r_פסולים":1,"r_כשרים":674,"r_אמת":80,"r_ג":9,"r_ט":29,"r_כן":140,"r_ל":17,"r_מחל":61,"r_מרצ":58,"r_פה":257,"r_שס":7,"r_אחר":16,"max_party":"יש עתיד","color_general":"#FF8E3C","color_ynet":"#F90000","TOTAL_BZB":867}},{"type":"Feature","geometry":{"type":"Polygon","coordinates":[[[35.600491,33.16764],[35.615929,33.16764],[35.615929,33.178736],[35.600491,33.178736],[35.600491,33.16764],[35.600491,33.16764]]]},"id":357,"properties":{"r_סמל ועדה":3,"SHEM_YISHUV":"כפר בלום","SEMEL_YISHUV":357,"r_בזב":737,"r_מצביעים":506,"r_פסולים":3,"r_כשרים":503,"r_אמת":74,"r_ט":24,"r_כן":109,"r_ל":7,"r_מחל":78,"r_מרצ":39,"r_פה":159,"r_שס":3,"r_אחר":10,"max_party":"יש עתיד","color_general":"#FF8E3C","color_ynet":"#F90000","TOTAL_BZB":737}},{"type":"Feature","geometry":{"type":"Polygon","coordinates":[[[34.939125,31.856362],[34.953104,31.856362],[34.953104,31.867874],[34.939125,31.867874],[34.939125,31.856362],[34.939125,31.856362]]]},"id":2010,"properties":{"r_סמל ועדה":12,"SHEM_YISHUV":"כפר בן נון","SEMEL_YISHUV":2010,"r_בזב":548,"r_מצביעים":431,"r_פסולים":0,"r_כשרים":431,"r_אמת":42,"r_ום":3,"r_ט":38,"r_כן":59,"r_ל":8,"r_מחל":71,"r_מרצ":51,"r_פה":142,"r_שס":7,"r_אחר":10,"max_party":"יש עתיד","color_general":"#FF8E3C","color_ynet":"#F90000","TOTAL_BZB":548}},{"type":"Feature","geometry":{"type":"Polygon","coordinates":[[[34.960015,32.122942],[34.988718,32.122942],[34.988718,32.135845],[34.960015,32.135845],[34.960015,32.122942],[34.960015,32.122942]]]},"id":633,"properties":{"r_סמל ועדה":19,"SHEM_YISHUV":"כפר ברא","SEMEL_YISHUV":633,"r_בזב":2576,"r_מצביעים":1669,"r_פסולים":13,"r_כשרים":1656,"r_ום":164,"r_מרצ":53,"r_עם":1150,"r_אחר":289,"max_party":"רע\"מ","color_general":"#F7C94C","color_ynet":"#FE9601","TOTAL_BZB":2576}},{"type":"Feature","geometry":{"type":"Polygon","coordinates":[[[35.18236,32.64116],[35.199992,32.64116],[35.199992,32.651784],[35.18236,32.651784],[35.18236,32.64116],[35.18236,32.64116]]]},"id":132,"properties":{"r_סמל ועדה":5,"SHEM_YISHUV":"כפר ברוך","SEMEL_YISHUV":132,"r_בזב":436,"r_מצביעים":336,"r_פסולים":1,"r_כשרים":335,"r_אמת":33,"r_ט":28,"r_כן":65,"r_ל":5,"r_מחל":68,"r_מרצ":9,"r_פה":119,"r_שס":2,"r_אחר":6,"max_party":"יש עתיד","color_general":"#FF8E3C","color_ynet":"#F90000","TOTAL_BZB":436}},{"type":"Feature","geometry":{"type":"Polygon","coordinates":[[[35.287973,32.639047],[35.296927,32.639047],[35.296927,32.647385],[35.287973,32.647385],[35.287973,32.639047],[35.287973,32.639047]]]},"id":106,"properties":{"r_סמל ועדה":5,"SHEM_YISHUV":"כפר גדעון","SEMEL_YISHUV":106,"r_בזב":211,"r_מצביעים":150,"r_פסולים":0,"r_כשרים":150,"r_אמת":1,"r_ג":42,"r_ט":32,"r_כן":6,"r_מחל":21,"r_פה":8,"r_שס":37,"r_אחר":3,"max_party":"יהדות התורה","color_general":"#49536B","color_ynet":"#683B04","TOTAL_BZB":211}},{"type":"Feature","geometry":{"type":"Polygon","coordinates":[[[34.955168,32.763111],[34.96185,32.763111],[34.96185,32.77018],[34.955168,32.77018],[34.955168,32.763111],[34.955168,32.763111]]]},"id":427,"properties":{"r_סמל ועדה":8,"SHEM_YISHUV":"כפר גלים","SEMEL_YISHUV":427,"r_בזב":116,"r_מצביעים":68,"r_פסולים":1,"r_כשרים":67,"r_אמת":2,"r_ג":1,"r_ט":4,"r_כן":15,"r_ל":10,"r_מחל":21,"r_מרצ":1,"r_פה":9,"r_אחר":4,"max_party":"הליכוד","color_general":"#1C5BAD","color_ynet":"#1417AC","TOTAL_BZB":116}},{"type":"Feature","geometry":{"type":"Polygon","coordinates":[[[35.000517,32.50218],[35.009675,32.50218],[35.009675,32.510008],[35.000517,32.510008],[35.000517,32.50218],[35.000517,32.50218]]]},"id":310,"properties":{"r_סמל ועדה":9,"SHEM_YISHUV":"כפר גליקסון","SEMEL_YISHUV":310,"r_בזב":291,"r_מצביעים":207,"r_פסולים":0,"r_כשרים":207,"r_אמת":33,"r_ג":2,"r_ום":3,"r_ט":4,"r_כן":32,"r_מחל":9,"r_מרצ":32,"r_פה":88,"r_אחר":4,"max_party":"יש עתיד","color_general":"#FF8E3C","color_ynet":"#F90000","TOTAL_BZB":291}},{"type":"Feature","geometry":{"type":"Polygon","coordinates":[[[35.570394,33.23566],[35.582209,33.23566],[35.582209,33.24875],[35.570394,33.24875],[35.570394,33.23566],[35.570394,33.23566]]]},"id":76,"properties":{"r_סמל ועדה":3,"SHEM_YISHUV":"כפר גלעדי","SEMEL_YISHUV":76,"r_בזב":591,"r_מצביעים":354,"r_פסולים":0,"r_כשרים":354,"r_אמת":57,"r_ט":8,"r_כן":116,"r_ל":7,"r_מחל":21,"r_מרצ":25,"r_פה":99,"r_אחר":21,"max_party":"המחנה הממלכתי","color_general":"#6079FC","color_ynet":"#D600D6","TOTAL_BZB":591}},{"type":"Feature","geometry":{"type":"Polygon","coordinates":[[[34.928545,31.929657],[34.936265,31.929657],[34.936265,31.936779],[34.928545,31.936779],[34.928545,31.929657],[34.928545,31.929657]]]},"id":707,"properties":{"r_סמל ועדה":12,"SHEM_YISHUV":"כפר דניאל","SEMEL_YISHUV":707,"r_בזב":505,"r_מצביעים":362,"r_פסולים":0,"r_כשרים":362,"r_אמת":40,"r_ג":4,"r_ט":8,"r_כן":54,"r_ל":11,"r_מחל":31,"r_מרצ":33,"r_פה":169,"r_אחר":12,"max_party":"יש עתיד","color_general":"#FF8E3C","color_ynet":"#F90000","TOTAL_BZB":505}},{"type":"Feature","geometry":{"type":"Polygon","coordinates":[[[35.032756,31.915862],[35.041819,31.915862],[35.041819,31.923367],[35.032756,31.923367],[35.032756,31.915862],[35.032756,31.915862]]]},"id":3796,"properties":{"r_סמל ועדה":12,"SHEM_YISHUV":"כפר האורנים","SEMEL_YISHUV":3796,"r_בזב":1766,"r_מצביעים":1291,"r_פסולים":1,"r_כשרים":1290,"r_אמת":92,"r_ג":7,"r_ט":57,"r_כן":273,"r_ל":22,"r_מחל":178,"r_מרצ":64,"r_פה":555,"r_שס":8,"r_אחר":34,"max_party":"יש עתיד","color_general":"#FF8E3C","color_ynet":"#F90000","TOTAL_BZB":1766}},{"type":"Feature","geometry":{"type":"Polygon","coordinates":[[[35.264289,32.697969],[35.277152,32.697969],[35.277152,32.706512],[35.264289,32.706512],[35.264289,32.697969],[35.264289,32.697969]]]},"id":192,"properties":{"r_סמל ועדה":5,"SHEM_YISHUV":"כפר החורש","SEMEL_YISHUV":192,"r_בזב":479,"r_מצביעים":374,"r_פסולים":0,"r_כשרים":374,"r_אמת":81,"r_ט":17,"r_כן":55,"r_ל":13,"r_מחל":28,"r_מרצ":41,"r_פה":131,"r_אחר":8,"max_party":"יש עתיד","color_general":"#FF8E3C","color_ynet":"#F90000","TOTAL_BZB":479}},{"type":"Feature","geometry":{"type":"Polygon","coordinates":[[[35.112468,32.784855],[35.120774,32.784855],[35.120774,32.793906],[35.112468,32.793906],[35.112468,32.784855],[35.112468,32.784855]]]},"id":254,"properties":{"r_סמל ועדה":8,"SHEM_YISHUV":"כפר המכבי","SEMEL_YISHUV":254,"r_בזב":323,"r_מצביעים":235,"r_פסולים":0,"r_כשרים":235,"r_אמת":28,"r_ט":6,"r_כן":36,"r_ל":5,"r_מחל":13,"r_מרצ":11,"r_פה":130,"r_אחר":6,"max_party":"יש עתיד","color_general":"#FF8E3C","color_ynet":"#F90000","TOTAL_BZB":323}},{"type":"Feature","geometry":{"type":"Polygon","coordinates":[[[34.740878,31.879535],[34.757493,31.879535],[34.757493,31.897406],[34.740878,31.897406],[34.740878,31.879535],[34.740878,31.879535]]]},"id":582,"properties":{"r_סמל ועדה":13,"SHEM_YISHUV":"כפר הנגיד","SEMEL_YISHUV":582,"r_בזב":761,"r_מצביעים":568,"r_פסולים":2,"r_כשרים":566,"r_אמת":32,"r_ג":3,"r_ט":41,"r_כן":130,"r_ל":13,"r_מחל":86,"r_מרצ":17,"r_פה":223,"r_שס":7,"r_אחר":14,"max_party":"יש עתיד","color_general":"#FF8E3C","color_ynet":"#F90000","TOTAL_BZB":761}},{"type":"Feature","geometry":{"type":"Polygon","coordinates":[[[35.596072,32.970335],[35.608676,32.970335],[35.608676,32.981687],[35.596072,32.981687],[35.596072,32.970335],[35.596072,32.970335]]]},"id":443,"properties":{"r_סמל ועדה":3,"SHEM_YISHUV":"כפר הנשיא","SEMEL_YISHUV":443,"r_בזב":742,"r_מצביעים":402,"r_פסולים":0,"r_כשרים":402,"r_אמת":75,"r_ט":12,"r_כן":68,"r_ל":5,"r_מחל":20,"r_מרצ":53,"r_פה":148,"r_אחר":21,"max_party":"יש עתיד","color_general":"#FF8E3C","color_ynet":"#F90000","TOTAL_BZB":742}},{"type":"Feature","geometry":{"type":"Polygon","coordinates":[[[34.925031,32.239394],[34.942542,32.239394],[34.942542,32.253292],[34.925031,32.253292],[34.925031,32.239394],[34.925031,32.239394]]]},"id":187,"properties":{"r_סמל ועדה":10,"SHEM_YISHUV":"כפר הס","SEMEL_YISHUV":187,"r_בזב":1067,"r_מצביעים":817,"r_פסולים":0,"r_כשרים":817,"r_אמת":121,"r_ום":7,"r_ט":9,"r_כן":140,"r_ל":13,"r_מחל":40,"r_מרצ":87,"r_פה":392,"r_אחר":8,"max_party":"יש עתיד","color_general":"#FF8E3C","color_ynet":"#F90000","TOTAL_BZB":1067}},{"type":"Feature","geometry":{"type":"Polygon","coordinates":[[[34.90607,32.384667],[34.917496,32.384667],[34.917496,32.394246],[34.90607,32.394246],[34.90607,32.384667],[34.90607,32.384667]]]},"id":217,"properties":{"r_סמל ועדה":10,"SHEM_YISHUV":"כפר הרא\"ה","SEMEL_YISHUV":217,"r_בזב":762,"r_מצביעים":589,"r_פסולים":3,"r_כשרים":586,"r_אמת":9,"r_ט":261,"r_כן":77,"r_מחל":109,"r_מרצ":3,"r_פה":18,"r_שס":11,"r_אחר":98,"max_party":"הציונות הדתית","color_general":"#A88461","color_ynet":"#5C97BF","TOTAL_BZB":762}},{"type":"Feature","geometry":{"type":"Polygon","coordinates":[[[34.784836,31.737825],[34.80252,31.737825],[34.80252,31.751877],[34.784836,31.751877],[34.784836,31.737825],[34.784836,31.737825]]]},"id":888,"properties":{"r_סמל ועדה":17,"SHEM_YISHUV":"כפר הרי\"ף","SEMEL_YISHUV":888,"r_בזב":605,"r_מצביעים":460,"r_פסולים":1,"r_כשרים":459,"r_אמת":34,"r_ט":30,"r_כן":85,"r_ל":7,"r_מחל":67,"r_מרצ":22,"r_פה":195,"r_שס":3,"r_אחר":16,"max_party":"יש עתיד","color_general":"#FF8E3C","color_ynet":"#F90000","TOTAL_BZB":605}},{"type":"Feature","geometry":{"type":"Polygon","coordinates":[[[34.868642,32.373309],[34.889724,32.373309],[34.889724,32.389884],[34.868642,32.389884],[34.868642,32.373309],[34.868642,32.373309]]]},"id":190,"properties":{"r_סמל ועדה":10,"SHEM_YISHUV":"כפר ויתקין","SEMEL_YISHUV":190,"r_בזב":1444,"r_מצביעים":1057,"r_פסולים":4,"r_כשרים":1053,"r_אמת":159,"r_ט":22,"r_כן":172,"r_ל":15,"r_מחל":44,"r_מרצ":117,"r_פה":505,"r_אחר":19,"max_party":"יש עתיד","color_general":"#FF8E3C","color_ynet":"#F90000","TOTAL_BZB":1444}},{"type":"Feature","geometry":{"type":"Polygon","coordinates":[[[34.711652,31.706272],[34.740472,31.706272],[34.740472,31.727592],[34.711652,31.727592],[34.711652,31.706272],[34.711652,31.706272]]]},"id":320,"properties":{"r_סמל ועדה":17,"SHEM_YISHUV":"כפר ורבורג","SEMEL_YISHUV":320,"r_בזב":853,"r_מצביעים":652,"r_פסולים":1,"r_כשרים":651,"r_אמת":56,"r_ט":36,"r_כן":153,"r_ל":6,"r_מחל":90,"r_מרצ":35,"r_פה":245,"r_שס":10,"r_אחר":20,"max_party":"יש עתיד","color_general":"#FF8E3C","color_ynet":"#F90000","TOTAL_BZB":853}},{"type":"Feature","geometry":{"type":"Polygon","coordinates":[[[35.237475,32.989141],[35.284,32.989141],[35.284,33.008783],[35.237475,33.008783],[35.237475,32.989141],[35.237475,32.989141]]]},"id":1263,"properties":{"r_סמל ועדה":6,"SHEM_YISHUV":"כפר ורדים","SEMEL_YISHUV":1263,"r_בזב":4780,"r_מצביעים":3162,"r_פסולים":10,"r_כשרים":3152,"r_אמת":281,"r_ום":46,"r_ט":149,"r_כן":524,"r_ל":117,"r_מחל":409,"r_מרצ":278,"r_עם":19,"r_פה":1211,"r_אחר":118,"max_party":"יש עתיד","color_general":"#FF8E3C","color_ynet":"#F90000","TOTAL_BZB":4780}},{"type":"Feature","geometry":{"type":"Polygon","coordinates":[[[35.453737,32.803921],[35.472754,32.803921],[35.472754,32.818119],[35.453737,32.818119],[35.453737,32.803921],[35.453737,32.803921]]]},"id":786,"properties":{"r_סמל ועדה":4,"SHEM_YISHUV":"כפר זיתים","SEMEL_YISHUV":786,"r_בזב":473,"r_מצביעים":352,"r_פסולים":1,"r_כשרים":351,"r_ג":4,"r_ט":85,"r_כן":21,"r_ל":2,"r_מחל":184,"r_פה":14,"r_שס":36,"r_אחר":5,"max_party":"הליכוד","color_general":"#1C5BAD","color_ynet":"#1417AC","TOTAL_BZB":473}},{"type":"Feature","geometry":{"type":"Polygon","coordinates":[[[34.843085,31.983217],[34.859559,31.983217],[34.859559,31.997704],[34.843085,31.997704],[34.843085,31.983217],[34.843085,31.983217]]]},"id":696,"properties":{"r_סמל ועדה":12,"SHEM_YISHUV":"כפר חב\"ד","SEMEL_YISHUV":696,"r_בזב":4371,"r_מצביעים":2942,"r_פסולים":3,"r_כשרים":2939,"r_ג":562,"r_ט":1654,"r_מחל":312,"r_שס":370,"r_אחר":41,"max_party":"הציונות הדתית","color_general":"#A88461","color_ynet":"#5C97BF","TOTAL_BZB":4371}},{"type":"Feature","geometry":{"type":"Polygon","coordinates":[[[35.432197,33.004768],[35.445652,33.004768],[35.445652,33.016976],[35.432197,33.016976],[35.432197,33.004768],[35.432197,33.004768]]]},"id":609,"properties":{"r_סמל ועדה":3,"SHEM_YISHUV":"כפר חושן","SEMEL_YISHUV":609,"r_בזב":617,"r_מצביעים":433,"r_פסולים":1,"r_כשרים":432,"r_אמת":4,"r_ג":10,"r_ט":97,"r_כן":47,"r_מחל":197,"r_פה":9,"r_שס":62,"r_אחר":6,"max_party":"הליכוד","color_general":"#1C5BAD","color_ynet":"#1417AC","TOTAL_BZB":617}},{"type":"Feature","geometry":{"type":"Polygon","coordinates":[[[35.498556,32.796663],[35.508562,32.796663],[35.508562,32.804614],[35.498556,32.804614],[35.498556,32.796663],[35.498556,32.796663]]]},"id":255,"properties":{"r_סמל ועדה":4,"SHEM_YISHUV":"כפר חיטים","SEMEL_YISHUV":255,"r_בזב":540,"r_מצביעים":347,"r_פסולים":1,"r_כשרים":346,"r_אמת":8,"r_ג":3,"r_ט":36,"r_כן":75,"r_ל":6,"r_מחל":117,"r_מרצ":9,"r_פה":85,"r_שס":5,"r_אחר":2,"max_party":"הליכוד","color_general":"#1C5BAD","color_ynet":"#1417AC","TOTAL_BZB":540}},{"type":"Feature","geometry":{"type":"Polygon","coordinates":[[[34.893636,32.350298],[34.905497,32.350298],[34.905497,32.359268],[34.893636,32.359268],[34.893636,32.350298],[34.893636,32.350298]]]},"id":193,"properties":{"r_סמל ועדה":10,"SHEM_YISHUV":"כפר חיים","SEMEL_YISHUV":193,"r_בזב":436,"r_מצביעים":339,"r_פסולים":1,"r_כשרים":338,"r_אמת":44,"r_ום":2,"r_ט":3,"r_כן":47,"r_מחל":31,"r_מרצ":30,"r_פה":173,"r_אחר":8,"max_party":"יש עתיד","color_general":"#FF8E3C","color_ynet":"#F90000","TOTAL_BZB":436}},{"type":"Feature","geometry":{"type":"Polygon","coordinates":[[[35.411201,32.9041],[35.431345,32.9041],[35.431345,32.921548],[35.411201,32.921548],[35.411201,32.9041],[35.411201,32.9041]]]},"id":1297,"properties":{"r_סמל ועדה":3,"SHEM_YISHUV":"כפר חנניה","SEMEL_YISHUV":1297,"r_בזב":537,"r_מצביעים":401,"r_פסולים":2,"r_כשרים":399,"r_אמת":16,"r_ג":3,"r_ט":76,"r_כן":31,"r_ל":10,"r_מחל":146,"r_מרצ":10,"r_פה":78,"r_שס":20,"r_אחר":9,"max_party":"הליכוד","color_general":"#1C5BAD","color_ynet":"#1417AC","TOTAL_BZB":537}},{"type":"Feature","geometry":{"type":"Polygon","coordinates":[[[35.071326,32.73773],[35.099303,32.73773],[35.099303,32.762165],[35.071326,32.762165],[35.071326,32.73773],[35.071326,32.73773]]]},"id":112,"properties":{"r_סמל ועדה":8,"SHEM_YISHUV":"כפר חסידים א'","SEMEL_YISHUV":112,"r_בזב":538,"r_מצביעים":379,"r_פסולים":0,"r_כשרים":379,"r_אמת":8,"r_ג":20,"r_ט":65,"r_כן":50,"r_ל":10,"r_מחל":62,"r_מרצ":9,"r_פה":113,"r_שס":19,"r_אחר":23,"max_party":"יש עתיד","color_general":"#FF8E3C","color_ynet":"#F90000","TOTAL_BZB":538}},{"type":"Feature","geometry":{"type":"Polygon","coordinates":[[[35.081773,32.748096],[35.092275,32.748096],[35.092275,32.757695],[35.081773,32.757695],[35.081773,32.748096],[35.081773,32.748096]]]},"id":889,"properties":{"r_סמל ועדה":8,"SHEM_YISHUV":"כפר חסידים ב'","SEMEL_YISHUV":889,"r_בזב":226,"r_מצביעים":158,"r_פסולים":1,"r_כשרים":157,"r_אמת":3,"r_ג":2,"r_ט":29,"r_כן":16,"r_ל":7,"r_מחל":42,"r_מרצ":1,"r_פה":25,"r_שס":11,"r_אחר":21,"max_party":"הליכוד","color_general":"#1C5BAD","color_ynet":"#1417AC","TOTAL_BZB":226}},{"type":"Feature","geometry":{"type":"Polygon","coordinates":[[[35.65762,32.757029],[35.674716,32.757029],[35.674716,32.766575],[35.65762,32.766575],[35.65762,32.757029],[35.65762,32.757029]]]},"id":4004,"properties":{"r_סמל ועדה":4,"SHEM_YISHUV":"כפר חרוב","SEMEL_YISHUV":4004,"r_בזב":427,"r_מצביעים":268,"r_פסולים":0,"r_כשרים":268,"r_אמת":30,"r_ום":2,"r_ט":12,"r_כן":59,"r_מחל":23,"r_מרצ":11,"r_פה":121,"r_אחר":10,"max_party":"יש עתיד","color_general":"#FF8E3C","color_ynet":"#F90000","TOTAL_BZB":427}},{"type":"Feature","geometry":{"type":"Polygon","coordinates":[[[34.910759,31.972876],[34.936137,31.972876],[34.936137,31.98527],[34.910759,31.98527],[34.910759,31.972876],[34.910759,31.972876]]]},"id":673,"properties":{"r_סמל ועדה":12,"SHEM_YISHUV":"כפר טרומן","SEMEL_YISHUV":673,"r_בזב":586,"r_מצביעים":455,"r_פסולים":1,"r_כשרים":454,"r_אמת":20,"r_ט":32,"r_כן":94,"r_ל":10,"r_מחל":97,"r_מרצ":25,"r_פה":155,"r_שס":7,"r_אחר":14,"max_party":"יש עתיד","color_general":"#FF8E3C","color_ynet":"#F90000","TOTAL_BZB":586}},{"type":"Feature","geometry":{"type":"Polygon","coordinates":[[[35.149105,32.94051],[35.172002,32.94051],[35.172002,32.960383],[35.149105,32.960383],[35.149105,32.94051],[35.149105,32.94051]]]},"id":507,"properties":{"r_סמל ועדה":6,"SHEM_YISHUV":"כפר יאסיף","SEMEL_YISHUV":507,"r_בזב":8257,"r_מצביעים":5275,"r_פסולים":38,"r_כשרים":5237,"r_ום":2805,"r_כן":57,"r_מחל":138,"r_מרצ":91,"r_עם":429,"r_פה":82,"r_אחר":1635,"max_party":"חד\"ש תע\"ל","color_general":"#58C879","color_ynet":"#FFC37B","TOTAL_BZB":8257}},{"type":"Feature","geometry":{"type":"Polygon","coordinates":[[[34.886876,32.341696],[34.904728,32.341696],[34.904728,32.348493],[34.886876,32.348493],[34.886876,32.341696],[34.886876,32.341696]]]},"id":233,"properties":{"r_סמל ועדה":10,"SHEM_YISHUV":"כפר ידידיה","SEMEL_YISHUV":233,"r_בזב":511,"r_מצביעים":385,"r_פסולים":2,"r_כשרים":383,"r_אמת":47,"r_ט":7,"r_כן":69,"r_ל":4,"r_מחל":24,"r_מרצ":39,"r_פה":188,"r_אחר":5,"max_party":"יש עתיד","color_general":"#FF8E3C","color_ynet":"#F90000","TOTAL_BZB":511}},{"type":"Feature","geometry":{"type":"Polygon","coordinates":[[[35.130823,32.663266],[35.170255,32.663266],[35.170255,32.70292],[35.130823,32.70292],[35.130823,32.663266],[35.130823,32.663266]]]},"id":140,"properties":{"r_סמל ועדה":5,"SHEM_YISHUV":"כפר יהושע","SEMEL_YISHUV":140,"r_בזב":900,"r_מצביעים":695,"r_פסולים":0,"r_כשרים":695,"r_אמת":122,"r_ג":5,"r_ט":13,"r_כן":153,"r_ל":8,"r_מחל":55,"r_מרצ":62,"r_פה":249,"r_שס":4,"r_אחר":24,"max_party":"יש עתיד","color_general":"#FF8E3C","color_ynet":"#F90000","TOTAL_BZB":900}},{"type":"Feature","geometry":{"type":"Polygon","coordinates":[[[34.903449,32.303099],[34.953543,32.303099],[34.953543,32.34349],[34.903449,32.34349],[34.903449,32.303099],[34.903449,32.303099]]]},"id":168,"properties":{"r_סמל ועדה":10,"SHEM_YISHUV":"כפר יונה","SEMEL_YISHUV":168,"r_בזב":19357,"r_מצביעים":14279,"r_פסולים":71,"r_כשרים":14208,"r_אמת":429,"r_ג":97,"r_ט":1475,"r_כן":1945,"r_ל":469,"r_מחל":4572,"r_מרצ":289,"r_פה":3798,"r_שס":712,"r_אחר":422,"max_party":"הליכוד","color_general":"#1C5BAD","color_ynet":"#1417AC","TOTAL_BZB":19357}},{"type":"Feature","geometry":{"type":"Polygon","coordinates":[[[35.34834,32.557847],[35.367801,32.557847],[35.367801,32.574593],[35.34834,32.574593],[35.34834,32.557847],[35.34834,32.557847]]]},"id":85,"properties":{"r_סמל ועדה":5,"SHEM_YISHUV":"כפר יחזקאל","SEMEL_YISHUV":85,"r_בזב":763,"r_מצביעים":606,"r_פסולים":3,"r_כשרים":603,"r_אמת":70,"r_ט":29,"r_כן":135,"r_ל":9,"r_מחל":61,"r_מרצ":32,"r_פה":238,"r_אחר":29,"max_party":"יש עתיד","color_general":"#FF8E3C","color_ynet":"#F90000","TOTAL_BZB":763}},{"type":"Feature","geometry":{"type":"Polygon","coordinates":[[[34.958963,32.26848],[34.972697,32.26848],[34.972697,32.281237],[34.958963,32.281237],[34.958963,32.26848],[34.958963,32.26848]]]},"id":170,"properties":{"r_סמל ועדה":10,"SHEM_YISHUV":"כפר יעבץ","SEMEL_YISHUV":170,"r_בזב":477,"r_מצביעים":352,"r_פסולים":1,"r_כשרים":351,"r_ג":9,"r_ט":111,"r_כן":13,"r_מחל":163,"r_מרצ":2,"r_פה":8,"r_שס":33,"r_אחר":12,"max_party":"הליכוד","color_general":"#1C5BAD","color_ynet":"#1417AC","TOTAL_BZB":477}},{"type":"Feature","geometry":{"type":"Polygon","coordinates":[[[35.407219,32.707241],[35.459452,32.707241],[35.459452,32.732265],[35.407219,32.732265],[35.407219,32.707241],[35.407219,32.707241]]]},"id":508,"properties":{"r_סמל ועדה":4,"SHEM_YISHUV":"כפר כמא","SEMEL_YISHUV":508,"r_בזב":2685,"r_מצביעים":946,"r_פסולים":16,"r_כשרים":930,"r_אמת":79,"r_ום":26,"r_כן":206,"r_ל":17,"r_מחל":28,"r_מרצ":87,"r_עם":184,"r_פה":268,"r_אחר":35,"max_party":"יש עתיד","color_general":"#FF8E3C","color_ynet":"#F90000","TOTAL_BZB":2685}},{"type":"Feature","geometry":{"type":"Polygon","coordinates":[[[35.3273,32.732786],[35.365887,32.732786],[35.365887,32.773247],[35.3273,32.773247],[35.3273,32.732786],[35.3273,32.732786]]]},"id":509,"properties":{"r_סמל ועדה":5,"SHEM_YISHUV":"כפר כנא","SEMEL_YISHUV":509,"r_בזב":15877,"r_מצביעים":8340,"r_פסולים":119,"r_כשרים":8221,"r_ום":1823,"r_מחל":197,"r_מרצ":52,"r_עם":2782,"r_פה":179,"r_אחר":3188,"max_party":"אחר","color_general":"#F7C94C","color_ynet":"#FE9601","TOTAL_BZB":15877}},{"type":"Feature","geometry":{"type":"Polygon","coordinates":[[[34.909332,32.343277],[34.925302,32.343277],[34.925302,32.353749],[34.909332,32.353749],[34.909332,32.343277],[34.909332,32.343277]]]},"id":387,"properties":{"r_סמל ועדה":10,"SHEM_YISHUV":"כפר מונש","SEMEL_YISHUV":387,"r_בזב":624,"r_מצביעים":469,"r_פסולים":0,"r_כשרים":469,"r_אמת":46,"r_ט":6,"r_כן":67,"r_ל":10,"r_מחל":38,"r_מרצ":39,"r_פה":246,"r_אחר":17,"max_party":"יש עתיד","color_general":"#FF8E3C","color_ynet":"#F90000","TOTAL_BZB":624}},{"type":"Feature","geometry":{"type":"Polygon","coordinates":[[[34.529676,31.426333],[34.541734,31.426333],[34.541734,31.437988],[34.529676,31.437988],[34.529676,31.426333],[34.529676,31.426333]]]},"id":1095,"properties":{"r_סמל ועדה":18,"SHEM_YISHUV":"כפר מימון","SEMEL_YISHUV":1095,"r_בזב":484,"r_מצביעים":372,"r_פסולים":0,"r_כשרים":372,"r_אמת":2,"r_ג":2,"r_ט":198,"r_כן":19,"r_מחל":88,"r_מרצ":2,"r_שס":2,"r_אחר":59,"max_party":"הציונות הדתית","color_general":"#A88461","color_ynet":"#5C97BF","TOTAL_BZB":484}},{"type":"Feature","geometry":{"type":"Polygon","coordinates":[[[34.889487,32.162802],[34.897553,32.162802],[34.897553,32.172435],[34.889487,32.172435],[34.889487,32.162802],[34.889487,32.162802]]]},"id":98,"properties":{"r_סמל ועדה":19,"SHEM_YISHUV":"כפר מל\"ל","SEMEL_YISHUV":98,"r_בזב":273,"r_מצביעים":210,"r_פסולים":0,"r_כשרים":210,"r_אמת":30,"r_ט":6,"r_כן":32,"r_ל":3,"r_מחל":34,"r_מרצ":18,"r_פה":85,"r_אחר":2,"max_party":"יש עתיד","color_general":"#FF8E3C","color_ynet":"#F90000","TOTAL_BZB":273}},{"type":"Feature","geometry":{"type":"Polygon","coordinates":[[[35.235676,32.791744],[35.286897,32.791744],[35.286897,32.820797],[35.235676,32.820797],[35.235676,32.791744],[35.235676,32.791744]]]},"id":510,"properties":{"r_סמל ועדה":20,"SHEM_YISHUV":"כפר מנדא","SEMEL_YISHUV":510,"r_בזב":13756,"r_מצביעים":8964,"r_פסולים":77,"r_כשרים":8887,"r_ום":2628,"r_מרצ":150,"r_עם":2609,"r_שס":225,"r_אחר":3275,"max_party":"אחר","color_general":"#58C879","color_ynet":"#FFC37B","TOTAL_BZB":13756}},{"type":"Feature","geometry":{"type":"Polygon","coordinates":[[[34.825634,31.723731],[34.84109,31.723731],[34.84109,31.741871],[34.825634,31.741871],[34.825634,31.723731],[34.825634,31.723731]]]},"id":274,"properties":{"r_סמל ועדה":17,"SHEM_YISHUV":"כפר מנחם","SEMEL_YISHUV":274,"r_בזב":940,"r_מצביעים":689,"r_פסולים":2,"r_כשרים":687,"r_אמת":75,"r_ט":11,"r_כן":77,"r_ל":13,"r_מחל":42,"r_מרצ":153,"r_פה":286,"r_אחר":30,"max_party":"יש עתיד","color_general":"#FF8E3C","color_ynet":"#F90000","TOTAL_BZB":940}},{"type":"Feature","geometry":{"type":"Polygon","coordinates":[[[35.093957,32.883155],[35.111645,32.883155],[35.111645,32.894862],[35.093957,32.894862],[35.093957,32.883155],[35.093957,32.883155]]]},"id":297,"properties":{"r_סמל ועדה":6,"SHEM_YISHUV":"כפר מסריק","SEMEL_YISHUV":297,"r_בזב":620,"r_מצביעים":431,"r_פסולים":0,"r_כשרים":431,"r_אמת":58,"r_ט":7,"r_כן":65,"r_ל":9,"r_מחל":24,"r_מרצ":87,"r_פה":172,"r_אחר":9,"max_party":"יש עתיד","color_general":"#FF8E3C","color_ynet":"#F90000","TOTAL_BZB":620}},{"type":"Feature","geometry":{"type":"Polygon","coordinates":[[[35.418583,32.641471],[35.427748,32.641471],[35.427748,32.649704],[35.418583,32.649704],[35.418583,32.641471],[35.418583,32.641471]]]},"id":512,"properties":{"r_סמל ועדה":5,"SHEM_YISHUV":"כפר מצר","SEMEL_YISHUV":512,"r_בזב":1947,"r_מצביעים":1053,"r_פסולים":9,"r_כשרים":1044,"r_אמת":12,"r_ום":185,"r_ט":35,"r_מחל":13,"r_מרצ":44,"r_עם":495,"r_אחר":260,"max_party":"רע\"מ","color_general":"#F7C94C","color_ynet":"#FE9601","TOTAL_BZB":1947}},{"type":"Feature","geometry":{"type":"Polygon","coordinates":[[[34.748033,31.822983],[34.766563,31.822983],[34.766563,31.838839],[34.748033,31.838839],[34.748033,31.822983],[34.748033,31.822983]]]},"id":764,"properties":{"r_סמל ועדה":13,"SHEM_YISHUV":"כפר מרדכי","SEMEL_YISHUV":764,"r_בזב":478,"r_מצביעים":364,"r_פסולים":0,"r_כשרים":364,"r_אמת":50,"r_ום":3,"r_ט":6,"r_כן":78,"r_ל":3,"r_מחל":27,"r_מרצ":38,"r_פה":153,"r_אחר":6,"max_party":"יש עתיד","color_general":"#FF8E3C","color_ynet":"#F90000","TOTAL_BZB":478}},{"type":"Feature","geometry":{"type":"Polygon","coordinates":[[[34.861374,32.265332],[34.87945,32.265332],[34.87945,32.286385],[34.861374,32.286385],[34.861374,32.265332],[34.861374,32.265332]]]},"id":316,"properties":{"r_סמל ועדה":10,"SHEM_YISHUV":"כפר נטר","SEMEL_YISHUV":316,"r_בזב":706,"r_מצביעים":544,"r_פסולים":0,"r_כשרים":544,"r_אמת":57,"r_ט":18,"r_כן":89,"r_ל":13,"r_מחל":56,"r_מרצ":51,"r_פה":244,"r_שס":3,"r_אחר":13,"max_party":"יש עתיד","color_general":"#FF8E3C","color_ynet":"#F90000","TOTAL_BZB":706}},{"type":"Feature","geometry":{"type":"Polygon","coordinates":[[[35.653862,33.190394],[35.661173,33.190394],[35.661173,33.199772],[35.653862,33.199772],[35.653862,33.190394],[35.653862,33.190394]]]},"id":345,"properties":{"r_סמל ועדה":3,"SHEM_YISHUV":"כפר סאלד","SEMEL_YISHUV":345,"r_בזב":533,"r_מצביעים":378,"r_פסולים":3,"r_כשרים":375,"r_אמת":77,"r_ט":6,"r_כן":67,"r_ל":8,"r_מחל":20,"r_מרצ":29,"r_פה":155,"r_שס":2,"r_אחר":11,"max_party":"יש עתיד","color_general":"#FF8E3C","color_ynet":"#F90000","TOTAL_BZB":533}},{"type":"Feature","geometry":{"type":"Polygon","coordinates":[[[34.885099,32.159296],[34.957041,32.159296],[34.957041,32.201135],[34.885099,32.201135],[34.885099,32.159296],[34.885099,32.159296]]]},"id":6900,"properties":{"r_סמל ועדה":19,"SHEM_YISHUV":"כפר סבא","SEMEL_YISHUV":6900,"r_בזב":81737,"r_מצביעים":57122,"r_פסולים":219,"r_כשרים":56903,"r_אמת":3734,"r_ט":3863,"r_כן":7264,"r_ל":2141,"r_מחל":12387,"r_מרצ":2874,"r_פה":20571,"r_שס":2003,"r_אחר":2066,"max_party":"יש עתיד","color_general":"#FF8E3C","color_ynet":"#F90000","TOTAL_BZB":81737}},{"type":"Feature","geometry":{"type":"Polygon","coordinates":[[[34.608302,31.670258],[34.617262,31.670258],[34.617262,31.676779],[34.608302,31.676779],[34.608302,31.670258],[34.608302,31.670258]]]},"id":107,"properties":{"r_סמל ועדה":17,"SHEM_YISHUV":"כפר סילבר","SEMEL_YISHUV":107,"r_בזב":85,"r_מצביעים":28,"r_פסולים":0,"r_כשרים":28,"r_ט":3,"r_כן":5,"r_מחל":3,"r_מרצ":2,"r_פה":12,"r_אחר":3,"max_party":"יש עתיד","color_general":"#FF8E3C","color_ynet":"#F90000","TOTAL_BZB":85}},{"type":"Feature","geometry":{"type":"Polygon","coordinates":[[[34.914663,32.068041],[34.932943,32.068041],[34.932943,32.082897],[34.914663,32.082897],[34.914663,32.068041],[34.914663,32.068041]]]},"id":249,"properties":{"r_סמל ועדה":11,"SHEM_YISHUV":"כפר סירקין","SEMEL_YISHUV":249,"r_בזב":999,"r_מצביעים":793,"r_פסולים":1,"r_כשרים":792,"r_אמת":73,"r_ט":36,"r_כן":169,"r_ל":16,"r_מחל":101,"r_מרצ":53,"r_פה":322,"r_אחר":22,"max_party":"יש עתיד","color_general":"#FF8E3C","color_ynet":"#F90000","TOTAL_BZB":999}},{"type":"Feature","geometry":{"type":"Polygon","coordinates":[[[34.526601,31.479132],[34.538769,31.479132],[34.538769,31.487368],[34.526601,31.487368],[34.526601,31.479132],[34.526601,31.479132]]]},"id":845,"properties":{"r_סמל ועדה":17,"SHEM_YISHUV":"כפר עזה","SEMEL_YISHUV":845,"r_בזב":768,"r_מצביעים":563,"r_פסולים":1,"r_כשרים":562,"r_אמת":93,"r_ום":3,"r_ט":29,"r_כן":114,"r_ל":13,"r_מחל":49,"r_מרצ":55,"r_פה":192,"r_אחר":14,"max_party":"יש עתיד","color_general":"#FF8E3C","color_ynet":"#F90000","TOTAL_BZB":768}},{"type":"Feature","geometry":{"type":"Polygon","coordinates":[[[35.113013,31.64621],[35.117189,31.64621],[35.117189,31.654726],[35.113013,31.654726],[35.113013,31.64621],[35.113013,31.64621]]]},"id":3488,"properties":{"r_סמל ועדה":2,"SHEM_YISHUV":"כפר עציון","SEMEL_YISHUV":3488,"r_בזב":564,"r_מצביעים":440,"r_פסולים":2,"r_כשרים":438,"r_אמת":7,"r_ט":125,"r_כן":44,"r_ל":4,"r_מחל":92,"r_מרצ":3,"r_פה":16,"r_שס":3,"r_אחר":144,"max_party":"אחר","color_general":"#A88461","color_ynet":"#5C97BF","TOTAL_BZB":564}},{"type":"Feature","geometry":{"type":"Polygon","coordinates":[[[34.993934,32.478451],[35.00745,32.478451],[35.00745,32.489186],[34.993934,32.489186],[34.993934,32.478451],[34.993934,32.478451]]]},"id":189,"properties":{"r_סמל ועדה":9,"SHEM_YISHUV":"כפר פינס","SEMEL_YISHUV":189,"r_בזב":399,"r_מצביעים":315,"r_פסולים":3,"r_כשרים":312,"r_ג":4,"r_ט":186,"r_כן":16,"r_מחל":41,"r_פה":10,"r_שס":6,"r_אחר":49,"max_party":"הציונות הדתית","color_general":"#A88461","color_ynet":"#5C97BF","TOTAL_BZB":399}},{"type":"Feature","geometry":{"type":"Polygon","coordinates":[[[34.943596,32.10342],[34.993823,32.10342],[34.993823,32.13179],[34.943596,32.13179],[34.943596,32.10342],[34.943596,32.10342]]]},"id":634,"properties":{"r_סמל ועדה":19,"SHEM_YISHUV":"כפר קאסם","SEMEL_YISHUV":634,"r_בזב":16449,"r_מצביעים":11001,"r_פסולים":106,"r_כשרים":10895,"r_ום":1424,"r_מרצ":591,"r_עם":7355,"r_פה":90,"r_אחר":1435,"max_party":"רע\"מ","color_general":"#F7C94C","color_ynet":"#FE9601","TOTAL_BZB":16449}},{"type":"Feature","geometry":{"type":"Polygon","coordinates":[[[35.443545,32.660717],[35.455178,32.660717],[35.455178,32.675374],[35.443545,32.675374],[35.443545,32.660717],[35.443545,32.660717]]]},"id":388,"properties":{"r_סמל ועדה":4,"SHEM_YISHUV":"כפר קיש","SEMEL_YISHUV":388,"r_בזב":491,"r_מצביעים":338,"r_פסולים":1,"r_כשרים":337,"r_אמת":17,"r_ט":23,"r_כן":61,"r_ל":7,"r_מחל":55,"r_מרצ":19,"r_פה":135,"r_שס":2,"r_אחר":18,"max_party":"יש עתיד","color_general":"#FF8E3C","color_ynet":"#F90000","TOTAL_BZB":491}},{"type":"Feature","geometry":{"type":"Polygon","coordinates":[[[35.024923,32.490997],[35.069433,32.490997],[35.069433,32.519565],[35.024923,32.519565],[35.024923,32.490997],[35.024923,32.490997]]]},"id":654,"properties":{"r_סמל ועדה":9,"SHEM_YISHUV":"כפר קרע","SEMEL_YISHUV":654,"r_בזב":13735,"r_מצביעים":8544,"r_פסולים":55,"r_כשרים":8489,"r_ום":1639,"r_כן":54,"r_מרצ":63,"r_עם":4269,"r_אחר":2464,"max_party":"רע\"מ","color_general":"#F7C94C","color_ynet":"#FE9601","TOTAL_BZB":13735}},{"type":"Feature","geometry":{"type":"Polygon","coordinates":[[[35.103662,33.077972],[35.122215,33.077972],[35.122215,33.094302],[35.103662,33.094302],[35.103662,33.077972],[35.103662,33.077972]]]},"id":579,"properties":{"r_סמל ועדה":6,"SHEM_YISHUV":"כפר ראש הנקרה","SEMEL_YISHUV":579,"r_בזב":1079,"r_מצביעים":746,"r_פסולים":4,"r_כשרים":742,"r_אמת":105,"r_ט":44,"r_כן":133,"r_ל":15,"r_מחל":152,"r_מרצ":34,"r_פה":237,"r_אחר":22,"max_party":"יש עתיד","color_general":"#FF8E3C","color_ynet":"#F90000","TOTAL_BZB":1079}},{"type":"Feature","geometry":{"type":"Polygon","coordinates":[[[35.2788,33.093372],[35.30092,33.093372],[35.30092,33.108026],[35.2788,33.108026],[35.2788,33.093372],[35.2788,33.093372]]]},"id":1130,"properties":{"r_סמל ועדה":6,"SHEM_YISHUV":"כפר רוזנואלד (זרעית)","SEMEL_YISHUV":1130,"r_בזב":222,"r_מצביעים":157,"r_פסולים":0,"r_כשרים":157,"r_אמת":3,"r_ט":15,"r_כן":16,"r_ל":1,"r_מחל":98,"r_מרצ":1,"r_פה":9,"r_שס":12,"r_אחר":2,"max_party":"הליכוד","color_general":"#1C5BAD","color_ynet":"#1417AC","TOTAL_BZB":222}},{"type":"Feature","geometry":{"type":"Polygon","coordinates":[[[35.553051,32.453058],[35.560263,32.453058],[35.560263,32.463335],[35.553051,32.463335],[35.553051,32.453058],[35.553051,32.453058]]]},"id":295,"properties":{"r_סמל ועדה":5,"SHEM_YISHUV":"כפר רופין","SEMEL_YISHUV":295,"r_בזב":401,"r_מצביעים":273,"r_פסולים":3,"r_כשרים":270,"r_אמת":57,"r_ום":3,"r_ט":12,"r_כן":54,"r_ל":7,"r_מחל":20,"r_מרצ":17,"r_פה":92,"r_אחר":8,"max_party":"יש עתיד","color_general":"#FF8E3C","color_ynet":"#F90000","TOTAL_BZB":401}},{"type":"Feature","geometry":{"type":"Polygon","coordinates":[[[35.016446,31.902011],[35.038927,31.902011],[35.038927,31.916318],[35.016446,31.916318],[35.016446,31.902011],[35.016446,31.902011]]]},"id":1166,"properties":{"r_סמל ועדה":12,"SHEM_YISHUV":"כפר רות","SEMEL_YISHUV":1166,"r_בזב":190,"r_מצביעים":151,"r_פסולים":0,"r_כשרים":151,"r_אמת":11,"r_ג":1,"r_ט":8,"r_כן":33,"r_ל":3,"r_מחל":32,"r_מרצ":7,"r_פה":49,"r_שס":4,"r_אחר":3,"max_party":"יש עתיד","color_general":"#FF8E3C","color_ynet":"#F90000","TOTAL_BZB":190}},{"type":"Feature","geometry":{"type":"Polygon","coordinates":[[[35.452939,32.950279],[35.463352,32.950279],[35.463352,32.96314],[35.452939,32.96314],[35.452939,32.950279],[35.452939,32.950279]]]},"id":605,"properties":{"r_סמל ועדה":3,"SHEM_YISHUV":"כפר שמאי","SEMEL_YISHUV":605,"r_בזב":349,"r_מצביעים":252,"r_פסולים":0,"r_כשרים":252,"r_אמת":4,"r_ג":7,"r_ט":87,"r_כן":7,"r_מחל":109,"r_מרצ":5,"r_פה":6,"r_שס":26,"max_party":"הליכוד","color_general":"#1C5BAD","color_ynet":"#1417AC","TOTAL_BZB":349}},{"type":"Feature","geometry":{"type":"Polygon","coordinates":[[[34.918559,31.880172],[34.943791,31.880172],[34.943791,31.900002],[34.918559,31.900002],[34.918559,31.880172],[34.918559,31.880172]]]},"id":743,"properties":{"r_סמל ועדה":12,"SHEM_YISHUV":"כפר שמואל","SEMEL_YISHUV":743,"r_בזב":616,"r_מצביעים":505,"r_פסולים":1,"r_כשרים":504,"r_אמת":42,"r_ט":31,"r_כן":90,"r_ל":13,"r_מחל":73,"r_מרצ":35,"r_פה":202,"r_אחר":18,"max_party":"יש עתיד","color_general":"#FF8E3C","color_ynet":"#F90000","TOTAL_BZB":616}},{"type":"Feature","geometry":{"type":"Polygon","coordinates":[[[34.815264,32.17728],[34.836986,32.17728],[34.836986,32.194483],[34.815264,32.194483],[34.815264,32.17728],[34.815264,32.17728]]]},"id":267,"properties":{"r_סמל ועדה":15,"SHEM_YISHUV":"כפר שמריהו","SEMEL_YISHUV":267,"r_בזב":1948,"r_מצביעים":1249,"r_פסולים":6,"r_כשרים":1243,"r_אמת":75,"r_ט":31,"r_כן":191,"r_ל":46,"r_מחל":162,"r_מרצ":102,"r_עם":7,"r_פה":599,"r_אחר":30,"max_party":"יש עתיד","color_general":"#FF8E3C","color_ynet":"#F90000","TOTAL_BZB":1948}},{"type":"Feature","geometry":{"type":"Polygon","coordinates":[[[35.396827,32.658338],[35.447366,32.658338],[35.447366,32.710708],[35.396827,32.710708],[35.396827,32.658338],[35.396827,32.658338]]]},"id":47,"properties":{"r_סמל ועדה":4,"SHEM_YISHUV":"כפר תבור","SEMEL_YISHUV":47,"r_בזב":3529,"r_מצביעים":2466,"r_פסולים":13,"r_כשרים":2453,"r_אמת":177,"r_ט":205,"r_כן":500,"r_ל":69,"r_מחל":545,"r_מרצ":73,"r_פה":727,"r_שס":40,"r_אחר":117,"max_party":"יש עתיד","color_general":"#FF8E3C","color_ynet":"#F90000","TOTAL_BZB":3529}},{"type":"Feature","geometry":{"type":"Polygon","coordinates":[[[35.247434,32.115778],[35.25273,32.115778],[35.25273,32.123092],[35.247434,32.123092],[35.247434,32.115778],[35.247434,32.115778]]]},"id":3572,"properties":{"r_סמל ועדה":19,"SHEM_YISHUV":"כפר תפוח","SEMEL_YISHUV":3572,"r_בזב":726,"r_מצביעים":527,"r_פסולים":2,"r_כשרים":525,"r_ג":4,"r_ט":410,"r_כן":3,"r_מחל":74,"r_שס":19,"r_אחר":15,"max_party":"הציונות הדתית","color_general":"#A88461","color_ynet":"#5C97BF","TOTAL_BZB":726}},{"type":"Feature","geometry":{"type":"Polygon","coordinates":[[[35.601876,32.923375],[35.611002,32.923375],[35.611002,32.933304],[35.601876,32.933304],[35.601876,32.923375],[35.601876,32.923375]]]},"id":1285,"properties":{"r_סמל ועדה":3,"SHEM_YISHUV":"כרכום","SEMEL_YISHUV":1285,"r_בזב":452,"r_מצביעים":292,"r_פסולים":2,"r_כשרים":290,"r_אמת":35,"r_ט":14,"r_כן":59,"r_ל":4,"r_מחל":57,"r_מרצ":18,"r_פה":93,"r_שס":2,"r_אחר":8,"max_party":"יש עתיד","color_general":"#FF8E3C","color_ynet":"#F90000","TOTAL_BZB":452}},{"type":"Feature","geometry":{"type":"Polygon","coordinates":[[[35.458827,33.02985],[35.476156,33.02985],[35.476156,33.043194],[35.458827,33.043194],[35.458827,33.02985],[35.458827,33.02985]]]},"id":664,"properties":{"r_סמל ועדה":3,"SHEM_YISHUV":"כרם בן זמרה","SEMEL_YISHUV":664,"r_בזב":404,"r_מצביעים":299,"r_פסולים":1,"r_כשרים":298,"r_אמת":4,"r_ג":6,"r_ט":57,"r_כן":37,"r_מחל":142,"r_פה":13,"r_שס":25,"r_אחר":14,"max_party":"הליכוד","color_general":"#1C5BAD","color_ynet":"#1417AC","TOTAL_BZB":404}},{"type":"Feature","geometry":{"type":"Polygon","coordinates":[[[34.720462,31.816458],[34.724752,31.816458],[34.724752,31.820558],[34.720462,31.820558],[34.720462,31.816458],[34.720462,31.816458]]]},"id":1094,"properties":{"r_סמל ועדה":13,"SHEM_YISHUV":"כרם יבנה (ישיבה)","SEMEL_YISHUV":1094,"r_בזב":138,"r_מצביעים":117,"r_פסולים":0,"r_כשרים":117,"r_ג":10,"r_ט":102,"r_כן":2,"r_מחל":1,"r_שס":1,"r_אחר":1,"max_party":"הציונות הדתית","color_general":"#A88461","color_ynet":"#5C97BF","TOTAL_BZB":138}},{"type":"Feature","geometry":{"type":"Polygon","coordinates":[[[34.985816,32.640134],[34.998902,32.640134],[34.998902,32.651922],[34.985816,32.651922],[34.985816,32.640134],[34.985816,32.640134]]]},"id":580,"properties":{"r_סמל ועדה":9,"SHEM_YISHUV":"כרם מהר\"ל","SEMEL_YISHUV":580,"r_בזב":673,"r_מצביעים":481,"r_פסולים":0,"r_כשרים":481,"r_אמת":39,"r_ום":3,"r_ט":15,"r_כן":67,"r_ל":9,"r_מחל":37,"r_מרצ":53,"r_פה":238,"r_אחר":20,"max_party":"יש עתיד","color_general":"#FF8E3C","color_ynet":"#F90000","TOTAL_BZB":673}},{"type":"Feature","geometry":{"type":"Polygon","coordinates":[[[34.280989,31.22487],[34.287294,31.22487],[34.287294,31.230714],[34.280989,31.230714],[34.280989,31.22487],[34.280989,31.22487]]]},"id":1085,"properties":{"r_סמל ועדה":18,"SHEM_YISHUV":"כרם שלום","SEMEL_YISHUV":1085,"r_בזב":153,"r_מצביעים":89,"r_פסולים":0,"r_כשרים":89,"r_אמת":6,"r_ט":37,"r_כן":9,"r_ל":1,"r_מחל":15,"r_מרצ":4,"r_פה":17,"max_party":"הציונות הדתית","color_general":"#A88461","color_ynet":"#5C97BF","TOTAL_BZB":153}},{"type":"Feature","geometry":{"type":"Polygon","coordinates":[[[34.913308,31.839358],[34.92575,31.839358],[34.92575,31.855492],[34.913308,31.855492],[34.913308,31.839358],[34.913308,31.839358]]]},"id":1264,"properties":{"r_סמל ועדה":12,"SHEM_YISHUV":"כרמי יוסף","SEMEL_YISHUV":1264,"r_בזב":1420,"r_מצביעים":1049,"r_פסולים":1,"r_כשרים":1048,"r_אמת":110,"r_ט":29,"r_כן":156,"r_ל":37,"r_מחל":110,"r_מרצ":119,"r_פה":456,"r_אחר":31,"max_party":"יש עתיד","color_general":"#FF8E3C","color_ynet":"#F90000","TOTAL_BZB":1420}},{"type":"Feature","geometry":{"type":"Polygon","coordinates":[[[35.09523,31.605568],[35.104292,31.605568],[35.104292,31.611773],[35.09523,31.611773],[35.09523,31.605568],[35.09523,31.605568]]]},"id":3766,"properties":{"r_סמל ועדה":2,"SHEM_YISHUV":"כרמי צור","SEMEL_YISHUV":3766,"r_בזב":582,"r_מצביעים":432,"r_פסולים":4,"r_כשרים":428,"r_ג":3,"r_ט":343,"r_כן":4,"r_מחל":49,"r_שס":5,"r_אחר":24,"max_party":"הציונות הדתית","color_general":"#A88461","color_ynet":"#5C97BF","TOTAL_BZB":582}},{"type":"Feature","geometry":{"type":"Polygon","coordinates":[[[34.905504,31.534042],[34.918585,31.534042],[34.918585,31.54099],[34.905504,31.54099],[34.905504,31.534042],[34.905504,31.534042]]]},"id":1374,"properties":{"r_סמל ועדה":17,"SHEM_YISHUV":"כרמי קטיף","SEMEL_YISHUV":1374,"r_בזב":336,"r_מצביעים":281,"r_פסולים":1,"r_כשרים":280,"r_ט":237,"r_כן":4,"r_מחל":17,"r_שס":4,"r_אחר":18,"max_party":"הציונות הדתית","color_general":"#A88461","color_ynet":"#5C97BF","TOTAL_BZB":336}},{"type":"Feature","geometry":{"type":"Polygon","coordinates":[[[35.260484,32.892658],[35.362859,32.892658],[35.362859,32.932222],[35.260484,32.932222],[35.260484,32.892658],[35.260484,32.892658]]]},"id":1139,"properties":{"r_סמל ועדה":20,"SHEM_YISHUV":"כרמיאל","SEMEL_YISHUV":1139,"r_בזב":42065,"r_מצביעים":24030,"r_פסולים":247,"r_כשרים":23783,"r_אמת":543,"r_ג":872,"r_ום":217,"r_ט":1874,"r_כן":2049,"r_ל":3379,"r_מחל":6988,"r_מרצ":321,"r_פה":5809,"r_שס":831,"r_אחר":900,"max_party":"הליכוד","color_general":"#1C5BAD","color_ynet":"#1417AC","TOTAL_BZB":42065}},{"type":"Feature","geometry":{"type":"Polygon","coordinates":[[[34.538378,31.601246],[34.546672,31.601246],[34.546672,31.608864],[34.538378,31.608864],[34.538378,31.601246],[34.538378,31.601246]]]},"id":768,"properties":{"r_סמל ועדה":17,"SHEM_YISHUV":"כרמייה","SEMEL_YISHUV":768,"r_בזב":461,"r_מצביעים":340,"r_פסולים":2,"r_כשרים":338,"r_אמת":15,"r_ום":4,"r_ט":18,"r_כן":57,"r_ל":8,"r_מחל":66,"r_מרצ":55,"r_פה":102,"r_שס":4,"r_אחר":9,"max_party":"יש עתיד","color_general":"#FF8E3C","color_ynet":"#F90000","TOTAL_BZB":461}},{"type":"Feature","geometry":{"type":"Polygon","coordinates":[[[34.914422,31.327901],[34.920709,31.327901],[34.920709,31.337214],[34.914422,31.337214],[34.914422,31.327901],[34.914422,31.327901]]]},"id":1198,"properties":{"r_סמל ועדה":18,"SHEM_YISHUV":"כרמים","SEMEL_YISHUV":1198,"r_בזב":234,"r_מצביעים":180,"r_פסולים":0,"r_כשרים":180,"r_אמת":45,"r_ט":16,"r_כן":41,"r_ל":1,"r_מחל":11,"r_מרצ":13,"r_פה":33,"r_אחר":20,"max_party":"העבודה","color_general":"#FC6B60","color_ynet":"#B20404","TOTAL_BZB":234}},{"type":"Feature","geometry":{"type":"Polygon","coordinates":[[[35.181291,31.424642],[35.185195,31.424642],[35.185195,31.434029],[35.181291,31.434029],[35.181291,31.424642],[35.181291,31.424642]]]},"id":3656,"properties":{"r_סמל ועדה":18,"SHEM_YISHUV":"כרמל","SEMEL_YISHUV":3656,"r_בזב":288,"r_מצביעים":215,"r_פסולים":0,"r_כשרים":215,"r_ט":185,"r_מחל":17,"r_שס":4,"r_אחר":9,"max_party":"הציונות הדתית","color_general":"#A88461","color_ynet":"#5C97BF","TOTAL_BZB":288}},{"type":"Feature","geometry":{"type":"Polygon","coordinates":[[[35.281147,32.939325],[35.291958,32.939325],[35.291958,32.94829],[35.281147,32.94829],[35.281147,32.939325],[35.281147,32.939325]]]},"id":1207,"properties":{"r_סמל ועדה":6,"SHEM_YISHUV":"לבון","SEMEL_YISHUV":1207,"r_בזב":550,"r_מצביעים":396,"r_פסולים":1,"r_כשרים":395,"r_אמת":27,"r_ט":28,"r_כן":71,"r_ל":7,"r_מחל":64,"r_מרצ":14,"r_פה":169,"r_אחר":15,"max_party":"יש עתיד","color_general":"#FF8E3C","color_ynet":"#F90000","TOTAL_BZB":550}},{"type":"Feature","geometry":{"type":"Polygon","coordinates":[[[35.437598,32.78381],[35.445887,32.78381],[35.445887,32.793563],[35.437598,32.793563],[35.437598,32.78381],[35.437598,32.78381]]]},"id":585,"properties":{"r_סמל ועדה":4,"SHEM_YISHUV":"לביא","SEMEL_YISHUV":585,"r_בזב":523,"r_מצביעים":355,"r_פסולים":1,"r_כשרים":354,"r_אמת":10,"r_ט":133,"r_כן":58,"r_מחל":59,"r_פה":21,"r_שס":9,"r_אחר":64,"max_party":"הציונות הדתית","color_general":"#A88461","color_ynet":"#5C97BF","TOTAL_BZB":523}},{"type":"Feature","geometry":{"type":"Polygon","coordinates":[[[35.485161,32.860709],[35.499307,32.860709],[35.499307,32.866316],[35.485161,32.866316],[35.485161,32.860709],[35.485161,32.860709]]]},"id":1230,"properties":{"r_סמל ועדה":4,"SHEM_YISHUV":"לבנים","SEMEL_YISHUV":1230,"r_בזב":353,"r_מצביעים":247,"r_פסולים":2,"r_כשרים":245,"r_אמת":17,"r_ג":2,"r_ט":17,"r_כן":41,"r_ל":3,"r_מחל":79,"r_מרצ":4,"r_פה":70,"r_שס":2,"r_אחר":10,"max_party":"הליכוד","color_general":"#1C5BAD","color_ynet":"#1417AC","TOTAL_BZB":353}},{"type":"Feature","geometry":{"type":"Polygon","coordinates":[[[34.86305,31.374097],[34.874567,31.374097],[34.874567,31.384035],[34.86305,31.384035],[34.86305,31.374097],[34.86305,31.374097]]]},"id":2023,"properties":{"r_סמל ועדה":18,"SHEM_YISHUV":"להב","SEMEL_YISHUV":2023,"r_בזב":545,"r_מצביעים":380,"r_פסולים":2,"r_כשרים":378,"r_אמת":53,"r_ט":5,"r_כן":66,"r_ל":7,"r_מחל":14,"r_מרצ":86,"r_פה":144,"r_אחר":3,"max_party":"יש עתיד","color_general":"#FF8E3C","color_ynet":"#F90000","TOTAL_BZB":545}},{"type":"Feature","geometry":{"type":"Polygon","coordinates":[[[35.641585,33.13613],[35.65316,33.13613],[35.65316,33.146868],[35.641585,33.146868],[35.641585,33.13613],[35.641585,33.13613]]]},"id":380,"properties":{"r_סמל ועדה":3,"SHEM_YISHUV":"להבות הבשן","SEMEL_YISHUV":380,"r_בזב":716,"r_מצביעים":465,"r_פסולים":6,"r_כשרים":459,"r_אמת":48,"r_ום":6,"r_ט":18,"r_כן":55,"r_ל":11,"r_מחל":37,"r_מרצ":101,"r_פה":159,"r_אחר":24,"max_party":"יש עתיד","color_general":"#FF8E3C","color_ynet":"#F90000","TOTAL_BZB":716}},{"type":"Feature","geometry":{"type":"Polygon","coordinates":[[[35.005797,32.390674],[35.0128,32.390674],[35.0128,32.398493],[35.005797,32.398493],[35.005797,32.390674],[35.005797,32.390674]]]},"id":715,"properties":{"r_סמל ועדה":9,"SHEM_YISHUV":"להבות חביבה","SEMEL_YISHUV":715,"r_בזב":653,"r_מצביעים":494,"r_פסולים":2,"r_כשרים":492,"r_אמת":66,"r_ום":3,"r_כן":104,"r_ל":5,"r_מחל":23,"r_מרצ":71,"r_פה":207,"r_אחר":13,"max_party":"יש עתיד","color_general":"#FF8E3C","color_ynet":"#F90000","TOTAL_BZB":653}},{"type":"Feature","geometry":{"type":"Polygon","coordinates":[[[34.789542,31.348148],[34.829475,31.348148],[34.829475,31.393488],[34.789542,31.393488],[34.789542,31.348148],[34.789542,31.348148]]]},"id":1271,"properties":{"r_סמל ועדה":18,"SHEM_YISHUV":"להבים","SEMEL_YISHUV":1271,"r_בזב":5518,"r_מצביעים":3906,"r_פסולים":4,"r_כשרים":3902,"r_אמת":200,"r_ום":28,"r_ט":409,"r_כן":784,"r_ל":118,"r_מחל":790,"r_מרצ":219,"r_עם":49,"r_פה":1188,"r_שס":26,"r_אחר":91,"max_party":"יש עתיד","color_general":"#FF8E3C","color_ynet":"#F90000","TOTAL_BZB":5518}},{"type":"Feature","geometry":{"type":"Polygon","coordinates":[[[34.861233,31.932425],[34.921092,31.932425],[34.921092,31.974754],[34.861233,31.974754],[34.861233,31.932425],[34.861233,31.932425]]]},"id":7000,"properties":{"r_סמל ועדה":12,"SHEM_YISHUV":"לוד","SEMEL_YISHUV":7000,"r_בזב":58888,"r_מצביעים":35735,"r_פסולים":347,"r_כשרים":35388,"r_אמת":335,"r_ג":2132,"r_ום":657,"r_ט":5484,"r_כן":1306,"r_ל":2049,"r_מחל":10096,"r_מרצ":230,"r_עם":990,"r_פה":2335,"r_שס":3279,"r_אחר":6495,"max_party":"הליכוד","color_general":"#1C5BAD","color_ynet":"#1417AC","TOTAL_BZB":58888}},{"type":"Feature","geometry":{"type":"Polygon","coordinates":[[[34.879544,31.67878],[34.892327,31.67878],[34.892327,31.69146],[34.879544,31.69146],[34.879544,31.67878],[34.879544,31.67878]]]},"id":52,"properties":{"r_סמל ועדה":2,"SHEM_YISHUV":"לוזית","SEMEL_YISHUV":52,"r_בזב":507,"r_מצביעים":396,"r_פסולים":2,"r_כשרים":394,"r_אמת":15,"r_ג":12,"r_ום":3,"r_ט":51,"r_כן":23,"r_ל":6,"r_מחל":120,"r_מרצ":20,"r_פה":62,"r_שס":63,"r_אחר":19,"max_party":"הליכוד","color_general":"#1C5BAD","color_ynet":"#1417AC","TOTAL_BZB":507}},{"type":"Feature","geometry":{"type":"Polygon","coordinates":[[[35.092417,32.955585],[35.103374,32.955585],[35.103374,32.972834],[35.092417,32.972834],[35.092417,32.955585],[35.092417,32.955585]]]},"id":595,"properties":{"r_סמל ועדה":6,"SHEM_YISHUV":"לוחמי הגיטאות","SEMEL_YISHUV":595,"r_בזב":597,"r_מצביעים":458,"r_פסולים":2,"r_כשרים":456,"r_אמת":77,"r_ום":3,"r_ט":25,"r_כן":85,"r_ל":9,"r_מחל":35,"r_מרצ":36,"r_פה":173,"r_אחר":13,"max_party":"יש עתיד","color_general":"#FF8E3C","color_ynet":"#F90000","TOTAL_BZB":597}},{"type":"Feature","geometry":{"type":"Polygon","coordinates":[[[35.349091,32.877848],[35.365217,32.877848],[35.365217,32.886896],[35.349091,32.886896],[35.349091,32.877848],[35.349091,32.877848]]]},"id":1171,"properties":{"r_סמל ועדה":20,"SHEM_YISHUV":"לוטם","SEMEL_YISHUV":1171,"r_בזב":533,"r_מצביעים":363,"r_פסולים":1,"r_כשרים":362,"r_אמת":41,"r_ום":2,"r_ט":15,"r_כן":55,"r_ל":5,"r_מחל":20,"r_מרצ":43,"r_עם":15,"r_פה":144,"r_שס":3,"r_אחר":19,"max_party":"יש עתיד","color_general":"#FF8E3C","color_ynet":"#F90000","TOTAL_BZB":533}},{"type":"Feature","geometry":{"type":"Polygon","coordinates":[[[35.083774,29.981884],[35.092288,29.981884],[35.092288,29.991432],[35.083774,29.991432],[35.083774,29.981884],[35.083774,29.981884]]]},"id":1255,"properties":{"r_סמל ועדה":18,"SHEM_YISHUV":"לוטן","SEMEL_YISHUV":1255,"r_בזב":179,"r_מצביעים":96,"r_פסולים":0,"r_כשרים":96,"r_אמת":21,"r_ום":4,"r_כן":2,"r_ל":4,"r_מחל":5,"r_מרצ":24,"r_פה":34,"r_אחר":2,"max_party":"יש עתיד","color_general":"#FF8E3C","color_ynet":"#F90000","TOTAL_BZB":179}},{"type":"Feature","geometry":{"type":"Polygon","coordinates":[[[35.10308,33.050522],[35.123173,33.050522],[35.123173,33.067796],[35.10308,33.067796],[35.10308,33.050522],[35.10308,33.050522]]]},"id":674,"properties":{"r_סמל ועדה":6,"SHEM_YISHUV":"לימן","SEMEL_YISHUV":674,"r_בזב":570,"r_מצביעים":388,"r_פסולים":2,"r_כשרים":386,"r_אמת":19,"r_ט":21,"r_כן":68,"r_ל":3,"r_מחל":119,"r_מרצ":4,"r_פה":136,"r_שס":7,"r_אחר":9,"max_party":"יש עתיד","color_general":"#FF8E3C","color_ynet":"#F90000","TOTAL_BZB":570}},{"type":"Feature","geometry":{"type":"Polygon","coordinates":[[[34.831765,31.55499],[34.847714,31.55499],[34.847714,31.56834],[34.831765,31.56834],[34.831765,31.55499],[34.831765,31.55499]]]},"id":24,"properties":{"r_סמל ועדה":17,"SHEM_YISHUV":"לכיש","SEMEL_YISHUV":24,"r_בזב":631,"r_מצביעים":488,"r_פסולים":0,"r_כשרים":488,"r_אמת":71,"r_ט":14,"r_כן":91,"r_ל":7,"r_מחל":28,"r_מרצ":56,"r_פה":211,"r_אחר":10,"max_party":"יש עתיד","color_general":"#FF8E3C","color_ynet":"#F90000","TOTAL_BZB":631}},{"type":"Feature","geometry":{"type":"Polygon","coordinates":[[[35.02748,31.912659],[35.037189,31.912659],[35.037189,31.921584],[35.02748,31.921584],[35.02748,31.912659],[35.02748,31.912659]]]},"id":1310,"properties":{"r_סמל ועדה":12,"SHEM_YISHUV":"לפיד","SEMEL_YISHUV":1310,"r_בזב":1773,"r_מצביעים":1324,"r_פסולים":3,"r_כשרים":1321,"r_אמת":118,"r_ט":77,"r_כן":229,"r_ל":33,"r_מחל":228,"r_מרצ":72,"r_פה":505,"r_אחר":59,"max_party":"יש עתיד","color_general":"#FF8E3C","color_ynet":"#F90000","TOTAL_BZB":1773}},{"type":"Feature","geometry":{"type":"Polygon","coordinates":[[[35.257185,32.956498],[35.264442,32.956498],[35.264442,32.961575],[35.257185,32.961575],[35.257185,32.956498],[35.257185,32.956498]]]},"id":1173,"properties":{"r_סמל ועדה":6,"SHEM_YISHUV":"לפידות","SEMEL_YISHUV":1173,"r_בזב":118,"r_מצביעים":92,"r_פסולים":0,"r_כשרים":92,"r_אמת":1,"r_ג":1,"r_ט":12,"r_כן":12,"r_מחל":47,"r_מרצ":1,"r_פה":8,"r_שס":7,"r_אחר":3,"max_party":"הליכוד","color_general":"#1C5BAD","color_ynet":"#1417AC","TOTAL_BZB":118}},{"type":"Feature","geometry":{"type":"Polygon","coordinates":[[[34.853063,31.306584],[34.888546,31.306584],[34.888546,31.338232],[34.853063,31.338232],[34.853063,31.306584],[34.853063,31.306584]]]},"id":1060,"properties":{"r_סמל ועדה":18,"SHEM_YISHUV":"לקיה","SEMEL_YISHUV":1060,"r_בזב":8671,"r_מצביעים":4115,"r_פסולים":32,"r_כשרים":4083,"r_ום":256,"r_עם":2790,"r_אחר":1037,"max_party":"רע\"מ","color_general":"#F7C94C","color_ynet":"#FE9601","TOTAL_BZB":8671}},{"type":"Feature","geometry":{"type":"Polygon","coordinates":[[[34.995841,32.416953],[35.01569,32.416953],[35.01569,32.432138],[34.995841,32.432138],[34.995841,32.416953],[34.995841,32.416953]]]},"id":2055,"properties":{"r_סמל ועדה":9,"SHEM_YISHUV":"מאור","SEMEL_YISHUV":2055,"r_בזב":972,"r_מצביעים":735,"r_פסולים":3,"r_כשרים":732,"r_אמת":37,"r_ג":4,"r_ט":90,"r_כן":102,"r_ל":12,"r_מחל":167,"r_מרצ":46,"r_פה":223,"r_שס":18,"r_אחר":33,"max_party":"יש עתיד","color_general":"#FF8E3C","color_ynet":"#F90000","TOTAL_BZB":972}},{"type":"Feature","geometry":{"type":"Polygon","coordinates":[[[34.966604,32.58384],[34.974772,32.58384],[34.974772,32.594166],[34.966604,32.594166],[34.966604,32.58384],[34.966604,32.58384]]]},"id":102,"properties":{"r_סמל ועדה":9,"SHEM_YISHUV":"מאיר שפיה","SEMEL_YISHUV":102,"r_בזב":128,"r_מצביעים":55,"r_פסולים":2,"r_כשרים":53,"r_אמת":3,"r_ט":5,"r_כן":8,"r_ל":6,"r_מחל":20,"r_מרצ":1,"r_פה":9,"r_שס":1,"max_party":"הליכוד","color_general":"#1C5BAD","color_ynet":"#1417AC","TOTAL_BZB":128}},{"type":"Feature","geometry":{"type":"Polygon","coordinates":[[[35.102123,31.71825],[35.110464,31.71825],[35.110464,31.725184],[35.102123,31.725184],[35.102123,31.71825],[35.102123,31.71825]]]},"id":771,"properties":{"r_סמל ועדה":2,"SHEM_YISHUV":"מבוא ביתר","SEMEL_YISHUV":771,"r_בזב":675,"r_מצביעים":491,"r_פסולים":2,"r_כשרים":489,"r_אמת":32,"r_ט":58,"r_כן":93,"r_ל":12,"r_מחל":148,"r_מרצ":17,"r_פה":94,"r_שס":6,"r_אחר":29,"max_party":"הליכוד","color_general":"#1C5BAD","color_ynet":"#1417AC","TOTAL_BZB":675}},{"type":"Feature","geometry":{"type":"Polygon","coordinates":[[[35.170941,32.418525],[35.181129,32.418525],[35.181129,32.42199],[35.170941,32.42199],[35.170941,32.418525],[35.170941,32.418525]]]},"id":3569,"properties":{"r_סמל ועדה":9,"SHEM_YISHUV":"מבוא דותן","SEMEL_YISHUV":3569,"r_בזב":331,"r_מצביעים":242,"r_פסולים":0,"r_כשרים":242,"r_ט":133,"r_כן":15,"r_מחל":64,"r_פה":5,"r_שס":6,"r_אחר":19,"max_party":"הציונות הדתית","color_general":"#A88461","color_ynet":"#5C97BF","TOTAL_BZB":331}},{"type":"Feature","geometry":{"type":"Polygon","coordinates":[[[35.029456,31.84701],[35.04001,31.84701],[35.04001,31.853657],[35.029456,31.853657],[35.029456,31.84701],[35.029456,31.84701]]]},"id":3709,"properties":{"r_סמל ועדה":12,"SHEM_YISHUV":"מבוא חורון","SEMEL_YISHUV":3709,"r_בזב":1268,"r_מצביעים":1083,"r_פסולים":4,"r_כשרים":1079,"r_ג":64,"r_ט":837,"r_כן":11,"r_מחל":65,"r_שס":67,"r_אחר":35,"max_party":"הציונות הדתית","color_general":"#A88461","color_ynet":"#5C97BF","TOTAL_BZB":1268}},{"type":"Feature","geometry":{"type":"Polygon","coordinates":[[[35.651855,32.729334],[35.662047,32.729334],[35.662047,32.745419],[35.651855,32.745419],[35.651855,32.729334],[35.651855,32.729334]]]},"id":4204,"properties":{"r_סמל ועדה":4,"SHEM_YISHUV":"מבוא חמה","SEMEL_YISHUV":4204,"r_בזב":409,"r_מצביעים":268,"r_פסולים":1,"r_כשרים":267,"r_אמת":47,"r_ט":7,"r_כן":41,"r_ל":4,"r_מחל":7,"r_מרצ":33,"r_פה":113,"r_אחר":15,"max_party":"יש עתיד","color_general":"#FF8E3C","color_ynet":"#F90000","TOTAL_BZB":409}},{"type":"Feature","geometry":{"type":"Polygon","coordinates":[[[34.984158,31.931854],[34.989938,31.931854],[34.989938,31.936346],[34.984158,31.936346],[34.984158,31.931854],[34.984158,31.931854]]]},"id":1141,"properties":{"r_סמל ועדה":12,"SHEM_YISHUV":"מבוא מודיעים","SEMEL_YISHUV":1141,"r_בזב":176,"r_מצביעים":103,"r_פסולים":0,"r_כשרים":103,"r_אמת":4,"r_ג":9,"r_ט":41,"r_כן":5,"r_ל":2,"r_מחל":8,"r_פה":6,"r_שס":18,"r_אחר":10,"max_party":"הציונות הדתית","color_general":"#A88461","color_ynet":"#5C97BF","TOTAL_BZB":176}},{"type":"Feature","geometry":{"type":"Polygon","coordinates":[[[34.646884,31.444085],[34.659681,31.444085],[34.659681,31.45353],[34.646884,31.45353],[34.646884,31.444085],[34.646884,31.444085]]]},"id":1080,"properties":{"r_סמל ועדה":18,"SHEM_YISHUV":"מבועים","SEMEL_YISHUV":1080,"r_בזב":942,"r_מצביעים":687,"r_פסולים":0,"r_כשרים":687,"r_אמת":19,"r_ג":5,"r_ט":130,"r_כן":76,"r_ל":7,"r_מחל":286,"r_מרצ":6,"r_פה":85,"r_שס":47,"r_אחר":26,"max_party":"הליכוד","color_general":"#1C5BAD","color_ynet":"#1417AC","TOTAL_BZB":942}},{"type":"Feature","geometry":{"type":"Polygon","coordinates":[[[34.398215,31.230988],[34.417436,31.230988],[34.417436,31.24709],[34.398215,31.24709],[34.398215,31.230988],[34.398215,31.230988]]]},"id":829,"properties":{"r_סמל ועדה":18,"SHEM_YISHUV":"מבטחים","SEMEL_YISHUV":829,"r_בזב":399,"r_מצביעים":267,"r_פסולים":1,"r_כשרים":266,"r_אמת":4,"r_ג":4,"r_ט":85,"r_כן":20,"r_מחל":104,"r_פה":20,"r_שס":24,"r_אחר":5,"max_party":"הליכוד","color_general":"#1C5BAD","color_ynet":"#1417AC","TOTAL_BZB":399}},{"type":"Feature","geometry":{"type":"Polygon","coordinates":[[[34.572717,31.618721],[34.582489,31.618721],[34.582489,31.625624],[34.572717,31.625624],[34.572717,31.618721],[34.572717,31.618721]]]},"id":573,"properties":{"r_סמל ועדה":17,"SHEM_YISHUV":"מבקיעים","SEMEL_YISHUV":573,"r_בזב":390,"r_מצביעים":296,"r_פסולים":0,"r_כשרים":296,"r_אמת":8,"r_ג":3,"r_ט":49,"r_כן":43,"r_ל":4,"r_מחל":109,"r_מרצ":4,"r_פה":46,"r_שס":19,"r_אחר":11,"max_party":"הליכוד","color_general":"#1C5BAD","color_ynet":"#1417AC","TOTAL_BZB":390}},{"type":"Feature","geometry":{"type":"Polygon","coordinates":[[[35.132251,31.78135],[35.171714,31.78135],[35.171714,31.811962],[35.132251,31.811962],[35.132251,31.78135],[35.132251,31.78135]]]},"id":1015,"properties":{"r_סמל ועדה":2,"SHEM_YISHUV":"מבשרת ציון","SEMEL_YISHUV":1015,"r_בזב":19755,"r_מצביעים":14091,"r_פסולים":40,"r_כשרים":14051,"r_אמת":740,"r_ג":79,"r_ט":1587,"r_כן":1697,"r_ל":336,"r_מחל":4553,"r_מרצ":925,"r_פה":3005,"r_שס":786,"r_אחר":343,"max_party":"הליכוד","color_general":"#1C5BAD","color_ynet":"#1417AC","TOTAL_BZB":19755}},{"type":"Feature","geometry":{"type":"Polygon","coordinates":[[[35.184991,32.900786],[35.273051,32.900786],[35.273051,32.930271],[35.184991,32.930271],[35.184991,32.900786],[35.184991,32.900786]]]},"id":516,"properties":{"r_סמל ועדה":20,"SHEM_YISHUV":"מג'ד אל-כרום","SEMEL_YISHUV":516,"r_בזב":11017,"r_מצביעים":7347,"r_פסולים":67,"r_כשרים":7280,"r_ום":3335,"r_עם":781,"r_אחר":3164,"max_party":"חד\"ש תע\"ל","color_general":"#58C879","color_ynet":"#FFC37B","TOTAL_BZB":11017}},{"type":"Feature","geometry":{"type":"Polygon","coordinates":[[[35.753372,33.236713],[35.798974,33.236713],[35.798974,33.30002],[35.753372,33.30002],[35.753372,33.236713],[35.753372,33.236713]]]},"id":4201,"properties":{"r_סמל ועדה":3,"SHEM_YISHUV":"מג'דל שמס","SEMEL_YISHUV":4201,"r_בזב":1338,"r_מצביעים":313,"r_פסולים":1,"r_כשרים":312,"r_אמת":6,"r_כן":40,"r_ל":35,"r_מחל":45,"r_מרצ":27,"r_עם":2,"r_פה":133,"r_שס":11,"r_אחר":13,"max_party":"יש עתיד","color_general":"#FF8E3C","color_ynet":"#F90000","TOTAL_BZB":1338}},{"type":"Feature","geometry":{"type":"Polygon","coordinates":[[[35.379113,32.8466],[35.461958,32.8466],[35.461958,32.899824],[35.379113,32.899824],[35.379113,32.8466],[35.379113,32.8466]]]},"id":481,"properties":{"r_סמל ועדה":4,"SHEM_YISHUV":"מגאר","SEMEL_YISHUV":481,"r_בזב":17008,"r_מצביעים":7489,"r_פסולים":112,"r_כשרים":7377,"r_אמת":199,"r_ום":1340,"r_כן":662,"r_ל":982,"r_מחל":544,"r_מרצ":371,"r_עם":2053,"r_פה":435,"r_שס":254,"r_אחר":537,"max_party":"רע\"מ","color_general":"#F7C94C","color_ynet":"#FE9601","TOTAL_BZB":17008}},{"type":"Feature","geometry":{"type":"Polygon","coordinates":[[[34.94789,32.719158],[34.966281,32.719158],[34.966281,32.738235],[34.94789,32.738235],[34.94789,32.719158],[34.94789,32.719158]]]},"id":689,"properties":{"r_סמל ועדה":9,"SHEM_YISHUV":"מגדים","SEMEL_YISHUV":689,"r_בזב":842,"r_מצביעים":634,"r_פסולים":1,"r_כשרים":633,"r_אמת":32,"r_ט":39,"r_כן":128,"r_ל":6,"r_מחל":186,"r_מרצ":18,"r_פה":168,"r_שס":33,"r_אחר":23,"max_party":"הליכוד","color_general":"#1C5BAD","color_ynet":"#1417AC","TOTAL_BZB":842}},{"type":"Feature","geometry":{"type":"Polygon","coordinates":[[[35.463927,32.815152],[35.525378,32.815152],[35.525378,32.857745],[35.463927,32.857745],[35.463927,32.815152],[35.463927,32.815152]]]},"id":65,"properties":{"r_סמל ועדה":4,"SHEM_YISHUV":"מגדל","SEMEL_YISHUV":65,"r_בזב":1469,"r_מצביעים":978,"r_פסולים":2,"r_כשרים":976,"r_אמת":12,"r_ג":18,"r_ט":181,"r_כן":53,"r_ל":13,"r_מחל":399,"r_מרצ":6,"r_פה":61,"r_שס":190,"r_אחר":43,"max_party":"הליכוד","color_general":"#1C5BAD","color_ynet":"#1417AC","TOTAL_BZB":1469}},{"type":"Feature","geometry":{"type":"Polygon","coordinates":[[[35.223566,32.662193],[35.264716,32.662193],[35.264716,32.69791],[35.223566,32.69791],[35.223566,32.662193],[35.223566,32.662193]]]},"id":874,"properties":{"r_סמל ועדה":5,"SHEM_YISHUV":"מגדל העמק","SEMEL_YISHUV":874,"r_בזב":22031,"r_מצביעים":14094,"r_פסולים":121,"r_כשרים":13973,"r_אמת":181,"r_ג":214,"r_ט":1772,"r_כן":731,"r_ל":1859,"r_מחל":5231,"r_פה":1296,"r_שס":2366,"r_אחר":323,"max_party":"הליכוד","color_general":"#1C5BAD","color_ynet":"#1417AC","TOTAL_BZB":22031}},{"type":"Feature","geometry":{"type":"Polygon","coordinates":[[[35.13872,31.638441],[35.146865,31.638441],[35.146865,31.642701],[35.13872,31.642701],[35.13872,31.638441],[35.13872,31.638441]]]},"id":3561,"properties":{"r_סמל ועדה":2,"SHEM_YISHUV":"מגדל עוז","SEMEL_YISHUV":3561,"r_בזב":266,"r_מצביעים":167,"r_פסולים":0,"r_כשרים":167,"r_ג":3,"r_ט":74,"r_כן":11,"r_מחל":34,"r_מרצ":1,"r_פה":3,"r_שס":1,"r_אחר":40,"max_party":"הציונות הדתית","color_general":"#A88461","color_ynet":"#5C97BF","TOTAL_BZB":266}},{"type":"Feature","geometry":{"type":"Polygon","coordinates":[[[35.340464,32.088265],[35.344332,32.088265],[35.344332,32.093046],[35.340464,32.093046],[35.340464,32.088265],[35.340464,32.088265]]]},"id":3751,"properties":{"r_סמל ועדה":19,"SHEM_YISHUV":"מגדלים","SEMEL_YISHUV":3751,"r_בזב":297,"r_מצביעים":226,"r_פסולים":0,"r_כשרים":226,"r_אמת":2,"r_ט":147,"r_כן":9,"r_ל":7,"r_מחל":40,"r_פה":6,"r_שס":3,"r_אחר":12,"max_party":"הציונות הדתית","color_general":"#A88461","color_ynet":"#5C97BF","TOTAL_BZB":297}},{"type":"Feature","geometry":{"type":"Polygon","coordinates":[[[35.176165,32.575202],[35.184879,32.575202],[35.184879,32.5845],[35.176165,32.5845],[35.176165,32.575202],[35.176165,32.575202]]]},"id":586,"properties":{"r_סמל ועדה":5,"SHEM_YISHUV":"מגידו","SEMEL_YISHUV":586,"r_בזב":682,"r_מצביעים":504,"r_פסולים":0,"r_כשרים":504,"r_אמת":75,"r_ט":6,"r_כן":73,"r_ל":8,"r_מחל":42,"r_מרצ":66,"r_פה":224,"r_אחר":10,"max_party":"יש עתיד","color_general":"#FF8E3C","color_ynet":"#F90000","TOTAL_BZB":682}},{"type":"Feature","geometry":{"type":"Polygon","coordinates":[[[35.025738,32.38196],[35.039736,32.38196],[35.039736,32.388999],[35.025738,32.388999],[35.025738,32.38196],[35.025738,32.38196]]]},"id":375,"properties":{"r_סמל ועדה":9,"SHEM_YISHUV":"מגל","SEMEL_YISHUV":375,"r_בזב":884,"r_מצביעים":685,"r_פסולים":0,"r_כשרים":685,"r_אמת":107,"r_ום":5,"r_ט":8,"r_כן":127,"r_ל":16,"r_מחל":25,"r_מרצ":86,"r_פה":296,"r_אחר":15,"max_party":"יש עתיד","color_general":"#FF8E3C","color_ynet":"#F90000","TOTAL_BZB":884}},{"type":"Feature","geometry":{"type":"Polygon","coordinates":[[[34.420584,31.294098],[34.435897,31.294098],[34.435897,31.307414],[34.420584,31.307414],[34.420584,31.294098],[34.420584,31.294098]]]},"id":695,"properties":{"r_סמל ועדה":18,"SHEM_YISHUV":"מגן","SEMEL_YISHUV":695,"r_בזב":468,"r_מצביעים":315,"r_פסולים":0,"r_כשרים":315,"r_אמת":33,"r_ט":2,"r_כן":35,"r_ל":8,"r_מחל":11,"r_מרצ":104,"r_עם":2,"r_פה":118,"r_אחר":2,"max_party":"יש עתיד","color_general":"#FF8E3C","color_ynet":"#F90000","TOTAL_BZB":468}},{"type":"Feature","geometry":{"type":"Polygon","coordinates":[[[35.300609,32.516451],[35.312897,32.516451],[35.312897,32.527117],[35.300609,32.527117],[35.300609,32.516451],[35.300609,32.516451]]]},"id":1155,"properties":{"r_סמל ועדה":5,"SHEM_YISHUV":"מגן שאול","SEMEL_YISHUV":1155,"r_בזב":413,"r_מצביעים":329,"r_פסולים":0,"r_כשרים":329,"r_אמת":7,"r_ט":45,"r_כן":44,"r_ל":7,"r_מחל":168,"r_מרצ":5,"r_פה":29,"r_שס":16,"r_אחר":8,"max_party":"הליכוד","color_general":"#1C5BAD","color_ynet":"#1417AC","TOTAL_BZB":413}},{"type":"Feature","geometry":{"type":"Polygon","coordinates":[[[34.891164,32.041076],[34.906322,32.041076],[34.906322,32.053347],[34.891164,32.053347],[34.891164,32.041076],[34.891164,32.041076]]]},"id":722,"properties":{"r_סמל ועדה":11,"SHEM_YISHUV":"מגשימים","SEMEL_YISHUV":722,"r_בזב":686,"r_מצביעים":519,"r_פסולים":1,"r_כשרים":518,"r_אמת":24,"r_ט":34,"r_כן":99,"r_ל":15,"r_מחל":68,"r_מרצ":34,"r_פה":224,"r_שס":4,"r_אחר":16,"max_party":"יש עתיד","color_general":"#FF8E3C","color_ynet":"#F90000","TOTAL_BZB":686}},{"type":"Feature","geometry":{"type":"Polygon","coordinates":[[[35.150825,32.590017],[35.166512,32.590017],[35.166512,32.604364],[35.150825,32.604364],[35.150825,32.590017],[35.150825,32.590017]]]},"id":2029,"properties":{"r_סמל ועדה":5,"SHEM_YISHUV":"מדרך עוז","SEMEL_YISHUV":2029,"r_בזב":574,"r_מצביעים":409,"r_פסולים":1,"r_כשרים":408,"r_אמת":14,"r_ג":7,"r_ט":49,"r_כן":55,"r_ל":4,"r_מחל":174,"r_מרצ":5,"r_פה":63,"r_שס":22,"r_אחר":15,"max_party":"הליכוד","color_general":"#1C5BAD","color_ynet":"#1417AC","TOTAL_BZB":574}},{"type":"Feature","geometry":{"type":"Polygon","coordinates":[[[34.77042,30.847194],[34.792339,30.847194],[34.792339,30.860935],[34.77042,30.860935],[34.77042,30.847194],[34.77042,30.847194]]]},"id":1140,"properties":{"r_סמל ועדה":18,"SHEM_YISHUV":"מדרשת בן גוריון","SEMEL_YISHUV":1140,"r_בזב":1147,"r_מצביעים":771,"r_פסולים":2,"r_כשרים":769,"r_אמת":135,"r_ום":10,"r_ט":16,"r_כן":85,"r_ל":13,"r_מחל":73,"r_מרצ":166,"r_פה":240,"r_אחר":31,"max_party":"יש עתיד","color_general":"#FF8E3C","color_ynet":"#F90000","TOTAL_BZB":1147}},{"type":"Feature","geometry":{"type":"Polygon","coordinates":[[[35.028744,31.919203],[35.062672,31.919203],[35.062672,31.94632],[35.028744,31.94632],[35.028744,31.919203],[35.028744,31.919203]]]},"id":3797,"properties":{"r_סמל ועדה":12,"SHEM_YISHUV":"מודיעין עילית","SEMEL_YISHUV":3797,"r_בזב":32933,"r_מצביעים":27016,"r_פסולים":361,"r_כשרים":26655,"r_ג":20662,"r_ט":514,"r_שס":5277,"r_אחר":202,"max_party":"יהדות התורה","color_general":"#49536B","color_ynet":"#683B04","TOTAL_BZB":32933}},{"type":"Feature","geometry":{"type":"Polygon","coordinates":[[[34.935459,31.858075],[35.039196,31.858075],[35.039196,31.932763],[34.935459,31.932763],[34.935459,31.858075],[34.935459,31.858075]]]},"id":1200,"properties":{"r_סמל ועדה":12,"SHEM_YISHUV":"מודיעין-מכבים-רעות","SEMEL_YISHUV":1200,"r_בזב":69212,"r_מצביעים":51695,"r_פסולים":150,"r_כשרים":51545,"r_אמת":2776,"r_ט":5360,"r_כן":8374,"r_ל":1722,"r_מחל":11615,"r_מרצ":1970,"r_פה":15953,"r_שס":1099,"r_אחר":2676,"max_party":"יש עתיד","color_general":"#FF8E3C","color_ynet":"#F90000","TOTAL_BZB":69212}},{"type":"Feature","geometry":{"type":"Polygon","coordinates":[[[35.435429,32.580984],[35.449214,32.580984],[35.449214,32.591202],[35.435429,32.591202],[35.435429,32.580984],[35.435429,32.580984]]]},"id":269,"properties":{"r_סמל ועדה":5,"SHEM_YISHUV":"מולדת","SEMEL_YISHUV":269,"r_בזב":883,"r_מצביעים":605,"r_פסולים":1,"r_כשרים":604,"r_אמת":67,"r_ט":27,"r_כן":135,"r_ל":7,"r_מחל":43,"r_מרצ":36,"r_פה":277,"r_אחר":12,"max_party":"יש עתיד","color_general":"#FF8E3C","color_ynet":"#F90000","TOTAL_BZB":883}},{"type":"Feature","geometry":{"type":"Polygon","coordinates":[[[35.151854,31.791141],[35.164249,31.791141],[35.164249,31.797214],[35.151854,31.797214],[35.151854,31.791141],[35.151854,31.791141]]]},"id":208,"properties":{"r_סמל ועדה":2,"SHEM_YISHUV":"מוצא עילית","SEMEL_YISHUV":208,"r_בזב":1227,"r_מצביעים":852,"r_פסולים":5,"r_כשרים":847,"r_אמת":73,"r_ום":8,"r_ט":39,"r_כן":135,"r_ל":14,"r_מחל":146,"r_מרצ":105,"r_פה":299,"r_שס":8,"r_אחר":20,"max_party":"יש עתיד","color_general":"#FF8E3C","color_ynet":"#F90000","TOTAL_BZB":1227}},{"type":"Feature","geometry":{"type":"Polygon","coordinates":[[[35.286468,32.509797],[35.303072,32.509797],[35.303072,32.518685],[35.286468,32.518685],[35.286468,32.509797],[35.286468,32.509797]]]},"id":635,"properties":{"r_סמל ועדה":5,"SHEM_YISHUV":"מוקייבלה","SEMEL_YISHUV":635,"r_בזב":2769,"r_מצביעים":1128,"r_פסולים":16,"r_כשרים":1112,"r_אמת":10,"r_ום":453,"r_מרצ":13,"r_עם":431,"r_אחר":205,"max_party":"חד\"ש תע\"ל","color_general":"#58C879","color_ynet":"#FFC37B","TOTAL_BZB":2769}},{"type":"Feature","geometry":{"type":"Polygon","coordinates":[[[35.390216,32.913538],[35.400151,32.913538],[35.400151,32.924669],[35.390216,32.924669],[35.390216,32.913538],[35.390216,32.913538]]]},"id":1163,"properties":{"r_סמל ועדה":20,"SHEM_YISHUV":"מורן","SEMEL_YISHUV":1163,"r_בזב":376,"r_מצביעים":282,"r_פסולים":1,"r_כשרים":281,"r_אמת":36,"r_ט":13,"r_כן":40,"r_ל":3,"r_מחל":25,"r_מרצ":22,"r_פה":134,"r_אחר":8,"max_party":"יש עתיד","color_general":"#FF8E3C","color_ynet":"#F90000","TOTAL_BZB":376}},{"type":"Feature","geometry":{"type":"Polygon","coordinates":[[[35.227345,32.81918],[35.239669,32.81918],[35.239669,32.83243],[35.227345,32.83243],[35.227345,32.81918],[35.227345,32.81918]]]},"id":1178,"properties":{"r_סמל ועדה":20,"SHEM_YISHUV":"מורשת","SEMEL_YISHUV":1178,"r_בזב":1120,"r_מצביעים":805,"r_פסולים":1,"r_כשרים":804,"r_אמת":6,"r_ט":445,"r_כן":45,"r_מחל":139,"r_פה":5,"r_שס":19,"r_אחר":145,"max_party":"הציונות הדתית","color_general":"#A88461","color_ynet":"#5C97BF","TOTAL_BZB":1120}},{"type":"Feature","geometry":{"type":"Polygon","coordinates":[[[34.916507,32.044963],[34.935614,32.044963],[34.935614,32.059518],[34.916507,32.059518],[34.916507,32.044963],[34.916507,32.044963]]]},"id":606,"properties":{"r_סמל ועדה":11,"SHEM_YISHUV":"מזור","SEMEL_YISHUV":606,"r_בזב":844,"r_מצביעים":608,"r_פסולים":3,"r_כשרים":605,"r_אמת":45,"r_ט":14,"r_כן":109,"r_ל":12,"r_מחל":58,"r_מרצ":41,"r_פה":309,"r_אחר":17,"max_party":"יש עתיד","color_general":"#FF8E3C","color_ynet":"#F90000","TOTAL_BZB":844}},{"type":"Feature","geometry":{"type":"Polygon","coordinates":[[[34.828545,31.822247],[34.860073,31.822247],[34.860073,31.858823],[34.828545,31.858823],[34.828545,31.822247],[34.828545,31.822247]]]},"id":28,"properties":{"r_סמל ועדה":13,"SHEM_YISHUV":"מזכרת בתיה","SEMEL_YISHUV":28,"r_בזב":11313,"r_מצביעים":8510,"r_פסולים":27,"r_כשרים":8483,"r_אמת":462,"r_ט":822,"r_כן":1453,"r_ל":170,"r_מחל":2180,"r_מרצ":276,"r_פה":2502,"r_שס":239,"r_אחר":379,"max_party":"יש עתיד","color_general":"#FF8E3C","color_ynet":"#F90000","TOTAL_BZB":11313}},{"type":"Feature","geometry":{"type":"Polygon","coordinates":[[[35.282,32.646941],[35.292336,32.646941],[35.292336,32.657321],[35.282,32.657321],[35.282,32.646941],[35.282,32.646941]]]},"id":104,"properties":{"r_סמל ועדה":5,"SHEM_YISHUV":"מזרע","SEMEL_YISHUV":104,"r_בזב":701,"r_מצביעים":489,"r_פסולים":0,"r_כשרים":489,"r_אמת":79,"r_ט":3,"r_כן":67,"r_ל":11,"r_מחל":15,"r_מרצ":123,"r_פה":177,"r_אחר":14,"max_party":"יש עתיד","color_general":"#FF8E3C","color_ynet":"#F90000","TOTAL_BZB":701}},{"type":"Feature","geometry":{"type":"Polygon","coordinates":[[[35.094126,32.980127],[35.112462,32.980127],[35.112462,32.989083],[35.094126,32.989083],[35.094126,32.980127],[35.094126,32.980127]]]},"id":517,"properties":{"r_סמל ועדה":6,"SHEM_YISHUV":"מזרעה","SEMEL_YISHUV":517,"r_בזב":3035,"r_מצביעים":1955,"r_פסולים":16,"r_כשרים":1939,"r_ום":736,"r_מחל":11,"r_מרצ":24,"r_עם":565,"r_פה":17,"r_אחר":586,"max_party":"חד\"ש תע\"ל","color_general":"#58C879","color_ynet":"#FFC37B","TOTAL_BZB":3035}},{"type":"Feature","geometry":{"type":"Polygon","coordinates":[[[35.511514,32.36286],[35.519899,32.36286],[35.519899,32.368588],[35.511514,32.368588],[35.511514,32.36286],[35.511514,32.36286]]]},"id":3599,"properties":{"r_סמל ועדה":5,"SHEM_YISHUV":"מחולה","SEMEL_YISHUV":3599,"r_בזב":393,"r_מצביעים":288,"r_פסולים":1,"r_כשרים":287,"r_ט":149,"r_כן":11,"r_מחל":64,"r_שס":2,"r_אחר":61,"max_party":"הציונות הדתית","color_general":"#A88461","color_ynet":"#5C97BF","TOTAL_BZB":393}},{"type":"Feature","geometry":{"type":"Polygon","coordinates":[[[34.682752,31.897338],[34.701492,31.897338],[34.701492,31.923319],[34.682752,31.923319],[34.682752,31.897338],[34.682752,31.897338]]]},"id":1411,"properties":{"r_סמל ועדה":13,"SHEM_YISHUV":"מחנה הילה ","SEMEL_YISHUV":1411,"r_בזב":133,"r_מצביעים":106,"r_פסולים":0,"r_כשרים":106,"r_אמת":7,"r_ט":8,"r_כן":29,"r_ל":3,"r_מחל":8,"r_מרצ":5,"r_פה":43,"r_אחר":3,"max_party":"יש עתיד","color_general":"#FF8E3C","color_ynet":"#F90000","TOTAL_BZB":133}},{"type":"Feature","geometry":{"type":"Polygon","coordinates":[[[34.664045,30.743347],[34.684698,30.743347],[34.684698,30.759447],[34.664045,30.759447],[34.664045,30.743347],[34.664045,30.743347]]]},"id":1418,"properties":{"r_סמל ועדה":18,"SHEM_YISHUV":"מחנה טלי","SEMEL_YISHUV":1418,"r_בזב":154,"r_מצביעים":81,"r_פסולים":1,"r_כשרים":80,"r_אמת":5,"r_ט":16,"r_כן":11,"r_ל":1,"r_מחל":21,"r_פה":19,"r_שס":3,"r_אחר":4,"max_party":"הליכוד","color_general":"#1C5BAD","color_ynet":"#1417AC","TOTAL_BZB":154}},{"type":"Feature","geometry":{"type":"Polygon","coordinates":[[[35.171589,32.654266],[35.197933,32.654266],[35.197933,32.673943],[35.171589,32.673943],[35.171589,32.654266],[35.171589,32.654266]]]},"id":1413,"properties":{"r_סמל ועדה":5,"SHEM_YISHUV":"מחנה יהודית","SEMEL_YISHUV":1413,"r_בזב":136,"r_מצביעים":97,"r_פסולים":0,"r_כשרים":97,"r_אמת":5,"r_ט":7,"r_כן":20,"r_ל":1,"r_מחל":27,"r_מרצ":4,"r_פה":29,"r_אחר":4,"max_party":"יש עתיד","color_general":"#FF8E3C","color_ynet":"#F90000","TOTAL_BZB":136}},{"type":"Feature","geometry":{"type":"Polygon","coordinates":[[[34.906183,29.900001],[34.964076,29.900001],[34.964076,29.956593],[34.906183,29.956593],[34.906183,29.900001],[34.906183,29.900001]]]},"id":1416,"properties":{"r_סמל ועדה":18,"SHEM_YISHUV":"מחנה יוכבד","SEMEL_YISHUV":1416,"r_בזב":108,"r_מצביעים":57,"r_פסולים":0,"r_כשרים":57,"r_אמת":2,"r_ט":4,"r_כן":11,"r_ל":1,"r_מחל":17,"r_פה":17,"r_שס":1,"r_אחר":4,"max_party":"הליכוד","color_general":"#1C5BAD","color_ynet":"#1417AC","TOTAL_BZB":108}},{"type":"Feature","geometry":{"type":"Polygon","coordinates":[[[34.664506,31.212954],[34.685972,31.212954],[34.685972,31.235071],[34.664506,31.235071],[34.664506,31.212954],[34.664506,31.212954]]]},"id":1415,"properties":{"r_סמל ועדה":18,"SHEM_YISHUV":"מחנה יפה","SEMEL_YISHUV":1415,"r_בזב":217,"r_מצביעים":120,"r_פסולים":0,"r_כשרים":120,"r_אמת":9,"r_ט":14,"r_כן":32,"r_ל":4,"r_מחל":30,"r_מרצ":2,"r_פה":26,"r_אחר":3,"max_party":"המחנה הממלכתי","color_general":"#6079FC","color_ynet":"#D600D6","TOTAL_BZB":217}},{"type":"Feature","geometry":{"type":"Polygon","coordinates":[[[34.72297,31.751675],[34.743461,31.751675],[34.743461,31.765498],[34.72297,31.765498],[34.72297,31.751675],[34.72297,31.751675]]]},"id":1414,"properties":{"r_סמל ועדה":17,"SHEM_YISHUV":"מחנה מרים","SEMEL_YISHUV":1414,"r_בזב":83,"r_מצביעים":48,"r_פסולים":0,"r_כשרים":48,"r_אמת":1,"r_ט":9,"r_כן":13,"r_מחל":11,"r_מרצ":2,"r_פה":12,"max_party":"המחנה הממלכתי","color_general":"#6079FC","color_ynet":"#D600D6","TOTAL_BZB":83}},{"type":"Feature","geometry":{"type":"Polygon","coordinates":[[[34.803676,31.820961],[34.830423,31.820961],[34.830423,31.85155],[34.803676,31.85155],[34.803676,31.820961],[34.803676,31.820961]]]},"id":1412,"properties":{"r_סמל ועדה":13,"SHEM_YISHUV":"מחנה תל נוף","SEMEL_YISHUV":1412,"r_בזב":158,"r_מצביעים":111,"r_פסולים":0,"r_כשרים":111,"r_אמת":7,"r_ט":6,"r_כן":33,"r_מחל":26,"r_מרצ":2,"r_פה":33,"r_שס":1,"r_אחר":3,"max_party":"המחנה הממלכתי","color_general":"#6079FC","color_ynet":"#D600D6","TOTAL_BZB":158}},{"type":"Feature","geometry":{"type":"Polygon","coordinates":[[[35.561978,32.985878],[35.577782,32.985878],[35.577782,32.993013],[35.561978,32.993013],[35.561978,32.985878],[35.561978,32.985878]]]},"id":308,"properties":{"r_סמל ועדה":3,"SHEM_YISHUV":"מחניים","SEMEL_YISHUV":308,"r_בזב":589,"r_מצביעים":406,"r_פסולים":1,"r_כשרים":405,"r_אמת":70,"r_ום":3,"r_ט":31,"r_כן":52,"r_ל":9,"r_מחל":85,"r_מרצ":26,"r_פה":111,"r_שס":3,"r_אחר":15,"max_party":"יש עתיד","color_general":"#FF8E3C","color_ynet":"#F90000","TOTAL_BZB":589}},{"type":"Feature","geometry":{"type":"Polygon","coordinates":[[[35.002558,31.744129],[35.011913,31.744129],[35.011913,31.751452],[35.002558,31.751452],[35.002558,31.744129],[35.002558,31.744129]]]},"id":776,"properties":{"r_סמל ועדה":2,"SHEM_YISHUV":"מחסיה","SEMEL_YISHUV":776,"r_בזב":311,"r_מצביעים":255,"r_פסולים":1,"r_כשרים":254,"r_ג":10,"r_ט":56,"r_כן":22,"r_ל":3,"r_מחל":101,"r_פה":6,"r_שס":53,"r_אחר":3,"max_party":"הליכוד","color_general":"#1C5BAD","color_ynet":"#1417AC","TOTAL_BZB":311}},{"type":"Feature","geometry":{"type":"Polygon","coordinates":[[[35.556952,33.247886],[35.596587,33.247886],[35.596587,33.290899],[35.556952,33.290899],[35.556952,33.247886],[35.556952,33.247886]]]},"id":43,"properties":{"r_סמל ועדה":3,"SHEM_YISHUV":"מטולה","SEMEL_YISHUV":43,"r_בזב":1511,"r_מצביעים":820,"r_פסולים":4,"r_כשרים":816,"r_אמת":70,"r_ט":60,"r_כן":242,"r_ל":24,"r_מחל":124,"r_מרצ":39,"r_פה":215,"r_שס":6,"r_אחר":36,"max_party":"המחנה הממלכתי","color_general":"#6079FC","color_ynet":"#D600D6","TOTAL_BZB":1511}},{"type":"Feature","geometry":{"type":"Polygon","coordinates":[[[35.057317,31.712531],[35.067848,31.712531],[35.067848,31.722668],[35.057317,31.722668],[35.057317,31.712531],[35.057317,31.712531]]]},"id":822,"properties":{"r_סמל ועדה":2,"SHEM_YISHUV":"מטע","SEMEL_YISHUV":822,"r_בזב":585,"r_מצביעים":417,"r_פסולים":0,"r_כשרים":417,"r_אמת":53,"r_ג":3,"r_ום":6,"r_ט":51,"r_כן":39,"r_ל":10,"r_מחל":129,"r_מרצ":22,"r_פה":65,"r_שס":17,"r_אחר":22,"max_party":"הליכוד","color_general":"#1C5BAD","color_ynet":"#1417AC","TOTAL_BZB":585}},{"type":"Feature","geometry":{"type":"Polygon","coordinates":[[[35.143824,32.501316],[35.153691,32.501316],[35.153691,32.506682],[35.143824,32.506682],[35.143824,32.501316],[35.143824,32.501316]]]},"id":1128,"properties":{"r_סמל ועדה":9,"SHEM_YISHUV":"מי עמי","SEMEL_YISHUV":1128,"r_בזב":259,"r_מצביעים":197,"r_פסולים":0,"r_כשרים":197,"r_אמת":28,"r_ום":1,"r_ט":3,"r_כן":27,"r_ל":5,"r_מחל":9,"r_מרצ":34,"r_פה":80,"r_שס":1,"r_אחר":9,"max_party":"יש עתיד","color_general":"#FF8E3C","color_ynet":"#F90000","TOTAL_BZB":259}},{"type":"Feature","geometry":{"type":"Polygon","coordinates":[[[35.293677,32.539416],[35.307889,32.539416],[35.307889,32.552731],[35.293677,32.552731],[35.293677,32.539416],[35.293677,32.539416]]]},"id":2054,"properties":{"r_סמל ועדה":5,"SHEM_YISHUV":"מיטב","SEMEL_YISHUV":2054,"r_בזב":364,"r_מצביעים":290,"r_פסולים":0,"r_כשרים":290,"r_אמת":2,"r_ג":3,"r_ט":56,"r_כן":17,"r_מחל":161,"r_עם":3,"r_פה":17,"r_שס":15,"r_אחר":16,"max_party":"הליכוד","color_general":"#1C5BAD","color_ynet":"#1417AC","TOTAL_BZB":364}},{"type":"Feature","geometry":{"type":"Polygon","coordinates":[[[35.037965,32.441015],[35.050248,32.441015],[35.050248,32.447921],[35.037965,32.447921],[35.037965,32.441015],[35.037965,32.441015]]]},"id":649,"properties":{"r_סמל ועדה":9,"SHEM_YISHUV":"מייסר","SEMEL_YISHUV":649,"r_בזב":1424,"r_מצביעים":599,"r_פסולים":6,"r_כשרים":593,"r_ום":241,"r_מחל":4,"r_מרצ":8,"r_עם":120,"r_אחר":220,"max_party":"חד\"ש תע\"ל","color_general":"#58C879","color_ynet":"#FFC37B","TOTAL_BZB":1424}},{"type":"Feature","geometry":{"type":"Polygon","coordinates":[[[35.73226,32.760337],[35.740342,32.760337],[35.740342,32.770618],[35.73226,32.770618],[35.73226,32.760337],[35.73226,32.760337]]]},"id":4019,"properties":{"r_סמל ועדה":4,"SHEM_YISHUV":"מיצר","SEMEL_YISHUV":4019,"r_בזב":138,"r_מצביעים":104,"r_פסולים":1,"r_כשרים":103,"r_אמת":15,"r_ום":1,"r_ט":5,"r_כן":12,"r_ל":5,"r_מחל":7,"r_מרצ":7,"r_פה":41,"r_אחר":10,"max_party":"יש עתיד","color_general":"#FF8E3C","color_ynet":"#F90000","TOTAL_BZB":138}},{"type":"Feature","geometry":{"type":"Polygon","coordinates":[[[35.415496,32.447411],[35.427493,32.447411],[35.427493,32.457847],[35.415496,32.457847],[35.415496,32.447411],[35.415496,32.447411]]]},"id":1282,"properties":{"r_סמל ועדה":5,"SHEM_YISHUV":"מירב","SEMEL_YISHUV":1282,"r_בזב":466,"r_מצביעים":345,"r_פסולים":0,"r_כשרים":345,"r_אמת":3,"r_ט":181,"r_כן":28,"r_מחל":81,"r_פה":7,"r_שס":3,"r_אחר":42,"max_party":"הציונות הדתית","color_general":"#A88461","color_ynet":"#5C97BF","TOTAL_BZB":466}},{"type":"Feature","geometry":{"type":"Polygon","coordinates":[[[35.433241,32.978778],[35.446296,32.978778],[35.446296,32.995115],[35.433241,32.995115],[35.433241,32.978778],[35.433241,32.978778]]]},"id":607,"properties":{"r_סמל ועדה":3,"SHEM_YISHUV":"מירון","SEMEL_YISHUV":607,"r_בזב":526,"r_מצביעים":327,"r_פסולים":0,"r_כשרים":327,"r_אמת":3,"r_ג":62,"r_ט":119,"r_כן":12,"r_מחל":29,"r_פה":4,"r_שס":73,"r_אחר":25,"max_party":"הציונות הדתית","color_general":"#A88461","color_ynet":"#5C97BF","TOTAL_BZB":526}},{"type":"Feature","geometry":{"type":"Polygon","coordinates":[[[34.744828,31.808635],[34.763677,31.808635],[34.763677,31.82573],[34.744828,31.82573],[34.744828,31.808635],[34.744828,31.808635]]]},"id":731,"properties":{"r_סמל ועדה":13,"SHEM_YISHUV":"מישר","SEMEL_YISHUV":731,"r_בזב":486,"r_מצביעים":386,"r_פסולים":2,"r_כשרים":384,"r_אמת":32,"r_ט":14,"r_כן":67,"r_ל":9,"r_מחל":58,"r_מרצ":29,"r_פה":167,"r_אחר":8,"max_party":"יש עתיד","color_general":"#FF8E3C","color_ynet":"#F90000","TOTAL_BZB":486}},{"type":"Feature","geometry":{"type":"Polygon","coordinates":[[[34.886114,31.299276],[34.988877,31.299276],[34.988877,31.350524],[34.886114,31.350524],[34.886114,31.299276],[34.886114,31.299276]]]},"id":1268,"properties":{"r_סמל ועדה":18,"SHEM_YISHUV":"מיתר","SEMEL_YISHUV":1268,"r_בזב":8021,"r_מצביעים":5806,"r_פסולים":13,"r_כשרים":5793,"r_אמת":255,"r_ג":33,"r_ט":972,"r_כן":1012,"r_ל":112,"r_מחל":1414,"r_מרצ":157,"r_פה":1453,"r_שס":83,"r_אחר":302,"max_party":"יש עתיד","color_general":"#FF8E3C","color_ynet":"#F90000","TOTAL_BZB":8021}},{"type":"Feature","geometry":{"type":"Polygon","coordinates":[[[35.420212,32.163064],[35.425438,32.163064],[35.425438,32.167187],[35.420212,32.167187],[35.420212,32.163064],[35.420212,32.163064]]]},"id":3614,"properties":{"r_סמל ועדה":5,"SHEM_YISHUV":"מכורה","SEMEL_YISHUV":3614,"r_בזב":143,"r_מצביעים":95,"r_פסולים":0,"r_כשרים":95,"r_אמת":3,"r_ט":17,"r_כן":11,"r_ל":9,"r_מחל":23,"r_מרצ":1,"r_פה":19,"r_אחר":12,"max_party":"הליכוד","color_general":"#1C5BAD","color_ynet":"#1417AC","TOTAL_BZB":143}},{"type":"Feature","geometry":{"type":"Polygon","coordinates":[[[35.053806,31.258848],[35.089746,31.258848],[35.089746,31.306729],[35.053806,31.306729],[35.053806,31.258848],[35.053806,31.258848]]]},"id":1343,"properties":{"r_סמל ועדה":18,"SHEM_YISHUV":"מכחול","SEMEL_YISHUV":1343,"r_בזב":582,"r_מצביעים":280,"r_פסולים":3,"r_כשרים":277,"r_אמת":2,"r_ום":16,"r_מחל":7,"r_מרצ":3,"r_עם":209,"r_פה":23,"r_אחר":17,"max_party":"רע\"מ","color_general":"#F7C94C","color_ynet":"#FE9601","TOTAL_BZB":582}},{"type":"Feature","geometry":{"type":"Polygon","coordinates":[[[34.869176,32.400706],[34.879541,32.400706],[34.879541,32.411272],[34.869176,32.411272],[34.869176,32.400706],[34.869176,32.400706]]]},"id":382,"properties":{"r_סמל ועדה":10,"SHEM_YISHUV":"מכמורת","SEMEL_YISHUV":382,"r_בזב":1097,"r_מצביעים":743,"r_פסולים":1,"r_כשרים":742,"r_אמת":74,"r_ום":4,"r_ט":13,"r_כן":143,"r_ל":23,"r_מחל":33,"r_מרצ":84,"r_פה":340,"r_אחר":28,"max_party":"יש עתיד","color_general":"#FF8E3C","color_ynet":"#F90000","TOTAL_BZB":1097}},{"type":"Feature","geometry":{"type":"Polygon","coordinates":[[[35.320872,32.904116],[35.333946,32.904116],[35.333946,32.909435],[35.320872,32.909435],[35.320872,32.904116],[35.320872,32.904116]]]},"id":1202,"properties":{"r_סמל ועדה":20,"SHEM_YISHUV":"מכמנים","SEMEL_YISHUV":1202,"r_בזב":393,"r_מצביעים":278,"r_פסולים":1,"r_כשרים":277,"r_אמת":22,"r_ום":3,"r_ט":7,"r_כן":44,"r_ל":6,"r_מחל":32,"r_מרצ":29,"r_פה":120,"r_אחר":14,"max_party":"יש עתיד","color_general":"#FF8E3C","color_ynet":"#F90000","TOTAL_BZB":393}},{"type":"Feature","geometry":{"type":"Polygon","coordinates":[[[35.231655,32.55756],[35.242508,32.55756],[35.242508,32.569001],[35.231655,32.569001],[35.231655,32.55756],[35.231655,32.55756]]]},"id":164,"properties":{"r_סמל ועדה":5,"SHEM_YISHUV":"מלאה","SEMEL_YISHUV":164,"r_בזב":277,"r_מצביעים":215,"r_פסולים":0,"r_כשרים":215,"r_אמת":3,"r_ט":45,"r_כן":18,"r_מחל":111,"r_פה":9,"r_שס":27,"r_אחר":2,"max_party":"הליכוד","color_general":"#1C5BAD","color_ynet":"#1417AC","TOTAL_BZB":277}},{"type":"Feature","geometry":{"type":"Polygon","coordinates":[[[34.585788,31.380973],[34.601757,31.380973],[34.601757,31.395218],[34.585788,31.395218],[34.585788,31.380973],[34.585788,31.380973]]]},"id":2044,"properties":{"r_סמל ועדה":18,"SHEM_YISHUV":"מלילות","SEMEL_YISHUV":2044,"r_בזב":296,"r_מצביעים":244,"r_פסולים":1,"r_כשרים":243,"r_אמת":2,"r_ג":4,"r_ט":42,"r_כן":5,"r_מחל":153,"r_פה":5,"r_שס":29,"r_אחר":3,"max_party":"הליכוד","color_general":"#1C5BAD","color_ynet":"#1417AC","TOTAL_BZB":296}},{"type":"Feature","geometry":{"type":"Polygon","coordinates":[[[35.503308,33.090161],[35.522644,33.090161],[35.522644,33.115822],[35.503308,33.115822],[35.503308,33.090161],[35.503308,33.090161]]]},"id":596,"properties":{"r_סמל ועדה":3,"SHEM_YISHUV":"מלכייה","SEMEL_YISHUV":596,"r_בזב":416,"r_מצביעים":251,"r_פסולים":3,"r_כשרים":248,"r_אמת":70,"r_ט":8,"r_כן":38,"r_ל":4,"r_מחל":15,"r_מרצ":18,"r_פה":89,"r_שס":2,"r_אחר":4,"max_party":"יש עתיד","color_general":"#FF8E3C","color_ynet":"#F90000","TOTAL_BZB":416}},{"type":"Feature","geometry":{"type":"Polygon","coordinates":[[[34.770378,31.649897],[34.782913,31.649897],[34.782913,31.665723],[34.770378,31.665723],[34.770378,31.649897],[34.770378,31.649897]]]},"id":2030,"properties":{"r_סמל ועדה":17,"SHEM_YISHUV":"מנוחה","SEMEL_YISHUV":2030,"r_בזב":460,"r_מצביעים":367,"r_פסולים":1,"r_כשרים":366,"r_ג":6,"r_ט":96,"r_כן":16,"r_מחל":175,"r_פה":12,"r_שס":54,"r_אחר":7,"max_party":"הליכוד","color_general":"#1C5BAD","color_ynet":"#1417AC","TOTAL_BZB":460}},{"type":"Feature","geometry":{"type":"Polygon","coordinates":[[[35.232595,32.848623],[35.242652,32.848623],[35.242652,32.856726],[35.232595,32.856726],[35.232595,32.848623],[35.232595,32.848623]]]},"id":1174,"properties":{"r_סמל ועדה":20,"SHEM_YISHUV":"מנוף","SEMEL_YISHUV":1174,"r_בזב":672,"r_מצביעים":459,"r_פסולים":1,"r_כשרים":458,"r_אמת":54,"r_ט":5,"r_כן":64,"r_ל":16,"r_מחל":19,"r_מרצ":56,"r_עם":3,"r_פה":229,"r_אחר":12,"max_party":"יש עתיד","color_general":"#FF8E3C","color_ynet":"#F90000","TOTAL_BZB":672}},{"type":"Feature","geometry":{"type":"Polygon","coordinates":[[[35.180537,33.035007],[35.202256,33.035007],[35.202256,33.04145],[35.180537,33.04145],[35.180537,33.035007],[35.180537,33.035007]]]},"id":1205,"properties":{"r_סמל ועדה":6,"SHEM_YISHUV":"מנות","SEMEL_YISHUV":1205,"r_בזב":370,"r_מצביעים":274,"r_פסולים":4,"r_כשרים":270,"r_אמת":4,"r_ג":2,"r_ט":43,"r_כן":30,"r_ל":5,"r_מחל":129,"r_מרצ":3,"r_פה":25,"r_שס":13,"r_אחר":16,"max_party":"הליכוד","color_general":"#1C5BAD","color_ynet":"#1417AC","TOTAL_BZB":370}},{"type":"Feature","geometry":{"type":"Polygon","coordinates":[[[35.531111,32.652015],[35.566946,32.652015],[35.566946,32.683033],[35.531111,32.683033],[35.531111,32.652015],[35.531111,32.652015]]]},"id":48,"properties":{"r_סמל ועדה":4,"SHEM_YISHUV":"מנחמיה","SEMEL_YISHUV":48,"r_בזב":948,"r_מצביעים":618,"r_פסולים":3,"r_כשרים":615,"r_אמת":21,"r_ג":10,"r_ט":109,"r_כן":64,"r_ל":13,"r_מחל":262,"r_מרצ":4,"r_פה":90,"r_שס":24,"r_אחר":18,"max_party":"הליכוד","color_general":"#1C5BAD","color_ynet":"#1417AC","TOTAL_BZB":948}},{"type":"Feature","geometry":{"type":"Polygon","coordinates":[[[35.542375,33.193965],[35.547134,33.193965],[35.547134,33.201985],[35.542375,33.201985],[35.542375,33.193965],[35.542375,33.193965]]]},"id":347,"properties":{"r_סמל ועדה":3,"SHEM_YISHUV":"מנרה","SEMEL_YISHUV":347,"r_בזב":213,"r_מצביעים":139,"r_פסולים":0,"r_כשרים":139,"r_אמת":44,"r_ום":1,"r_ט":3,"r_כן":26,"r_ל":4,"r_מחל":6,"r_מרצ":7,"r_עם":1,"r_פה":43,"r_אחר":4,"max_party":"העבודה","color_general":"#FC6B60","color_ynet":"#B20404","TOTAL_BZB":213}},{"type":"Feature","geometry":{"type":"Polygon","coordinates":[[[35.183325,32.701505],[35.20041,32.701505],[35.20041,32.714471],[35.183325,32.714471],[35.183325,32.701505],[35.183325,32.701505]]]},"id":994,"properties":{"r_סמל ועדה":5,"SHEM_YISHUV":"מנשית זבדה","SEMEL_YISHUV":994,"r_בזב":927,"r_מצביעים":493,"r_פסולים":4,"r_כשרים":489,"r_אמת":6,"r_ום":63,"r_כן":4,"r_מחל":12,"r_מרצ":5,"r_עם":346,"r_פה":3,"r_אחר":50,"max_party":"רע\"מ","color_general":"#F7C94C","color_ynet":"#FE9601","TOTAL_BZB":927}},{"type":"Feature","geometry":{"type":"Polygon","coordinates":[[[35.419334,32.841505],[35.428943,32.841505],[35.428943,32.845555],[35.419334,32.845555],[35.419334,32.841505],[35.419334,32.841505]]]},"id":1258,"properties":{"r_סמל ועדה":4,"SHEM_YISHUV":"מסד","SEMEL_YISHUV":1258,"r_בזב":382,"r_מצביעים":284,"r_פסולים":0,"r_כשרים":284,"r_אמת":56,"r_ט":20,"r_כן":55,"r_ל":5,"r_מחל":23,"r_מרצ":17,"r_פה":89,"r_שס":3,"r_אחר":16,"max_party":"יש עתיד","color_general":"#FF8E3C","color_ynet":"#F90000","TOTAL_BZB":382}},{"type":"Feature","geometry":{"type":"Polygon","coordinates":[[[35.591975,32.679949],[35.601224,32.679949],[35.601224,32.686408],[35.591975,32.686408],[35.591975,32.679949],[35.591975,32.679949]]]},"id":263,"properties":{"r_סמל ועדה":4,"SHEM_YISHUV":"מסדה","SEMEL_YISHUV":263,"r_בזב":290,"r_מצביעים":178,"r_פסולים":0,"r_כשרים":178,"r_אמת":29,"r_ום":2,"r_ט":8,"r_כן":53,"r_ל":4,"r_מחל":9,"r_מרצ":11,"r_פה":51,"r_שס":2,"r_אחר":9,"max_party":"המחנה הממלכתי","color_general":"#6079FC","color_ynet":"#D600D6","TOTAL_BZB":290}},{"type":"Feature","geometry":{"type":"Polygon","coordinates":[[[35.469707,32.491156],[35.479107,32.491156],[35.479107,32.498797],[35.469707,32.498797],[35.469707,32.491156],[35.469707,32.491156]]]},"id":298,"properties":{"r_סמל ועדה":5,"SHEM_YISHUV":"מסילות","SEMEL_YISHUV":298,"r_בזב":437,"r_מצביעים":281,"r_פסולים":2,"r_כשרים":279,"r_אמת":28,"r_ט":12,"r_כן":52,"r_ל":9,"r_מחל":18,"r_מרצ":56,"r_פה":100,"r_אחר":4,"max_party":"יש עתיד","color_general":"#FF8E3C","color_ynet":"#F90000","TOTAL_BZB":437}},{"type":"Feature","geometry":{"type":"Polygon","coordinates":[[[35.004585,31.796636],[35.017773,31.796636],[35.017773,31.806969],[35.004585,31.806969],[35.004585,31.796636],[35.004585,31.796636]]]},"id":742,"properties":{"r_סמל ועדה":2,"SHEM_YISHUV":"מסילת ציון","SEMEL_YISHUV":742,"r_בזב":711,"r_מצביעים":579,"r_פסולים":0,"r_כשרים":579,"r_אמת":49,"r_ט":53,"r_כן":102,"r_ל":11,"r_מחל":99,"r_מרצ":52,"r_פה":164,"r_שס":24,"r_אחר":25,"max_party":"יש עתיד","color_general":"#FF8E3C","color_ynet":"#F90000","TOTAL_BZB":711}},{"type":"Feature","geometry":{"type":"Polygon","coordinates":[[[34.580844,31.315332],[34.597576,31.315332],[34.597576,31.333735],[34.580844,31.333735],[34.580844,31.315332],[34.580844,31.315332]]]},"id":748,"properties":{"r_סמל ועדה":18,"SHEM_YISHUV":"מסלול","SEMEL_YISHUV":748,"r_בזב":546,"r_מצביעים":409,"r_פסולים":0,"r_כשרים":409,"r_אמת":19,"r_ג":5,"r_ט":75,"r_כן":46,"r_ל":3,"r_מחל":171,"r_פה":40,"r_שס":34,"r_אחר":16,"max_party":"הליכוד","color_general":"#1C5BAD","color_ynet":"#1417AC","TOTAL_BZB":546}},{"type":"Feature","geometry":{"type":"Polygon","coordinates":[[[35.742276,33.207597],[35.806885,33.207597],[35.806885,33.253145],[35.742276,33.253145],[35.742276,33.207597],[35.742276,33.207597]]]},"id":4203,"properties":{"r_סמל ועדה":3,"SHEM_YISHUV":"מסעדה","SEMEL_YISHUV":4203,"r_בזב":461,"r_מצביעים":104,"r_פסולים":3,"r_כשרים":101,"r_אמת":1,"r_ום":2,"r_ט":5,"r_כן":11,"r_ל":12,"r_מחל":13,"r_מרצ":2,"r_פה":11,"r_שס":2,"r_אחר":42,"max_party":"אחר","color_general":"#1C5BAD","color_ynet":"#1417AC","TOTAL_BZB":461}},{"type":"Feature","geometry":{"type":"Polygon","coordinates":[[[34.802483,31.194256],[34.812142,31.194256],[34.812142,31.208895],[34.802483,31.208895],[34.802483,31.194256],[34.802483,31.194256]]]},"id":939,"properties":{"r_סמל ועדה":18,"SHEM_YISHUV":"מסעודין אל-עזאזמה","SEMEL_YISHUV":939,"r_בזב":8444,"r_מצביעים":3958,"r_פסולים":29,"r_כשרים":3929,"r_ום":283,"r_מרצ":27,"r_עם":3478,"r_אחר":141,"max_party":"רע\"מ","color_general":"#F7C94C","color_ynet":"#FE9601","TOTAL_BZB":8444}},{"type":"Feature","geometry":{"type":"Polygon","coordinates":[[[34.902161,32.358844],[34.90755,32.358844],[34.90755,32.36777],[34.902161,32.36777],[34.902161,32.358844],[34.902161,32.358844]]]},"id":197,"properties":{"r_סמל ועדה":10,"SHEM_YISHUV":"מעברות","SEMEL_YISHUV":197,"r_בזב":745,"r_מצביעים":551,"r_פסולים":2,"r_כשרים":549,"r_אמת":81,"r_ג":3,"r_ום":3,"r_ט":6,"r_כן":80,"r_מחל":14,"r_מרצ":168,"r_פה":182,"r_אחר":12,"max_party":"יש עתיד","color_general":"#FF8E3C","color_ynet":"#F90000","TOTAL_BZB":745}},{"type":"Feature","geometry":{"type":"Polygon","coordinates":[[[34.594557,31.391599],[34.60376,31.391599],[34.60376,31.401366],[34.594557,31.401366],[34.594557,31.391599],[34.594557,31.391599]]]},"id":1082,"properties":{"r_סמל ועדה":18,"SHEM_YISHUV":"מעגלים","SEMEL_YISHUV":1082,"r_בזב":1090,"r_מצביעים":886,"r_פסולים":1,"r_כשרים":885,"r_ג":6,"r_ט":264,"r_כן":22,"r_מחל":413,"r_פה":11,"r_שס":145,"r_אחר":24,"max_party":"הליכוד","color_general":"#1C5BAD","color_ynet":"#1417AC","TOTAL_BZB":1090}},{"type":"Feature","geometry":{"type":"Polygon","coordinates":[[[35.594492,32.701918],[35.607901,32.701918],[35.607901,32.710365],[35.594492,32.710365],[35.594492,32.701918],[35.594492,32.701918]]]},"id":678,"properties":{"r_סמל ועדה":4,"SHEM_YISHUV":"מעגן","SEMEL_YISHUV":678,"r_בזב":328,"r_מצביעים":214,"r_פסולים":3,"r_כשרים":211,"r_אמת":19,"r_ט":9,"r_כן":57,"r_ל":4,"r_מחל":31,"r_מרצ":8,"r_פה":73,"r_שס":4,"r_אחר":6,"max_party":"יש עתיד","color_general":"#FF8E3C","color_ynet":"#F90000","TOTAL_BZB":328}},{"type":"Feature","geometry":{"type":"Polygon","coordinates":[[[34.9098,32.549366],[34.920393,32.549366],[34.920393,32.566073],[34.9098,32.566073],[34.9098,32.549366],[34.9098,32.549366]]]},"id":694,"properties":{"r_סמל ועדה":9,"SHEM_YISHUV":"מעגן מיכאל","SEMEL_YISHUV":694,"r_בזב":1738,"r_מצביעים":1105,"r_פסולים":5,"r_כשרים":1100,"r_אמת":291,"r_ום":7,"r_ט":16,"r_כן":132,"r_ל":14,"r_מחל":44,"r_מרצ":167,"r_פה":392,"r_אחר":37,"max_party":"יש עתיד","color_general":"#FF8E3C","color_ynet":"#F90000","TOTAL_BZB":1738}},{"type":"Feature","geometry":{"type":"Polygon","coordinates":[[[35.546893,32.49037],[35.55533,32.49037],[35.55533,32.496525],[35.546893,32.496525],[35.546893,32.49037],[35.546893,32.49037]]]},"id":272,"properties":{"r_סמל ועדה":5,"SHEM_YISHUV":"מעוז חיים","SEMEL_YISHUV":272,"r_בזב":499,"r_מצביעים":303,"r_פסולים":0,"r_כשרים":303,"r_אמת":65,"r_ט":14,"r_כן":51,"r_ל":4,"r_מחל":17,"r_מרצ":18,"r_פה":119,"r_אחר":15,"max_party":"יש עתיד","color_general":"#FF8E3C","color_ynet":"#F90000","TOTAL_BZB":499}},{"type":"Feature","geometry":{"type":"Polygon","coordinates":[[[35.158312,31.411618],[35.166195,31.411618],[35.166195,31.415999],[35.158312,31.415999],[35.158312,31.411618],[35.158312,31.411618]]]},"id":3657,"properties":{"r_סמל ועדה":18,"SHEM_YISHUV":"מעון","SEMEL_YISHUV":3657,"r_בזב":305,"r_מצביעים":228,"r_פסולים":0,"r_כשרים":228,"r_ג":2,"r_ט":205,"r_מחל":9,"r_שס":2,"r_אחר":10,"max_party":"הציונות הדתית","color_general":"#A88461","color_ynet":"#5C97BF","TOTAL_BZB":305}},{"type":"Feature","geometry":{"type":"Polygon","coordinates":[[[35.246787,33.010579],[35.272327,33.010579],[35.272327,33.025938],[35.246787,33.025938],[35.246787,33.010579],[35.246787,33.010579]]]},"id":570,"properties":{"r_סמל ועדה":6,"SHEM_YISHUV":"מעונה","SEMEL_YISHUV":570,"r_בזב":673,"r_מצביעים":482,"r_פסולים":2,"r_כשרים":480,"r_אמת":18,"r_ט":63,"r_כן":67,"r_ל":6,"r_מחל":200,"r_מרצ":9,"r_פה":80,"r_שס":29,"r_אחר":8,"max_party":"הליכוד","color_general":"#1C5BAD","color_ynet":"#1417AC","TOTAL_BZB":673}},{"type":"Feature","geometry":{"type":"Polygon","coordinates":[[[35.245877,33.021027],[35.269234,33.021027],[35.269234,33.036969],[35.245877,33.036969],[35.245877,33.021027],[35.245877,33.021027]]]},"id":518,"properties":{"r_סמל ועדה":6,"SHEM_YISHUV":"מעיליא","SEMEL_YISHUV":518,"r_בזב":2616,"r_מצביעים":1741,"r_פסולים":17,"r_כשרים":1724,"r_אמת":17,"r_ום":821,"r_כן":32,"r_מחל":25,"r_מרצ":199,"r_עם":15,"r_פה":177,"r_אחר":438,"max_party":"חד\"ש תע\"ל","color_general":"#58C879","color_ynet":"#FFC37B","TOTAL_BZB":2616}},{"type":"Feature","geometry":{"type":"Polygon","coordinates":[[[35.602067,33.236456],[35.612255,33.236456],[35.612255,33.244283],[35.602067,33.244283],[35.602067,33.236456],[35.602067,33.236456]]]},"id":416,"properties":{"r_סמל ועדה":3,"SHEM_YISHUV":"מעיין ברוך","SEMEL_YISHUV":416,"r_בזב":489,"r_מצביעים":322,"r_פסולים":0,"r_כשרים":322,"r_אמת":58,"r_ט":12,"r_כן":41,"r_ל":16,"r_מחל":36,"r_מרצ":22,"r_פה":126,"r_שס":2,"r_אחר":9,"max_party":"יש עתיד","color_general":"#FF8E3C","color_ynet":"#F90000","TOTAL_BZB":489}},{"type":"Feature","geometry":{"type":"Polygon","coordinates":[[[34.938043,32.563743],[34.943373,32.563743],[34.943373,32.570774],[34.938043,32.570774],[34.938043,32.563743],[34.938043,32.563743]]]},"id":290,"properties":{"r_סמל ועדה":9,"SHEM_YISHUV":"מעיין צבי","SEMEL_YISHUV":290,"r_בזב":684,"r_מצביעים":482,"r_פסולים":1,"r_כשרים":481,"r_אמת":95,"r_ט":12,"r_כן":86,"r_ל":7,"r_מחל":33,"r_מרצ":38,"r_פה":195,"r_שס":3,"r_אחר":12,"max_party":"יש עתיד","color_general":"#FF8E3C","color_ynet":"#F90000","TOTAL_BZB":684}},{"type":"Feature","geometry":{"type":"Polygon","coordinates":[[[35.257926,31.746701],[35.390541,31.746701],[35.390541,31.826941],[35.257926,31.826941],[35.257926,31.746701],[35.257926,31.746701]]]},"id":3616,"properties":{"r_סמל ועדה":2,"SHEM_YISHUV":"מעלה אדומים","SEMEL_YISHUV":3616,"r_בזב":28142,"r_מצביעים":19710,"r_פסולים":108,"r_כשרים":19602,"r_אמת":153,"r_ג":258,"r_ט":5096,"r_כן":1210,"r_ל":772,"r_מחל":8373,"r_פה":1392,"r_שס":1669,"r_אחר":679,"max_party":"הליכוד","color_general":"#1C5BAD","color_ynet":"#1417AC","TOTAL_BZB":28142}},{"type":"Feature","geometry":{"type":"Polygon","coordinates":[[[35.399857,32.068],[35.408234,32.068],[35.408234,32.075075],[35.399857,32.075075],[35.399857,32.068],[35.399857,32.068]]]},"id":3608,"properties":{"r_סמל ועדה":5,"SHEM_YISHUV":"מעלה אפרים","SEMEL_YISHUV":3608,"r_בזב":1162,"r_מצביעים":630,"r_פסולים":3,"r_כשרים":627,"r_ג":8,"r_ט":240,"r_כן":33,"r_ל":28,"r_מחל":216,"r_פה":53,"r_שס":17,"r_אחר":32,"max_party":"הציונות הדתית","color_general":"#A88461","color_ynet":"#5C97BF","TOTAL_BZB":1162}},{"type":"Feature","geometry":{"type":"Polygon","coordinates":[[[35.411802,32.47255],[35.425726,32.47255],[35.425726,32.48129],[35.411802,32.48129],[35.411802,32.47255],[35.411802,32.47255]]]},"id":1127,"properties":{"r_סמל ועדה":5,"SHEM_YISHUV":"מעלה גלבוע","SEMEL_YISHUV":1127,"r_בזב":386,"r_מצביעים":310,"r_פסולים":1,"r_כשרים":309,"r_אמת":23,"r_ט":41,"r_כן":80,"r_מחל":43,"r_מרצ":3,"r_פה":32,"r_שס":3,"r_אחר":84,"max_party":"אחר","color_general":"#6079FC","color_ynet":"#D600D6","TOTAL_BZB":386}},{"type":"Feature","geometry":{"type":"Polygon","coordinates":[[[35.676301,32.882464],[35.690107,32.882464],[35.690107,32.893439],[35.676301,32.893439],[35.676301,32.882464],[35.676301,32.882464]]]},"id":4008,"properties":{"r_סמל ועדה":4,"SHEM_YISHUV":"מעלה גמלא","SEMEL_YISHUV":4008,"r_בזב":416,"r_מצביעים":317,"r_פסולים":1,"r_כשרים":316,"r_אמת":60,"r_ט":13,"r_כן":35,"r_ל":6,"r_מחל":35,"r_מרצ":17,"r_פה":133,"r_אחר":17,"max_party":"יש עתיד","color_general":"#FF8E3C","color_ynet":"#F90000","TOTAL_BZB":416}},{"type":"Feature","geometry":{"type":"Polygon","coordinates":[[[35.102086,31.814715],[35.119334,31.814715],[35.119334,31.821489],[35.102086,31.821489],[35.102086,31.814715],[35.102086,31.814715]]]},"id":286,"properties":{"r_סמל ועדה":2,"SHEM_YISHUV":"מעלה החמישה","SEMEL_YISHUV":286,"r_בזב":589,"r_מצביעים":423,"r_פסולים":1,"r_כשרים":422,"r_אמת":94,"r_ט":3,"r_כן":74,"r_ל":10,"r_מחל":24,"r_מרצ":52,"r_פה":156,"r_אחר":9,"max_party":"יש עתיד","color_general":"#FF8E3C","color_ynet":"#F90000","TOTAL_BZB":589}},{"type":"Feature","geometry":{"type":"Polygon","coordinates":[[[35.237111,32.052546],[35.243368,32.052546],[35.243368,32.057209],[35.237111,32.057209],[35.237111,32.052546],[35.237111,32.052546]]]},"id":3752,"properties":{"r_סמל ועדה":2,"SHEM_YISHUV":"מעלה לבונה","SEMEL_YISHUV":3752,"r_בזב":461,"r_מצביעים":351,"r_פסולים":0,"r_כשרים":351,"r_ט":301,"r_מחל":33,"r_שס":6,"r_אחר":11,"max_party":"הציונות הדתית","color_general":"#A88461","color_ynet":"#5C97BF","TOTAL_BZB":461}},{"type":"Feature","geometry":{"type":"Polygon","coordinates":[[[35.303551,31.873981],[35.309896,31.873981],[35.309896,31.884035],[35.303551,31.884035],[35.303551,31.873981],[35.303551,31.873981]]]},"id":3651,"properties":{"r_סמל ועדה":2,"SHEM_YISHUV":"מעלה מכמש","SEMEL_YISHUV":3651,"r_בזב":1076,"r_מצביעים":836,"r_פסולים":3,"r_כשרים":833,"r_ג":8,"r_ט":541,"r_כן":15,"r_מחל":164,"r_פה":5,"r_שס":24,"r_אחר":76,"max_party":"הציונות הדתית","color_general":"#A88461","color_ynet":"#5C97BF","TOTAL_BZB":1076}},{"type":"Feature","geometry":{"type":"Polygon","coordinates":[[[35.142175,32.536379],[35.209256,32.536379],[35.209256,32.562901],[35.142175,32.562901],[35.142175,32.536379],[35.142175,32.536379]]]},"id":1327,"properties":{"r_סמל ועדה":9,"SHEM_YISHUV":"מעלה עירון","SEMEL_YISHUV":1327,"r_בזב":10678,"r_מצביעים":4599,"r_פסולים":57,"r_כשרים":4542,"r_ום":1080,"r_מחל":38,"r_מרצ":89,"r_עם":1010,"r_פה":36,"r_שס":231,"r_אחר":2058,"max_party":"אחר","color_general":"#58C879","color_ynet":"#FFC37B","TOTAL_BZB":10678}},{"type":"Feature","geometry":{"type":"Polygon","coordinates":[[[35.225386,31.594247],[35.232416,31.594247],[35.232416,31.599059],[35.225386,31.599059],[35.225386,31.594247],[35.225386,31.594247]]]},"id":3653,"properties":{"r_סמל ועדה":2,"SHEM_YISHUV":"מעלה עמוס","SEMEL_YISHUV":3653,"r_בזב":431,"r_מצביעים":326,"r_פסולים":2,"r_כשרים":324,"r_ג":157,"r_ט":105,"r_כן":2,"r_מחל":15,"r_פה":3,"r_שס":36,"r_אחר":6,"max_party":"יהדות התורה","color_general":"#49536B","color_ynet":"#683B04","TOTAL_BZB":431}},{"type":"Feature","geometry":{"type":"Polygon","coordinates":[[[35.183613,32.999073],[35.307726,32.999073],[35.307726,33.029475],[35.183613,33.029475],[35.183613,32.999073],[35.183613,32.999073]]]},"id":1063,"properties":{"r_סמל ועדה":6,"SHEM_YISHUV":"מעלות-תרשיחא","SEMEL_YISHUV":1063,"r_בזב":18917,"r_מצביעים":11484,"r_פסולים":120,"r_כשרים":11364,"r_אמת":114,"r_ג":87,"r_ום":956,"r_ט":1309,"r_כן":577,"r_ל":1424,"r_מחל":3020,"r_מרצ":134,"r_עם":322,"r_פה":1173,"r_שס":734,"r_אחר":1514,"max_party":"הליכוד","color_general":"#1C5BAD","color_ynet":"#1417AC","TOTAL_BZB":18917}},{"type":"Feature","geometry":{"type":"Polygon","coordinates":[[[35.023452,32.452603],[35.032915,32.452603],[35.032915,32.460987],[35.023452,32.460987],[35.023452,32.452603],[35.023452,32.452603]]]},"id":344,"properties":{"r_סמל ועדה":9,"SHEM_YISHUV":"מענית","SEMEL_YISHUV":344,"r_בזב":588,"r_מצביעים":472,"r_פסולים":1,"r_כשרים":471,"r_אמת":94,"r_ום":4,"r_ט":5,"r_כן":63,"r_ל":9,"r_מחל":21,"r_מרצ":86,"r_עם":3,"r_פה":175,"r_אחר":11,"max_party":"יש עתיד","color_general":"#FF8E3C","color_ynet":"#F90000","TOTAL_BZB":588}},{"type":"Feature","geometry":{"type":"Polygon","coordinates":[[[34.880868,32.058641],[34.894947,32.058641],[34.894947,32.069314],[34.880868,32.069314],[34.880868,32.058641],[34.880868,32.058641]]]},"id":230,"properties":{"r_סמל ועדה":11,"SHEM_YISHUV":"מעש","SEMEL_YISHUV":230,"r_בזב":659,"r_מצביעים":492,"r_פסולים":0,"r_כשרים":492,"r_אמת":41,"r_ט":39,"r_כן":75,"r_ל":11,"r_מחל":79,"r_מרצ":20,"r_פה":211,"r_שס":5,"r_אחר":11,"max_party":"יש עתיד","color_general":"#FF8E3C","color_ynet":"#F90000","TOTAL_BZB":659}},{"type":"Feature","geometry":{"type":"Polygon","coordinates":[[[34.555961,31.498152],[34.571864,31.498152],[34.571864,31.506069],[34.555961,31.506069],[34.555961,31.498152],[34.555961,31.498152]]]},"id":668,"properties":{"r_סמל ועדה":17,"SHEM_YISHUV":"מפלסים","SEMEL_YISHUV":668,"r_בזב":722,"r_מצביעים":498,"r_פסולים":4,"r_כשרים":494,"r_אמת":68,"r_ט":21,"r_כן":127,"r_ל":7,"r_מחל":49,"r_מרצ":38,"r_פה":167,"r_אחר":17,"max_party":"יש עתיד","color_general":"#FF8E3C","color_ynet":"#F90000","TOTAL_BZB":722}},{"type":"Feature","geometry":{"type":"Polygon","coordinates":[[[35.108632,31.362103],[35.115583,31.362103],[35.115583,31.370318],[35.108632,31.370318],[35.108632,31.362103],[35.108632,31.362103]]]},"id":3745,"properties":{"r_סמל ועדה":18,"SHEM_YISHUV":"מצדות יהודה","SEMEL_YISHUV":3745,"r_בזב":477,"r_מצביעים":361,"r_פסולים":0,"r_כשרים":361,"r_ג":4,"r_ט":286,"r_כן":5,"r_ל":2,"r_מחל":16,"r_מרצ":4,"r_פה":4,"r_שס":7,"r_אחר":33,"max_party":"הציונות הדתית","color_general":"#A88461","color_ynet":"#5C97BF","TOTAL_BZB":477}},{"type":"Feature","geometry":{"type":"Polygon","coordinates":[[[35.151498,33.059395],[35.162899,33.059395],[35.162899,33.068601],[35.151498,33.068601],[35.151498,33.059395],[35.151498,33.059395]]]},"id":325,"properties":{"r_סמל ועדה":6,"SHEM_YISHUV":"מצובה","SEMEL_YISHUV":325,"r_בזב":882,"r_מצביעים":596,"r_פסולים":0,"r_כשרים":596,"r_אמת":58,"r_ט":30,"r_כן":99,"r_ל":6,"r_מחל":112,"r_מרצ":35,"r_פה":229,"r_שס":5,"r_אחר":22,"max_party":"יש עתיד","color_general":"#FF8E3C","color_ynet":"#F90000","TOTAL_BZB":882}},{"type":"Feature","geometry":{"type":"Polygon","coordinates":[[[34.863887,31.899261],[34.885308,31.899261],[34.885308,31.913225],[34.863887,31.913225],[34.863887,31.899261],[34.863887,31.899261]]]},"id":757,"properties":{"r_סמל ועדה":12,"SHEM_YISHUV":"מצליח","SEMEL_YISHUV":757,"r_בזב":958,"r_מצביעים":727,"r_פסולים":9,"r_כשרים":718,"r_אמת":9,"r_ט":119,"r_כן":85,"r_ל":9,"r_מחל":341,"r_מרצ":4,"r_פה":87,"r_שס":43,"r_אחר":21,"max_party":"הליכוד","color_general":"#1C5BAD","color_ynet":"#1417AC","TOTAL_BZB":958}},{"type":"Feature","geometry":{"type":"Polygon","coordinates":[[[35.505667,32.787409],[35.516732,32.787409],[35.516732,32.792806],[35.505667,32.792806],[35.505667,32.787409],[35.505667,32.787409]]]},"id":58,"properties":{"r_סמל ועדה":4,"SHEM_YISHUV":"מצפה","SEMEL_YISHUV":58,"r_בזב":113,"r_מצביעים":85,"r_פסולים":0,"r_כשרים":85,"r_אמת":7,"r_ט":6,"r_כן":13,"r_ל":1,"r_מחל":22,"r_מרצ":3,"r_פה":31,"r_שס":1,"r_אחר":1,"max_party":"יש עתיד","color_general":"#FF8E3C","color_ynet":"#F90000","TOTAL_BZB":113}},{"type":"Feature","geometry":{"type":"Polygon","coordinates":[[[35.19357,32.828413],[35.209006,32.828413],[35.209006,32.842364],[35.19357,32.842364],[35.19357,32.828413],[35.19357,32.828413]]]},"id":1222,"properties":{"r_סמל ועדה":20,"SHEM_YISHUV":"מצפה אבי\"ב","SEMEL_YISHUV":1222,"r_בזב":744,"r_מצביעים":569,"r_פסולים":0,"r_כשרים":569,"r_אמת":62,"r_ט":23,"r_כן":111,"r_ל":11,"r_מחל":48,"r_מרצ":46,"r_פה":238,"r_שס":4,"r_אחר":26,"max_party":"יש עתיד","color_general":"#FF8E3C","color_ynet":"#F90000","TOTAL_BZB":744}},{"type":"Feature","geometry":{"type":"Polygon","coordinates":[[[35.062099,32.456513],[35.072288,32.456513],[35.072288,32.465676],[35.062099,32.465676],[35.062099,32.456513],[35.062099,32.456513]]]},"id":1370,"properties":{"r_סמל ועדה":9,"SHEM_YISHUV":"מצפה אילן","SEMEL_YISHUV":1370,"r_בזב":325,"r_מצביעים":267,"r_פסולים":1,"r_כשרים":266,"r_אמת":2,"r_ט":93,"r_כן":15,"r_מחל":38,"r_פה":4,"r_שס":2,"r_אחר":112,"max_party":"אחר","color_general":"#A88461","color_ynet":"#5C97BF","TOTAL_BZB":325}},{"type":"Feature","geometry":{"type":"Polygon","coordinates":[[[35.390512,31.811269],[35.398177,31.811269],[35.398177,31.820801],[35.390512,31.820801],[35.390512,31.811269],[35.390512,31.811269]]]},"id":3576,"properties":{"r_סמל ועדה":2,"SHEM_YISHUV":"מצפה יריחו","SEMEL_YISHUV":3576,"r_בזב":1399,"r_מצביעים":1077,"r_פסולים":2,"r_כשרים":1075,"r_ג":16,"r_ט":776,"r_כן":12,"r_מחל":163,"r_שס":54,"r_אחר":54,"max_party":"הציונות הדתית","color_general":"#A88461","color_ynet":"#5C97BF","TOTAL_BZB":1399}},{"type":"Feature","geometry":{"type":"Polygon","coordinates":[[[35.380566,32.799496],[35.393243,32.799496],[35.393243,32.805286],[35.380566,32.805286],[35.380566,32.799496],[35.380566,32.799496]]]},"id":1190,"properties":{"r_סמל ועדה":4,"SHEM_YISHUV":"מצפה נטופה","SEMEL_YISHUV":1190,"r_בזב":680,"r_מצביעים":488,"r_פסולים":4,"r_כשרים":484,"r_אמת":7,"r_ג":5,"r_ט":191,"r_כן":82,"r_מחל":56,"r_מרצ":3,"r_פה":34,"r_שס":5,"r_אחר":101,"max_party":"הציונות הדתית","color_general":"#A88461","color_ynet":"#5C97BF","TOTAL_BZB":680}},{"type":"Feature","geometry":{"type":"Polygon","coordinates":[[[34.740631,30.576882],[34.904394,30.576882],[34.904394,30.679728],[34.740631,30.679728],[34.740631,30.576882],[34.740631,30.576882]]]},"id":99,"properties":{"r_סמל ועדה":18,"SHEM_YISHUV":"מצפה רמון","SEMEL_YISHUV":99,"r_בזב":3739,"r_מצביעים":1985,"r_פסולים":21,"r_כשרים":1964,"r_אמת":135,"r_ום":18,"r_ט":535,"r_כן":101,"r_ל":137,"r_מחל":517,"r_מרצ":118,"r_עם":39,"r_פה":223,"r_שס":65,"r_אחר":76,"max_party":"הציונות הדתית","color_general":"#A88461","color_ynet":"#5C97BF","TOTAL_BZB":3739}},{"type":"Feature","geometry":{"type":"Polygon","coordinates":[[[35.398822,31.567036],[35.402266,31.567036],[35.402266,31.572608],[35.398822,31.572608],[35.398822,31.567036],[35.398822,31.567036]]]},"id":3610,"properties":{"r_סמל ועדה":2,"SHEM_YISHUV":"מצפה שלם","SEMEL_YISHUV":3610,"r_בזב":265,"r_מצביעים":191,"r_פסולים":1,"r_כשרים":190,"r_אמת":27,"r_ג":1,"r_ט":23,"r_כן":22,"r_ל":6,"r_מחל":26,"r_מרצ":17,"r_עם":1,"r_פה":34,"r_שס":2,"r_אחר":31,"max_party":"יש עתיד","color_general":"#FF8E3C","color_ynet":"#F90000","TOTAL_BZB":265}},{"type":"Feature","geometry":{"type":"Polygon","coordinates":[[[35.044652,32.436231],[35.051962,32.436231],[35.051962,32.443742],[35.044652,32.443742],[35.044652,32.436231],[35.044652,32.436231]]]},"id":648,"properties":{"r_סמל ועדה":9,"SHEM_YISHUV":"מצר","SEMEL_YISHUV":648,"r_בזב":430,"r_מצביעים":299,"r_פסולים":1,"r_כשרים":298,"r_אמת":64,"r_כן":18,"r_ל":4,"r_מחל":3,"r_מרצ":122,"r_פה":80,"r_אחר":7,"max_party":"מרצ","color_general":"#FC60C3","color_ynet":"#71BF45","TOTAL_BZB":430}},{"type":"Feature","geometry":{"type":"Polygon","coordinates":[[[34.775793,32.022985],[34.787802,32.022985],[34.787802,32.033038],[34.775793,32.033038],[34.775793,32.022985],[34.775793,32.022985]]]},"id":22,"properties":{"r_סמל ועדה":16,"SHEM_YISHUV":"מקווה ישראל","SEMEL_YISHUV":22,"r_בזב":157,"r_מצביעים":111,"r_פסולים":0,"r_כשרים":111,"r_אמת":7,"r_ט":19,"r_כן":8,"r_ל":5,"r_מחל":23,"r_מרצ":9,"r_פה":36,"r_שס":1,"r_אחר":3,"max_party":"יש עתיד","color_general":"#FF8E3C","color_ynet":"#F90000","TOTAL_BZB":157}},{"type":"Feature","geometry":{"type":"Polygon","coordinates":[[[35.538386,33.208035],[35.549664,33.208035],[35.549664,33.220699],[35.538386,33.220699],[35.538386,33.208035],[35.538386,33.208035]]]},"id":843,"properties":{"r_סמל ועדה":3,"SHEM_YISHUV":"מרגליות","SEMEL_YISHUV":843,"r_בזב":354,"r_מצביעים":220,"r_פסולים":1,"r_כשרים":219,"r_אמת":7,"r_ג":3,"r_ט":29,"r_כן":21,"r_ל":3,"r_מחל":103,"r_מרצ":4,"r_פה":23,"r_שס":23,"r_אחר":3,"max_party":"הליכוד","color_general":"#1C5BAD","color_ynet":"#1417AC","TOTAL_BZB":354}},{"type":"Feature","geometry":{"type":"Polygon","coordinates":[[[35.764062,33.128229],[35.77989,33.128229],[35.77989,33.14005],[35.764062,33.14005],[35.764062,33.128229],[35.764062,33.128229]]]},"id":4101,"properties":{"r_סמל ועדה":3,"SHEM_YISHUV":"מרום גולן","SEMEL_YISHUV":4101,"r_בזב":606,"r_מצביעים":416,"r_פסולים":1,"r_כשרים":415,"r_אמת":53,"r_ט":9,"r_כן":95,"r_ל":8,"r_מחל":28,"r_מרצ":13,"r_פה":199,"r_אחר":10,"max_party":"יש עתיד","color_general":"#FF8E3C","color_ynet":"#F90000","TOTAL_BZB":606}},{"type":"Feature","geometry":{"type":"Polygon","coordinates":[[[34.825232,30.885913],[34.832552,30.885913],[34.832552,30.892371],[34.825232,30.892371],[34.825232,30.885913],[34.825232,30.885913]]]},"id":1340,"properties":{"r_סמל ועדה":18,"SHEM_YISHUV":"מרחב עם","SEMEL_YISHUV":1340,"r_בזב":225,"r_מצביעים":184,"r_פסולים":0,"r_כשרים":184,"r_אמת":4,"r_ג":1,"r_ט":117,"r_כן":10,"r_מחל":19,"r_שס":13,"r_אחר":20,"max_party":"הציונות הדתית","color_general":"#A88461","color_ynet":"#5C97BF","TOTAL_BZB":225}},{"type":"Feature","geometry":{"type":"Polygon","coordinates":[[[35.307371,32.593591],[35.324512,32.593591],[35.324512,32.612976],[35.307371,32.612976],[35.307371,32.593591],[35.307371,32.593591]]]},"id":97,"properties":{"r_סמל ועדה":5,"SHEM_YISHUV":"מרחביה (מושב)","SEMEL_YISHUV":97,"r_בזב":603,"r_מצביעים":434,"r_פסולים":0,"r_כשרים":434,"r_אמת":41,"r_ט":26,"r_כן":101,"r_ל":13,"r_מחל":66,"r_מרצ":20,"r_פה":146,"r_שס":6,"r_אחר":15,"max_party":"יש עתיד","color_general":"#FF8E3C","color_ynet":"#F90000","TOTAL_BZB":603}},{"type":"Feature","geometry":{"type":"Polygon","coordinates":[[[35.302731,32.59944],[35.313126,32.59944],[35.313126,32.610388],[35.302731,32.610388],[35.302731,32.59944],[35.302731,32.59944]]]},"id":66,"properties":{"r_סמל ועדה":5,"SHEM_YISHUV":"מרחביה (קיבוץ)","SEMEL_YISHUV":66,"r_בזב":950,"r_מצביעים":656,"r_פסולים":8,"r_כשרים":648,"r_אמת":33,"r_ט":24,"r_כן":96,"r_ל":31,"r_מחל":142,"r_מרצ":86,"r_פה":212,"r_שס":5,"r_אחר":19,"max_party":"יש עתיד","color_general":"#FF8E3C","color_ynet":"#F90000","TOTAL_BZB":950}},{"type":"Feature","geometry":{"type":"Polygon","coordinates":[[[34.702172,31.688822],[34.710267,31.688822],[34.710267,31.700879],[34.702172,31.700879],[34.702172,31.688822],[34.702172,31.688822]]]},"id":1098,"properties":{"r_סמל ועדה":17,"SHEM_YISHUV":"מרכז שפירא","SEMEL_YISHUV":1098,"r_בזב":1620,"r_מצביעים":1317,"r_פסולים":0,"r_כשרים":1317,"r_ג":10,"r_ט":731,"r_כן":44,"r_מחל":250,"r_פה":24,"r_שס":151,"r_אחר":107,"max_party":"הציונות הדתית","color_general":"#A88461","color_ynet":"#5C97BF","TOTAL_BZB":1620}},{"type":"Feature","geometry":{"type":"Polygon","coordinates":[[[34.781211,30.998731],[34.790793,30.998731],[34.790793,31.009434],[34.781211,31.009434],[34.781211,30.998731],[34.781211,30.998731]]]},"id":421,"properties":{"r_סמל ועדה":18,"SHEM_YISHUV":"משאבי שדה","SEMEL_YISHUV":421,"r_בזב":455,"r_מצביעים":276,"r_פסולים":0,"r_כשרים":276,"r_אמת":52,"r_ט":11,"r_כן":43,"r_ל":23,"r_מחל":7,"r_מרצ":24,"r_פה":109,"r_אחר":7,"max_party":"יש עתיד","color_general":"#FF8E3C","color_ynet":"#F90000","TOTAL_BZB":455}},{"type":"Feature","geometry":{"type":"Polygon","coordinates":[[[34.732138,31.811503],[34.748479,31.811503],[34.748479,31.826797],[34.732138,31.826797],[34.732138,31.811503],[34.732138,31.811503]]]},"id":765,"properties":{"r_סמל ועדה":13,"SHEM_YISHUV":"משגב דב","SEMEL_YISHUV":765,"r_בזב":521,"r_מצביעים":392,"r_פסולים":2,"r_כשרים":390,"r_אמת":26,"r_ט":17,"r_כן":65,"r_ל":9,"r_מחל":77,"r_מרצ":31,"r_פה":152,"r_אחר":13,"max_party":"יש עתיד","color_general":"#FF8E3C","color_ynet":"#F90000","TOTAL_BZB":521}},{"type":"Feature","geometry":{"type":"Polygon","coordinates":[[[35.546799,33.243494],[35.551722,33.243494],[35.551722,33.250671],[35.546799,33.250671],[35.546799,33.243494],[35.546799,33.243494]]]},"id":378,"properties":{"r_סמל ועדה":3,"SHEM_YISHUV":"משגב עם","SEMEL_YISHUV":378,"r_בזב":272,"r_מצביעים":177,"r_פסולים":2,"r_כשרים":175,"r_אמת":51,"r_ט":3,"r_כן":27,"r_ל":11,"r_מחל":8,"r_מרצ":8,"r_עם":1,"r_פה":64,"r_אחר":2,"max_party":"יש עתיד","color_general":"#FF8E3C","color_ynet":"#F90000","TOTAL_BZB":272}},{"type":"Feature","geometry":{"type":"Polygon","coordinates":[[[35.301326,32.729163],[35.344142,32.729163],[35.344142,32.777519],[35.301326,32.777519],[35.301326,32.729163],[35.301326,32.729163]]]},"id":520,"properties":{"r_סמל ועדה":5,"SHEM_YISHUV":"משהד","SEMEL_YISHUV":520,"r_בזב":5972,"r_מצביעים":2892,"r_פסולים":30,"r_כשרים":2862,"r_ום":731,"r_ל":19,"r_מחל":26,"r_מרצ":30,"r_עם":1197,"r_אחר":859,"max_party":"רע\"מ","color_general":"#F7C94C","color_ynet":"#FE9601","TOTAL_BZB":5972}},{"type":"Feature","geometry":{"type":"Polygon","coordinates":[[[35.488176,32.10821],[35.493766,32.10821],[35.493766,32.115162],[35.488176,32.115162],[35.488176,32.10821],[35.488176,32.10821]]]},"id":3605,"properties":{"r_סמל ועדה":5,"SHEM_YISHUV":"משואה","SEMEL_YISHUV":3605,"r_בזב":212,"r_מצביעים":158,"r_פסולים":2,"r_כשרים":156,"r_אמת":1,"r_ט":60,"r_כן":22,"r_ל":2,"r_מחל":44,"r_פה":19,"r_שס":1,"r_אחר":7,"max_party":"הציונות הדתית","color_general":"#A88461","color_ynet":"#5C97BF","TOTAL_BZB":212}},{"type":"Feature","geometry":{"type":"Polygon","coordinates":[[[34.683177,31.693794],[34.697858,31.693794],[34.697858,31.711512],[34.683177,31.711512],[34.683177,31.693794],[34.683177,31.693794]]]},"id":620,"properties":{"r_סמל ועדה":17,"SHEM_YISHUV":"משואות יצחק","SEMEL_YISHUV":620,"r_בזב":450,"r_מצביעים":375,"r_פסולים":1,"r_כשרים":374,"r_אמת":3,"r_ג":2,"r_ט":150,"r_כן":42,"r_ל":2,"r_מחל":57,"r_מרצ":8,"r_פה":24,"r_אחר":86,"max_party":"הציונות הדתית","color_general":"#A88461","color_ynet":"#5C97BF","TOTAL_BZB":450}},{"type":"Feature","geometry":{"type":"Polygon","coordinates":[[[35.499811,32.315854],[35.504636,32.315854],[35.504636,32.320493],[35.499811,32.320493],[35.499811,32.315854],[35.499811,32.315854]]]},"id":3785,"properties":{"r_סמל ועדה":5,"SHEM_YISHUV":"משכיות","SEMEL_YISHUV":3785,"r_בזב":104,"r_מצביעים":88,"r_פסולים":0,"r_כשרים":88,"r_ט":80,"r_פה":1,"r_שס":6,"r_אחר":1,"max_party":"הציונות הדתית","color_general":"#A88461","color_ynet":"#5C97BF","TOTAL_BZB":104}},{"type":"Feature","geometry":{"type":"Polygon","coordinates":[[[34.936125,31.865325],[34.955523,31.865325],[34.955523,31.878751],[34.936125,31.878751],[34.936125,31.865325],[34.936125,31.865325]]]},"id":670,"properties":{"r_סמל ועדה":12,"SHEM_YISHUV":"משמר איילון","SEMEL_YISHUV":670,"r_בזב":404,"r_מצביעים":337,"r_פסולים":0,"r_כשרים":337,"r_אמת":20,"r_ום":2,"r_ט":36,"r_כן":69,"r_ל":15,"r_מחל":77,"r_מרצ":14,"r_פה":88,"r_שס":2,"r_אחר":14,"max_party":"יש עתיד","color_general":"#FF8E3C","color_ynet":"#F90000","TOTAL_BZB":404}},{"type":"Feature","geometry":{"type":"Polygon","coordinates":[[[34.897589,31.819253],[34.906493,31.819253],[34.906493,31.826991],[34.897589,31.826991],[34.897589,31.819253],[34.897589,31.819253]]]},"id":563,"properties":{"r_סמל ועדה":12,"SHEM_YISHUV":"משמר דוד","SEMEL_YISHUV":563,"r_בזב":735,"r_מצביעים":616,"r_פסולים":2,"r_כשרים":614,"r_אמת":41,"r_ום":4,"r_ט":28,"r_כן":114,"r_ל":34,"r_מחל":99,"r_מרצ":47,"r_פה":227,"r_אחר":20,"max_party":"יש עתיד","color_general":"#FF8E3C","color_ynet":"#F90000","TOTAL_BZB":735}},{"type":"Feature","geometry":{"type":"Polygon","coordinates":[[[35.591835,32.998926],[35.605398,32.998926],[35.605398,33.010892],[35.591835,33.010892],[35.591835,32.998926],[35.591835,32.998926]]]},"id":732,"properties":{"r_סמל ועדה":3,"SHEM_YISHUV":"משמר הירדן","SEMEL_YISHUV":732,"r_בזב":582,"r_מצביעים":435,"r_פסולים":1,"r_כשרים":434,"r_אמת":24,"r_ט":79,"r_כן":36,"r_ל":6,"r_מחל":191,"r_מרצ":12,"r_פה":59,"r_שס":13,"r_אחר":14,"max_party":"הליכוד","color_general":"#1C5BAD","color_ynet":"#1417AC","TOTAL_BZB":582}},{"type":"Feature","geometry":{"type":"Polygon","coordinates":[[[34.711294,31.358828],[34.726474,31.358828],[34.726474,31.369758],[34.711294,31.369758],[34.711294,31.358828],[34.711294,31.358828]]]},"id":395,"properties":{"r_סמל ועדה":18,"SHEM_YISHUV":"משמר הנגב","SEMEL_YISHUV":395,"r_בזב":863,"r_מצביעים":562,"r_פסולים":3,"r_כשרים":559,"r_אמת":101,"r_ט":26,"r_כן":101,"r_ל":14,"r_מחל":55,"r_מרצ":36,"r_פה":208,"r_אחר":18,"max_party":"יש עתיד","color_general":"#FF8E3C","color_ynet":"#F90000","TOTAL_BZB":863}},{"type":"Feature","geometry":{"type":"Polygon","coordinates":[[[35.136959,32.603824],[35.151462,32.603824],[35.151462,32.615144],[35.136959,32.615144],[35.136959,32.603824],[35.136959,32.603824]]]},"id":130,"properties":{"r_סמל ועדה":5,"SHEM_YISHUV":"משמר העמק","SEMEL_YISHUV":130,"r_בזב":939,"r_מצביעים":716,"r_פסולים":3,"r_כשרים":713,"r_אמת":168,"r_כן":88,"r_ל":14,"r_מחל":12,"r_מרצ":161,"r_פה":247,"r_אחר":23,"max_party":"יש עתיד","color_general":"#FF8E3C","color_ynet":"#F90000","TOTAL_BZB":939}},{"type":"Feature","geometry":{"type":"Polygon","coordinates":[[[34.814964,32.001255],[34.83511,32.001255],[34.83511,32.016932],[34.814964,32.016932],[34.814964,32.001255],[34.814964,32.001255]]]},"id":729,"properties":{"r_סמל ועדה":12,"SHEM_YISHUV":"משמר השבעה","SEMEL_YISHUV":729,"r_בזב":716,"r_מצביעים":555,"r_פסולים":4,"r_כשרים":551,"r_אמת":31,"r_ג":3,"r_ט":35,"r_כן":87,"r_ל":14,"r_מחל":166,"r_מרצ":16,"r_פה":187,"r_שס":3,"r_אחר":9,"max_party":"יש עתיד","color_general":"#FF8E3C","color_ynet":"#F90000","TOTAL_BZB":716}},{"type":"Feature","geometry":{"type":"Polygon","coordinates":[[[34.900677,32.353777],[34.907573,32.353777],[34.907573,32.359759],[34.900677,32.359759],[34.900677,32.353777],[34.900677,32.353777]]]},"id":194,"properties":{"r_סמל ועדה":10,"SHEM_YISHUV":"משמר השרון","SEMEL_YISHUV":194,"r_בזב":517,"r_מצביעים":335,"r_פסולים":1,"r_כשרים":334,"r_אמת":103,"r_ג":2,"r_ט":4,"r_כן":50,"r_ל":8,"r_מחל":16,"r_מרצ":26,"r_פה":116,"r_אחר":9,"max_party":"יש עתיד","color_general":"#FF8E3C","color_ynet":"#F90000","TOTAL_BZB":517}},{"type":"Feature","geometry":{"type":"Polygon","coordinates":[[[34.979589,32.483623],[34.98857,32.483623],[34.98857,32.49288],[34.979589,32.49288],[34.979589,32.483623],[34.979589,32.483623]]]},"id":213,"properties":{"r_סמל ועדה":9,"SHEM_YISHUV":"משמרות","SEMEL_YISHUV":213,"r_בזב":734,"r_מצביעים":581,"r_פסולים":0,"r_כשרים":581,"r_אמת":113,"r_ום":3,"r_ט":6,"r_כן":73,"r_ל":15,"r_מחל":49,"r_מרצ":55,"r_פה":251,"r_אחר":16,"max_party":"יש עתיד","color_general":"#FF8E3C","color_ynet":"#F90000","TOTAL_BZB":734}},{"type":"Feature","geometry":{"type":"Polygon","coordinates":[[[34.909798,32.220139],[34.929757,32.220139],[34.929757,32.234619],[34.909798,32.234619],[34.909798,32.220139],[34.909798,32.220139]]]},"id":425,"properties":{"r_סמל ועדה":10,"SHEM_YISHUV":"משמרת","SEMEL_YISHUV":425,"r_בזב":677,"r_מצביעים":532,"r_פסולים":0,"r_כשרים":532,"r_אמת":46,"r_ט":14,"r_כן":88,"r_ל":18,"r_מחל":38,"r_מרצ":42,"r_פה":273,"r_אחר":13,"max_party":"יש עתיד","color_general":"#FF8E3C","color_ynet":"#F90000","TOTAL_BZB":677}},{"type":"Feature","geometry":{"type":"Polygon","coordinates":[[[34.613615,31.651409],[34.63327,31.651409],[34.63327,31.664299],[34.613615,31.664299],[34.613615,31.651409],[34.613615,31.651409]]]},"id":791,"properties":{"r_סמל ועדה":17,"SHEM_YISHUV":"משען","SEMEL_YISHUV":791,"r_בזב":725,"r_מצביעים":569,"r_פסולים":0,"r_כשרים":569,"r_אמת":9,"r_ג":15,"r_ט":101,"r_כן":39,"r_ל":4,"r_מחל":290,"r_פה":28,"r_שס":68,"r_אחר":15,"max_party":"הליכוד","color_general":"#1C5BAD","color_ynet":"#1417AC","TOTAL_BZB":725}},{"type":"Feature","geometry":{"type":"Polygon","coordinates":[[[34.968006,32.149525],[34.977303,32.149525],[34.977303,32.164609],[34.968006,32.164609],[34.968006,32.149525],[34.968006,32.149525]]]},"id":1315,"properties":{"r_סמל ועדה":19,"SHEM_YISHUV":"מתן","SEMEL_YISHUV":1315,"r_בזב":2652,"r_מצביעים":1903,"r_פסולים":5,"r_כשרים":1898,"r_אמת":136,"r_ט":93,"r_כן":266,"r_ל":63,"r_מחל":270,"r_מרצ":136,"r_פה":871,"r_שס":12,"r_אחר":51,"max_party":"יש עתיד","color_general":"#FF8E3C","color_ynet":"#F90000","TOTAL_BZB":2652}},{"type":"Feature","geometry":{"type":"Polygon","coordinates":[[[35.353964,33.03458],[35.36471,33.03458],[35.36471,33.04684],[35.353964,33.04684],[35.353964,33.03458],[35.353964,33.03458]]]},"id":1184,"properties":{"r_סמל ועדה":6,"SHEM_YISHUV":"מתת","SEMEL_YISHUV":1184,"r_בזב":178,"r_מצביעים":103,"r_פסולים":0,"r_כשרים":103,"r_אמת":19,"r_ג":1,"r_ום":2,"r_ט":1,"r_כן":13,"r_ל":1,"r_מחל":11,"r_מרצ":21,"r_פה":30,"r_שס":1,"r_אחר":3,"max_party":"יש עתיד","color_general":"#FF8E3C","color_ynet":"#F90000","TOTAL_BZB":178}},{"type":"Feature","geometry":{"type":"Polygon","coordinates":[[[35.03172,31.927952],[35.03788,31.927952],[35.03788,31.931862],[35.03172,31.931862],[35.03172,31.927952],[35.03172,31.927952]]]},"id":3648,"properties":{"r_סמל ועדה":12,"SHEM_YISHUV":"מתתיהו","SEMEL_YISHUV":3648,"r_בזב":521,"r_מצביעים":378,"r_פסולים":4,"r_כשרים":374,"r_ג":274,"r_ט":42,"r_כן":5,"r_ל":4,"r_מחל":7,"r_שס":39,"r_אחר":3,"max_party":"יהדות התורה","color_general":"#49536B","color_ynet":"#683B04","TOTAL_BZB":521}},{"type":"Feature","geometry":{"type":"Polygon","coordinates":[[[35.680001,32.780578],[35.699551,32.780578],[35.699551,32.792245],[35.680001,32.792245],[35.680001,32.780578],[35.680001,32.780578]]]},"id":4551,"properties":{"r_סמל ועדה":4,"SHEM_YISHUV":"נאות גולן","SEMEL_YISHUV":4551,"r_בזב":474,"r_מצביעים":324,"r_פסולים":6,"r_כשרים":318,"r_אמת":17,"r_ט":27,"r_כן":68,"r_ל":10,"r_מחל":62,"r_מרצ":7,"r_פה":114,"r_אחר":13,"max_party":"יש עתיד","color_general":"#FF8E3C","color_ynet":"#F90000","TOTAL_BZB":474}},{"type":"Feature","geometry":{"type":"Polygon","coordinates":[[[35.373857,30.93088],[35.383943,30.93088],[35.383943,30.937641],[35.373857,30.937641],[35.373857,30.93088],[35.373857,30.93088]]]},"id":1124,"properties":{"r_סמל ועדה":18,"SHEM_YISHUV":"נאות הכיכר","SEMEL_YISHUV":1124,"r_בזב":225,"r_מצביעים":146,"r_פסולים":0,"r_כשרים":146,"r_אמת":17,"r_ט":6,"r_כן":33,"r_ל":1,"r_מחל":22,"r_מרצ":6,"r_עם":1,"r_פה":51,"r_אחר":9,"max_party":"יש עתיד","color_general":"#FF8E3C","color_ynet":"#F90000","TOTAL_BZB":225}},{"type":"Feature","geometry":{"type":"Polygon","coordinates":[[[35.592319,33.156614],[35.603861,33.156614],[35.603861,33.163559],[35.592319,33.163559],[35.592319,33.156614],[35.592319,33.156614]]]},"id":408,"properties":{"r_סמל ועדה":3,"SHEM_YISHUV":"נאות מרדכי","SEMEL_YISHUV":408,"r_בזב":539,"r_מצביעים":383,"r_פסולים":4,"r_כשרים":379,"r_אמת":77,"r_ט":16,"r_כן":47,"r_ל":5,"r_מחל":33,"r_מרצ":30,"r_פה":152,"r_שס":4,"r_אחר":15,"max_party":"יש עתיד","color_general":"#FF8E3C","color_ynet":"#F90000","TOTAL_BZB":539}},{"type":"Feature","geometry":{"type":"Polygon","coordinates":[[[35.023313,30.046272],[35.032577,30.046272],[35.032577,30.052839],[35.023313,30.052839],[35.023313,30.046272],[35.023313,30.046272]]]},"id":1197,"properties":{"r_סמל ועדה":18,"SHEM_YISHUV":"נאות סמדר","SEMEL_YISHUV":1197,"r_בזב":268,"r_מצביעים":155,"r_פסולים":0,"r_כשרים":155,"r_אמת":33,"r_ום":2,"r_ט":2,"r_כן":16,"r_ל":3,"r_מחל":9,"r_מרצ":37,"r_עם":1,"r_פה":43,"r_שס":1,"r_אחר":8,"max_party":"יש עתיד","color_general":"#FF8E3C","color_ynet":"#F90000","TOTAL_BZB":268}},{"type":"Feature","geometry":{"type":"Polygon","coordinates":[[[35.385523,32.608781],[35.398851,32.608781],[35.398851,32.618599],[35.385523,32.618599],[35.385523,32.608781],[35.385523,32.608781]]]},"id":524,"properties":{"r_סמל ועדה":5,"SHEM_YISHUV":"נאעורה","SEMEL_YISHUV":524,"r_בזב":1590,"r_מצביעים":860,"r_פסולים":10,"r_כשרים":850,"r_אמת":9,"r_ום":218,"r_מחל":20,"r_מרצ":12,"r_עם":383,"r_אחר":208,"max_party":"רע\"מ","color_general":"#F7C94C","color_ynet":"#FE9601","TOTAL_BZB":1590}},{"type":"Feature","geometry":{"type":"Polygon","coordinates":[[[34.87026,31.214646],[34.893563,31.214646],[34.893563,31.233654],[34.87026,31.233654],[34.87026,31.214646],[34.87026,31.214646]]]},"id":396,"properties":{"r_סמל ועדה":18,"SHEM_YISHUV":"נבטים","SEMEL_YISHUV":396,"r_בזב":790,"r_מצביעים":626,"r_פסולים":1,"r_כשרים":625,"r_אמת":18,"r_ג":5,"r_ט":104,"r_כן":136,"r_ל":9,"r_מחל":194,"r_עם":5,"r_פה":114,"r_שס":16,"r_אחר":24,"max_party":"הליכוד","color_general":"#1C5BAD","color_ynet":"#1417AC","TOTAL_BZB":790}},{"type":"Feature","geometry":{"type":"Polygon","coordinates":[[[34.677149,31.654481],[34.689567,31.654481],[34.689567,31.66681],[34.677149,31.66681],[34.677149,31.654481],[34.677149,31.654481]]]},"id":315,"properties":{"r_סמל ועדה":17,"SHEM_YISHUV":"נגבה","SEMEL_YISHUV":315,"r_בזב":726,"r_מצביעים":475,"r_פסולים":1,"r_כשרים":474,"r_אמת":63,"r_ט":7,"r_כן":81,"r_ל":10,"r_מחל":41,"r_מרצ":73,"r_פה":188,"r_שס":3,"r_אחר":8,"max_party":"יש עתיד","color_general":"#FF8E3C","color_ynet":"#F90000","TOTAL_BZB":726}},{"type":"Feature","geometry":{"type":"Polygon","coordinates":[[[34.98078,31.492253],[34.98614,31.492253],[34.98614,31.494182],[34.98078,31.494182],[34.98078,31.492253],[34.98078,31.492253]]]},"id":3724,"properties":{"r_סמל ועדה":2,"SHEM_YISHUV":"נגוהות","SEMEL_YISHUV":3724,"r_בזב":230,"r_מצביעים":195,"r_פסולים":0,"r_כשרים":195,"r_ג":1,"r_ט":167,"r_מחל":12,"r_שס":2,"r_אחר":13,"max_party":"הציונות הדתית","color_general":"#A88461","color_ynet":"#5C97BF","TOTAL_BZB":230}},{"type":"Feature","geometry":{"type":"Polygon","coordinates":[[[34.699174,31.618976],[34.710981,31.618976],[34.710981,31.627265],[34.699174,31.627265],[34.699174,31.618976],[34.699174,31.618976]]]},"id":309,"properties":{"r_סמל ועדה":17,"SHEM_YISHUV":"נהורה","SEMEL_YISHUV":309,"r_בזב":972,"r_מצביעים":718,"r_פסולים":2,"r_כשרים":716,"r_אמת":7,"r_ג":6,"r_ט":127,"r_כן":61,"r_ל":7,"r_מחל":302,"r_מרצ":6,"r_פה":90,"r_שס":99,"r_אחר":11,"max_party":"הליכוד","color_general":"#1C5BAD","color_ynet":"#1417AC","TOTAL_BZB":972}},{"type":"Feature","geometry":{"type":"Polygon","coordinates":[[[35.175731,32.675658],[35.224077,32.675658],[35.224077,32.702993],[35.175731,32.702993],[35.175731,32.675658],[35.175731,32.675658]]]},"id":80,"properties":{"r_סמל ועדה":5,"SHEM_YISHUV":"נהלל","SEMEL_YISHUV":80,"r_בזב":836,"r_מצביעים":620,"r_פסולים":2,"r_כשרים":618,"r_אמת":96,"r_ט":11,"r_כן":96,"r_ל":20,"r_מחל":46,"r_מרצ":46,"r_פה":295,"r_אחר":8,"max_party":"יש עתיד","color_general":"#FF8E3C","color_ynet":"#F90000","TOTAL_BZB":836}},{"type":"Feature","geometry":{"type":"Polygon","coordinates":[[[35.081631,32.987147],[35.125987,32.987147],[35.125987,33.04358],[35.081631,33.04358],[35.081631,32.987147],[35.081631,32.987147]]]},"id":9100,"properties":{"r_סמל ועדה":6,"SHEM_YISHUV":"נהרייה","SEMEL_YISHUV":9100,"r_בזב":55086,"r_מצביעים":33493,"r_פסולים":249,"r_כשרים":33244,"r_אמת":675,"r_ט":3760,"r_כן":3242,"r_ל":3176,"r_מחל":12791,"r_מרצ":353,"r_פה":5785,"r_שס":2349,"r_אחר":1113,"max_party":"הליכוד","color_general":"#1C5BAD","color_ynet":"#1417AC","TOTAL_BZB":55086}},{"type":"Feature","geometry":{"type":"Polygon","coordinates":[[[35.777077,32.823989],[35.789835,32.823989],[35.789835,32.837938],[35.777077,32.837938],[35.777077,32.823989],[35.777077,32.823989]]]},"id":4304,"properties":{"r_סמל ועדה":4,"SHEM_YISHUV":"נוב","SEMEL_YISHUV":4304,"r_בזב":574,"r_מצביעים":417,"r_פסולים":2,"r_כשרים":415,"r_ג":3,"r_ט":178,"r_כן":18,"r_מחל":85,"r_פה":9,"r_שס":4,"r_אחר":118,"max_party":"הציונות הדתית","color_general":"#A88461","color_ynet":"#5C97BF","TOTAL_BZB":574}},{"type":"Feature","geometry":{"type":"Polygon","coordinates":[[[34.68926,31.618156],[34.699283,31.618156],[34.699283,31.628671],[34.68926,31.628671],[34.68926,31.618156],[34.68926,31.618156]]]},"id":55,"properties":{"r_סמל ועדה":17,"SHEM_YISHUV":"נוגה","SEMEL_YISHUV":55,"r_בזב":435,"r_מצביעים":324,"r_פסולים":1,"r_כשרים":323,"r_אמת":3,"r_ט":58,"r_כן":41,"r_ל":5,"r_מחל":145,"r_מרצ":2,"r_פה":29,"r_שס":34,"r_אחר":6,"max_party":"הליכוד","color_general":"#1C5BAD","color_ynet":"#1417AC","TOTAL_BZB":435}},{"type":"Feature","geometry":{"type":"Polygon","coordinates":[[[35.12125,32.001735],[35.131255,32.001735],[35.131255,32.011231],[35.12125,32.011231],[35.12125,32.001735],[35.12125,32.001735]]]},"id":3573,"properties":{"r_סמל ועדה":2,"SHEM_YISHUV":"נווה צוף","SEMEL_YISHUV":3573,"r_בזב":822,"r_מצביעים":632,"r_פסולים":2,"r_כשרים":630,"r_ג":4,"r_ט":448,"r_כן":7,"r_ל":5,"r_מחל":89,"r_שס":12,"r_אחר":65,"max_party":"הציונות הדתית","color_general":"#A88461","color_ynet":"#5C97BF","TOTAL_BZB":822}},{"type":"Feature","geometry":{"type":"Polygon","coordinates":[[[34.323332,31.157089],[34.336035,31.157089],[34.336035,31.166152],[34.323332,31.166152],[34.323332,31.157089],[34.323332,31.157089]]]},"id":1366,"properties":{"r_סמל ועדה":18,"SHEM_YISHUV":"נווה","SEMEL_YISHUV":1366,"r_בזב":373,"r_מצביעים":295,"r_פסולים":0,"r_כשרים":295,"r_ט":291,"r_מחל":4,"max_party":"הציונות הדתית","color_general":"#A88461","color_ynet":"#5C97BF","TOTAL_BZB":373}},{"type":"Feature","geometry":{"type":"Polygon","coordinates":[[[35.549515,32.584767],[35.557876,32.584767],[35.557876,32.591419],[35.549515,32.591419],[35.549515,32.584767],[35.549515,32.584767]]]},"id":590,"properties":{"r_סמל ועדה":5,"SHEM_YISHUV":"נווה אור","SEMEL_YISHUV":590,"r_בזב":345,"r_מצביעים":229,"r_פסולים":1,"r_כשרים":228,"r_אמת":38,"r_ט":18,"r_כן":37,"r_ל":8,"r_מחל":16,"r_מרצ":10,"r_פה":89,"r_אחר":12,"max_party":"יש עתיד","color_general":"#FF8E3C","color_ynet":"#F90000","TOTAL_BZB":345}},{"type":"Feature","geometry":{"type":"Polygon","coordinates":[[[35.736976,33.259167],[35.745835,33.259167],[35.745835,33.264646],[35.736976,33.264646],[35.736976,33.259167],[35.736976,33.259167]]]},"id":4303,"properties":{"r_סמל ועדה":3,"SHEM_YISHUV":"נווה אטי\"ב","SEMEL_YISHUV":4303,"r_בזב":180,"r_מצביעים":96,"r_פסולים":0,"r_כשרים":96,"r_אמת":7,"r_ט":11,"r_כן":20,"r_ל":1,"r_מחל":22,"r_מרצ":2,"r_פה":28,"r_אחר":5,"max_party":"יש עתיד","color_general":"#FF8E3C","color_ynet":"#F90000","TOTAL_BZB":180}},{"type":"Feature","geometry":{"type":"Polygon","coordinates":[[[35.074354,31.805232],[35.087911,31.805232],[35.087911,31.811765],[35.074354,31.811765],[35.074354,31.805232],[35.074354,31.805232]]]},"id":405,"properties":{"r_סמל ועדה":2,"SHEM_YISHUV":"נווה אילן","SEMEL_YISHUV":405,"r_בזב":736,"r_מצביעים":506,"r_פסולים":1,"r_כשרים":505,"r_אמת":43,"r_ג":3,"r_ום":4,"r_ט":8,"r_כן":100,"r_ל":18,"r_מחל":98,"r_מרצ":48,"r_פה":172,"r_שס":5,"r_אחר":6,"max_party":"יש עתיד","color_general":"#FF8E3C","color_ynet":"#F90000","TOTAL_BZB":736}},{"type":"Feature","geometry":{"type":"Polygon","coordinates":[[[35.526445,32.488138],[35.537244,32.488138],[35.537244,32.494455],[35.526445,32.494455],[35.526445,32.488138],[35.526445,32.488138]]]},"id":296,"properties":{"r_סמל ועדה":5,"SHEM_YISHUV":"נווה איתן","SEMEL_YISHUV":296,"r_בזב":190,"r_מצביעים":119,"r_פסולים":1,"r_כשרים":118,"r_אמת":30,"r_ט":8,"r_כן":13,"r_ל":2,"r_מחל":22,"r_מרצ":8,"r_פה":28,"r_שס":3,"r_אחר":4,"max_party":"העבודה","color_general":"#FC6B60","color_ynet":"#B20404","TOTAL_BZB":190}},{"type":"Feature","geometry":{"type":"Polygon","coordinates":[[[35.140119,31.67484],[35.147317,31.67484],[35.147317,31.682605],[35.140119,31.682605],[35.140119,31.67484],[35.140119,31.67484]]]},"id":3725,"properties":{"r_סמל ועדה":2,"SHEM_YISHUV":"נווה דניאל","SEMEL_YISHUV":3725,"r_בזב":1638,"r_מצביעים":1156,"r_פסולים":2,"r_כשרים":1154,"r_ג":11,"r_ט":580,"r_כן":60,"r_מחל":244,"r_פה":16,"r_שס":8,"r_אחר":235,"max_party":"הציונות הדתית","color_general":"#A88461","color_ynet":"#5C97BF","TOTAL_BZB":1638}},{"type":"Feature","geometry":{"type":"Polygon","coordinates":[[[35.362139,31.150401],[35.36762,31.150401],[35.36762,31.160328],[35.362139,31.160328],[35.362139,31.150401],[35.362139,31.150401]]]},"id":1057,"properties":{"r_סמל ועדה":18,"SHEM_YISHUV":"נווה זוהר","SEMEL_YISHUV":1057,"r_בזב":57,"r_מצביעים":19,"r_פסולים":0,"r_כשרים":19,"r_אמת":1,"r_ום":1,"r_ט":3,"r_מחל":6,"r_פה":4,"r_שס":2,"r_אחר":2,"max_party":"הליכוד","color_general":"#1C5BAD","color_ynet":"#1417AC","TOTAL_BZB":57}},{"type":"Feature","geometry":{"type":"Polygon","coordinates":[[[35.170771,33.025148],[35.188177,33.025148],[35.188177,33.030627],[35.170771,33.030627],[35.170771,33.025148],[35.170771,33.025148]]]},"id":1314,"properties":{"r_סמל ועדה":6,"SHEM_YISHUV":"נווה זיו","SEMEL_YISHUV":1314,"r_בזב":609,"r_מצביעים":426,"r_פסולים":1,"r_כשרים":425,"r_אמת":16,"r_ג":3,"r_ט":42,"r_כן":67,"r_ל":5,"r_מחל":131,"r_מרצ":13,"r_פה":108,"r_שס":23,"r_אחר":17,"max_party":"הליכוד","color_general":"#1C5BAD","color_ynet":"#1417AC","TOTAL_BZB":609}},{"type":"Feature","geometry":{"type":"Polygon","coordinates":[[[34.925956,32.674116],[34.935421,32.674116],[34.935421,32.683115],[34.925956,32.683115],[34.925956,32.674116],[34.925956,32.674116]]]},"id":312,"properties":{"r_סמל ועדה":9,"SHEM_YISHUV":"נווה ים","SEMEL_YISHUV":312,"r_בזב":211,"r_מצביעים":155,"r_פסולים":0,"r_כשרים":155,"r_אמת":8,"r_ט":26,"r_כן":13,"r_ל":4,"r_מחל":41,"r_מרצ":10,"r_פה":44,"r_שס":2,"r_אחר":7,"max_party":"יש עתיד","color_general":"#FF8E3C","color_ynet":"#F90000","TOTAL_BZB":211}},{"type":"Feature","geometry":{"type":"Polygon","coordinates":[[[34.929086,32.162284],[34.949592,32.162284],[34.949592,32.179587],[34.929086,32.179587],[34.929086,32.162284],[34.929086,32.162284]]]},"id":686,"properties":{"r_סמל ועדה":19,"SHEM_YISHUV":"נווה ימין","SEMEL_YISHUV":686,"r_בזב":951,"r_מצביעים":702,"r_פסולים":1,"r_כשרים":701,"r_אמת":17,"r_ג":4,"r_ט":90,"r_כן":92,"r_ל":14,"r_מחל":301,"r_מרצ":10,"r_פה":108,"r_שס":48,"r_אחר":17,"max_party":"הליכוד","color_general":"#1C5BAD","color_ynet":"#1417AC","TOTAL_BZB":951}},{"type":"Feature","geometry":{"type":"Polygon","coordinates":[[[34.918277,32.12774],[34.930778,32.12774],[34.930778,32.138514],[34.918277,32.138514],[34.918277,32.12774],[34.918277,32.12774]]]},"id":858,"properties":{"r_סמל ועדה":19,"SHEM_YISHUV":"נווה ירק","SEMEL_YISHUV":858,"r_בזב":860,"r_מצביעים":650,"r_פסולים":0,"r_כשרים":650,"r_אמת":52,"r_ט":20,"r_כן":131,"r_ל":15,"r_מחל":77,"r_מרצ":33,"r_פה":294,"r_שס":4,"r_אחר":24,"max_party":"יש עתיד","color_general":"#FF8E3C","color_ynet":"#F90000","TOTAL_BZB":860}},{"type":"Feature","geometry":{"type":"Polygon","coordinates":[[[34.729264,31.798198],[34.750927,31.798198],[34.750927,31.815358],[34.729264,31.815358],[34.729264,31.798198],[34.729264,31.798198]]]},"id":827,"properties":{"r_סמל ועדה":17,"SHEM_YISHUV":"נווה מבטח","SEMEL_YISHUV":827,"r_בזב":509,"r_מצביעים":391,"r_פסולים":1,"r_כשרים":390,"r_אמת":37,"r_ג":4,"r_ט":27,"r_כן":92,"r_ל":2,"r_מחל":57,"r_מרצ":20,"r_פה":129,"r_שס":6,"r_אחר":16,"max_party":"יש עתיד","color_general":"#FF8E3C","color_ynet":"#F90000","TOTAL_BZB":509}},{"type":"Feature","geometry":{"type":"Polygon","coordinates":[[[35.00099,31.670204],[35.014157,31.670204],[35.014157,31.676431],[35.00099,31.676431],[35.00099,31.670204],[35.00099,31.670204]]]},"id":1071,"properties":{"r_סמל ועדה":2,"SHEM_YISHUV":"נווה מיכאל","SEMEL_YISHUV":1071,"r_בזב":488,"r_מצביעים":375,"r_פסולים":2,"r_כשרים":373,"r_אמת":3,"r_ג":20,"r_ום":3,"r_ט":89,"r_כן":26,"r_ל":2,"r_מחל":161,"r_פה":18,"r_שס":40,"r_אחר":11,"max_party":"הליכוד","color_general":"#1C5BAD","color_ynet":"#1417AC","TOTAL_BZB":488}},{"type":"Feature","geometry":{"type":"Polygon","coordinates":[[[34.974342,31.816034],[34.981903,31.816034],[34.981903,31.820711],[34.974342,31.820711],[34.974342,31.816034],[34.974342,31.816034]]]},"id":1259,"properties":{"r_סמל ועדה":2,"SHEM_YISHUV":"נווה שלום","SEMEL_YISHUV":1259,"r_בזב":253,"r_מצביעים":186,"r_פסולים":1,"r_כשרים":185,"r_אמת":15,"r_ום":37,"r_מרצ":57,"r_עם":8,"r_פה":10,"r_אחר":58,"max_party":"אחר","color_general":"#FC60C3","color_ynet":"#71BF45","TOTAL_BZB":253}},{"type":"Feature","geometry":{"type":"Polygon","coordinates":[[[34.781861,31.55969],[34.797394,31.55969],[34.797394,31.578248],[34.781861,31.578248],[34.781861,31.55969],[34.781861,31.55969]]]},"id":15,"properties":{"r_סמל ועדה":17,"SHEM_YISHUV":"נועם","SEMEL_YISHUV":15,"r_בזב":316,"r_מצביעים":247,"r_פסולים":3,"r_כשרים":244,"r_ג":5,"r_ט":51,"r_כן":4,"r_ל":2,"r_מחל":123,"r_פה":5,"r_שס":51,"r_אחר":3,"max_party":"הליכוד","color_general":"#1C5BAD","color_ynet":"#1417AC","TOTAL_BZB":316}},{"type":"Feature","geometry":{"type":"Polygon","coordinates":[[[34.984109,31.864086],[34.994202,31.864086],[34.994202,31.874095],[34.984109,31.874095],[34.984109,31.864086],[34.984109,31.864086]]]},"id":1333,"properties":{"r_סמל ועדה":12,"SHEM_YISHUV":"נוף איילון","SEMEL_YISHUV":1333,"r_בזב":1682,"r_מצביעים":1295,"r_פסולים":0,"r_כשרים":1295,"r_ג":36,"r_ט":881,"r_כן":37,"r_מחל":130,"r_פה":10,"r_שס":58,"r_אחר":143,"max_party":"הציונות הדתית","color_general":"#A88461","color_ynet":"#5C97BF","TOTAL_BZB":1682}},{"type":"Feature","geometry":{"type":"Polygon","coordinates":[[[35.301639,32.681122],[35.412324,32.681122],[35.412324,32.744001],[35.301639,32.744001],[35.301639,32.681122],[35.301639,32.681122]]]},"id":1061,"properties":{"r_סמל ועדה":5,"SHEM_YISHUV":"נוף הגליל","SEMEL_YISHUV":1061,"r_בזב":40467,"r_מצביעים":21366,"r_פסולים":303,"r_כשרים":21063,"r_אמת":334,"r_ג":515,"r_ום":3554,"r_ט":1601,"r_כן":857,"r_ל":3179,"r_מחל":5872,"r_מרצ":276,"r_עם":424,"r_פה":2092,"r_שס":557,"r_אחר":1802,"max_party":"הליכוד","color_general":"#1C5BAD","color_ynet":"#1417AC","TOTAL_BZB":40467}},{"type":"Feature","geometry":{"type":"Polygon","coordinates":[[[35.097325,32.151335],[35.107606,32.151335],[35.107606,32.157421],[35.097325,32.157421],[35.097325,32.151335],[35.097325,32.151335]]]},"id":3790,"properties":{"r_סמל ועדה":19,"SHEM_YISHUV":"נופים","SEMEL_YISHUV":3790,"r_בזב":636,"r_מצביעים":469,"r_פסולים":1,"r_כשרים":468,"r_אמת":3,"r_ג":4,"r_ט":180,"r_כן":21,"r_ל":6,"r_מחל":197,"r_פה":12,"r_שס":15,"r_אחר":30,"max_party":"הליכוד","color_general":"#1C5BAD","color_ynet":"#1417AC","TOTAL_BZB":636}},{"type":"Feature","geometry":{"type":"Polygon","coordinates":[[[35.139813,32.753946],[35.149569,32.753946],[35.149569,32.765696],[35.139813,32.765696],[35.139813,32.753946],[35.139813,32.753946]]]},"id":1284,"properties":{"r_סמל ועדה":8,"SHEM_YISHUV":"נופית","SEMEL_YISHUV":1284,"r_בזב":2028,"r_מצביעים":1483,"r_פסולים":6,"r_כשרים":1477,"r_אמת":117,"r_ט":44,"r_כן":278,"r_ל":41,"r_מחל":184,"r_מרצ":60,"r_פה":715,"r_אחר":38,"max_party":"יש עתיד","color_general":"#FF8E3C","color_ynet":"#F90000","TOTAL_BZB":2028}},{"type":"Feature","geometry":{"type":"Polygon","coordinates":[[[34.918987,32.040736],[34.922555,32.040736],[34.922555,32.045431],[34.918987,32.045431],[34.918987,32.040736],[34.918987,32.040736]]]},"id":257,"properties":{"r_סמל ועדה":11,"SHEM_YISHUV":"נופך","SEMEL_YISHUV":257,"r_בזב":406,"r_מצביעים":332,"r_פסולים":3,"r_כשרים":329,"r_אמת":15,"r_ג":4,"r_ט":38,"r_כן":43,"r_מחל":144,"r_מרצ":4,"r_פה":52,"r_שס":26,"r_אחר":3,"max_party":"הליכוד","color_general":"#1C5BAD","color_ynet":"#1417AC","TOTAL_BZB":406}},{"type":"Feature","geometry":{"type":"Polygon","coordinates":[[[35.241477,31.64133],[35.248206,31.64133],[35.248206,31.649847],[35.241477,31.649847],[35.241477,31.64133],[35.241477,31.64133]]]},"id":3726,"properties":{"r_סמל ועדה":2,"SHEM_YISHUV":"נוקדים","SEMEL_YISHUV":3726,"r_בזב":1429,"r_מצביעים":1027,"r_פסולים":5,"r_כשרים":1022,"r_ג":17,"r_ט":499,"r_כן":44,"r_ל":61,"r_מחל":235,"r_פה":28,"r_שס":16,"r_אחר":122,"max_party":"הציונות הדתית","color_general":"#A88461","color_ynet":"#5C97BF","TOTAL_BZB":1429}},{"type":"Feature","geometry":{"type":"Polygon","coordinates":[[[34.891612,32.308052],[34.905448,32.308052],[34.905448,32.320893],[34.891612,32.320893],[34.891612,32.308052],[34.891612,32.308052]]]},"id":447,"properties":{"r_סמל ועדה":10,"SHEM_YISHUV":"נורדייה","SEMEL_YISHUV":447,"r_בזב":1531,"r_מצביעים":928,"r_פסולים":2,"r_כשרים":926,"r_אמת":54,"r_ט":39,"r_כן":178,"r_ל":21,"r_מחל":182,"r_מרצ":19,"r_פה":377,"r_שס":12,"r_אחר":44,"max_party":"יש עתיד","color_general":"#FF8E3C","color_ynet":"#F90000","TOTAL_BZB":1531}},{"type":"Feature","geometry":{"type":"Polygon","coordinates":[[[35.350828,32.53463],[35.361626,32.53463],[35.361626,32.545026],[35.350828,32.545026],[35.350828,32.53463],[35.350828,32.53463]]]},"id":833,"properties":{"r_סמל ועדה":5,"SHEM_YISHUV":"נורית","SEMEL_YISHUV":833,"r_בזב":148,"r_מצביעים":115,"r_פסולים":0,"r_כשרים":115,"r_אמת":3,"r_ום":2,"r_ט":14,"r_כן":14,"r_ל":3,"r_מחל":26,"r_מרצ":6,"r_פה":40,"r_שס":3,"r_אחר":4,"max_party":"יש עתיד","color_general":"#FF8E3C","color_ynet":"#F90000","TOTAL_BZB":148}},{"type":"Feature","geometry":{"type":"Polygon","coordinates":[[[34.948647,31.622689],[34.962935,31.622689],[34.962935,31.636226],[34.948647,31.636226],[34.948647,31.622689],[34.948647,31.622689]]]},"id":59,"properties":{"r_סמל ועדה":2,"SHEM_YISHUV":"נחושה","SEMEL_YISHUV":59,"r_בזב":890,"r_מצביעים":657,"r_פסולים":2,"r_כשרים":655,"r_אמת":7,"r_ג":10,"r_ט":222,"r_כן":86,"r_ל":4,"r_מחל":146,"r_פה":8,"r_שס":32,"r_אחר":140,"max_party":"הציונות הדתית","color_general":"#A88461","color_ynet":"#5C97BF","TOTAL_BZB":890}},{"type":"Feature","geometry":{"type":"Polygon","coordinates":[[[34.493497,31.468186],[34.502182,31.468186],[34.502182,31.477095],[34.493497,31.477095],[34.493497,31.468186],[34.493497,31.468186]]]},"id":844,"properties":{"r_סמל ועדה":17,"SHEM_YISHUV":"נחל עוז","SEMEL_YISHUV":844,"r_בזב":355,"r_מצביעים":251,"r_פסולים":1,"r_כשרים":250,"r_אמת":50,"r_ט":8,"r_כן":54,"r_ל":2,"r_מחל":26,"r_מרצ":14,"r_פה":90,"r_אחר":6,"max_party":"יש עתיד","color_general":"#FF8E3C","color_ynet":"#F90000","TOTAL_BZB":355}},{"type":"Feature","geometry":{"type":"Polygon","coordinates":[[[34.787181,31.65118],[34.802857,31.65118],[34.802857,31.665422],[34.787181,31.665422],[34.787181,31.65118],[34.787181,31.65118]]]},"id":2045,"properties":{"r_סמל ועדה":17,"SHEM_YISHUV":"נחלה","SEMEL_YISHUV":2045,"r_בזב":483,"r_מצביעים":399,"r_פסולים":1,"r_כשרים":398,"r_אמת":12,"r_ג":13,"r_ט":81,"r_כן":46,"r_ל":3,"r_מחל":133,"r_מרצ":5,"r_פה":29,"r_שס":67,"r_אחר":9,"max_party":"הליכוד","color_general":"#1C5BAD","color_ynet":"#1417AC","TOTAL_BZB":483}},{"type":"Feature","geometry":{"type":"Polygon","coordinates":[[[35.136603,31.973019],[35.142091,31.973019],[35.142091,31.975551],[35.136603,31.975551],[35.136603,31.973019],[35.136603,31.973019]]]},"id":3767,"properties":{"r_סמל ועדה":2,"SHEM_YISHUV":"נחליאל","SEMEL_YISHUV":3767,"r_בזב":346,"r_מצביעים":266,"r_פסולים":2,"r_כשרים":264,"r_ג":29,"r_ט":146,"r_מחל":21,"r_שס":63,"r_אחר":5,"max_party":"הציונות הדתית","color_general":"#A88461","color_ynet":"#5C97BF","TOTAL_BZB":346}},{"type":"Feature","geometry":{"type":"Polygon","coordinates":[[[34.903094,32.047396],[34.920261,32.047396],[34.920261,32.067402],[34.903094,32.067402],[34.903094,32.047396],[34.903094,32.047396]]]},"id":449,"properties":{"r_סמל ועדה":11,"SHEM_YISHUV":"נחלים","SEMEL_YISHUV":449,"r_בזב":903,"r_מצביעים":729,"r_פסולים":2,"r_כשרים":727,"r_ג":6,"r_ט":348,"r_כן":62,"r_ל":6,"r_מחל":174,"r_פה":19,"r_שס":5,"r_אחר":107,"max_party":"הציונות הדתית","color_general":"#A88461","color_ynet":"#5C97BF","TOTAL_BZB":903}},{"type":"Feature","geometry":{"type":"Polygon","coordinates":[[[34.994989,31.760431],[35.009959,31.760431],[35.009959,31.772293],[34.994989,31.772293],[34.994989,31.760431],[34.994989,31.760431]]]},"id":809,"properties":{"r_סמל ועדה":2,"SHEM_YISHUV":"נחם","SEMEL_YISHUV":809,"r_בזב":418,"r_מצביעים":330,"r_פסולים":2,"r_כשרים":328,"r_אמת":2,"r_ג":27,"r_ט":84,"r_כן":14,"r_מחל":150,"r_מרצ":2,"r_עם":2,"r_פה":9,"r_שס":27,"r_אחר":11,"max_party":"הליכוד","color_general":"#1C5BAD","color_ynet":"#1417AC","TOTAL_BZB":418}},{"type":"Feature","geometry":{"type":"Polygon","coordinates":[[[35.295609,32.923932],[35.33791,32.923932],[35.33791,32.946045],[35.295609,32.946045],[35.295609,32.923932],[35.295609,32.923932]]]},"id":522,"properties":{"r_סמל ועדה":20,"SHEM_YISHUV":"נחף","SEMEL_YISHUV":522,"r_בזב":9181,"r_מצביעים":5359,"r_פסולים":34,"r_כשרים":5325,"r_ום":1980,"r_כן":34,"r_מחל":27,"r_מרצ":112,"r_עם":1890,"r_שס":57,"r_אחר":1225,"max_party":"חד\"ש תע\"ל","color_general":"#58C879","color_ynet":"#FFC37B","TOTAL_BZB":9181}},{"type":"Feature","geometry":{"type":"Polygon","coordinates":[[[34.916822,32.610434],[34.925519,32.610434],[34.925519,32.618674],[34.916822,32.618674],[34.916822,32.610434],[34.916822,32.610434]]]},"id":433,"properties":{"r_סמל ועדה":9,"SHEM_YISHUV":"נחשולים","SEMEL_YISHUV":433,"r_בזב":546,"r_מצביעים":415,"r_פסולים":1,"r_כשרים":414,"r_אמת":68,"r_ט":7,"r_כן":87,"r_ל":5,"r_מחל":16,"r_מרצ":29,"r_פה":191,"r_אחר":11,"max_party":"יש עתיד","color_general":"#FF8E3C","color_ynet":"#F90000","TOTAL_BZB":546}},{"type":"Feature","geometry":{"type":"Polygon","coordinates":[[[34.94557,31.826997],[34.960065,31.826997],[34.960065,31.836513],[34.94557,31.836513],[34.94557,31.826997],[34.94557,31.826997]]]},"id":777,"properties":{"r_סמל ועדה":2,"SHEM_YISHUV":"נחשון","SEMEL_YISHUV":777,"r_בזב":478,"r_מצביעים":352,"r_פסולים":1,"r_כשרים":351,"r_אמת":26,"r_ום":5,"r_ט":3,"r_כן":30,"r_מחל":14,"r_מרצ":119,"r_פה":123,"r_אחר":31,"max_party":"יש עתיד","color_general":"#FF8E3C","color_ynet":"#F90000","TOTAL_BZB":478}},{"type":"Feature","geometry":{"type":"Polygon","coordinates":[[[34.945095,32.056849],[34.952549,32.056849],[34.952549,32.06588],[34.945095,32.06588],[34.945095,32.056849],[34.945095,32.056849]]]},"id":705,"properties":{"r_סמל ועדה":11,"SHEM_YISHUV":"נחשונים","SEMEL_YISHUV":705,"r_בזב":363,"r_מצביעים":256,"r_פסולים":0,"r_כשרים":256,"r_אמת":40,"r_ט":2,"r_כן":36,"r_ל":4,"r_מחל":10,"r_מרצ":68,"r_פה":91,"r_אחר":5,"max_party":"יש עתיד","color_general":"#FF8E3C","color_ynet":"#F90000","TOTAL_BZB":363}},{"type":"Feature","geometry":{"type":"Polygon","coordinates":[[[35.3174,33.056905],[35.339973,33.056905],[35.339973,33.073588],[35.3174,33.073588],[35.3174,33.056905],[35.3174,33.056905]]]},"id":1147,"properties":{"r_סמל ועדה":6,"SHEM_YISHUV":"נטועה","SEMEL_YISHUV":1147,"r_בזב":257,"r_מצביעים":193,"r_פסולים":0,"r_כשרים":193,"r_אמת":1,"r_ט":35,"r_כן":28,"r_מחל":91,"r_פה":13,"r_שס":23,"r_אחר":2,"max_party":"הליכוד","color_general":"#1C5BAD","color_ynet":"#1417AC","TOTAL_BZB":257}},{"type":"Feature","geometry":{"type":"Polygon","coordinates":[[[35.748258,32.848472],[35.757292,32.848472],[35.757292,32.857864],[35.748258,32.857864],[35.748258,32.848472],[35.748258,32.848472]]]},"id":4014,"properties":{"r_סמל ועדה":4,"SHEM_YISHUV":"נטור","SEMEL_YISHUV":4014,"r_בזב":312,"r_מצביעים":228,"r_פסולים":0,"r_כשרים":228,"r_אמת":8,"r_ט":77,"r_כן":38,"r_ל":2,"r_מחל":30,"r_מרצ":13,"r_פה":34,"r_שס":2,"r_אחר":24,"max_party":"הציונות הדתית","color_general":"#A88461","color_ynet":"#5C97BF","TOTAL_BZB":312}},{"type":"Feature","geometry":{"type":"Polygon","coordinates":[[[34.921167,31.470874],[34.931237,31.470874],[34.931237,31.480896],[34.921167,31.480896],[34.921167,31.470874],[34.921167,31.470874]]]},"id":1369,"properties":{"r_סמל ועדה":17,"SHEM_YISHUV":"נטע","SEMEL_YISHUV":1369,"r_בזב":344,"r_מצביעים":280,"r_פסולים":2,"r_כשרים":278,"r_ט":228,"r_כן":2,"r_מחל":12,"r_שס":4,"r_אחר":32,"max_party":"הציונות הדתית","color_general":"#A88461","color_ynet":"#5C97BF","TOTAL_BZB":344}},{"type":"Feature","geometry":{"type":"Polygon","coordinates":[[[34.770917,31.940576],[34.781472,31.940576],[34.781472,31.947393],[34.770917,31.947393],[34.770917,31.940576],[34.770917,31.940576]]]},"id":174,"properties":{"r_סמל ועדה":13,"SHEM_YISHUV":"נטעים","SEMEL_YISHUV":174,"r_בזב":592,"r_מצביעים":445,"r_פסולים":1,"r_כשרים":444,"r_אמת":47,"r_ט":26,"r_כן":82,"r_ל":5,"r_מחל":66,"r_מרצ":35,"r_פה":173,"r_אחר":10,"max_party":"יש עתיד","color_general":"#FF8E3C","color_ynet":"#F90000","TOTAL_BZB":592}},{"type":"Feature","geometry":{"type":"Polygon","coordinates":[[[35.063146,31.829193],[35.073142,31.829193],[35.073142,31.837304],[35.063146,31.837304],[35.063146,31.829193],[35.063146,31.829193]]]},"id":1254,"properties":{"r_סמל ועדה":2,"SHEM_YISHUV":"נטף","SEMEL_YISHUV":1254,"r_בזב":377,"r_מצביעים":284,"r_פסולים":2,"r_כשרים":282,"r_אמת":64,"r_ום":3,"r_כן":32,"r_ל":3,"r_מחל":8,"r_מרצ":82,"r_עם":4,"r_פה":77,"r_אחר":9,"max_party":"מרצ","color_general":"#FC60C3","color_ynet":"#71BF45","TOTAL_BZB":377}},{"type":"Feature","geometry":{"type":"Polygon","coordinates":[[[35.343816,32.62681],[35.35653,32.62681],[35.35653,32.640651],[35.343816,32.640651],[35.343816,32.62681],[35.343816,32.62681]]]},"id":523,"properties":{"r_סמל ועדה":5,"SHEM_YISHUV":"ניין","SEMEL_YISHUV":523,"r_בזב":1446,"r_מצביעים":747,"r_פסולים":9,"r_כשרים":738,"r_אמת":5,"r_ום":134,"r_כן":4,"r_מחל":34,"r_מרצ":161,"r_עם":162,"r_פה":13,"r_אחר":225,"max_party":"אחר","color_general":"#F7C94C","color_ynet":"#FE9601","TOTAL_BZB":1446}},{"type":"Feature","geometry":{"type":"Polygon","coordinates":[[[35.041765,31.957901],[35.052841,31.957901],[35.052841,31.967059],[35.041765,31.967059],[35.041765,31.957901],[35.041765,31.957901]]]},"id":3655,"properties":{"r_סמל ועדה":12,"SHEM_YISHUV":"ניל\"י","SEMEL_YISHUV":3655,"r_בזב":1309,"r_מצביעים":963,"r_פסולים":3,"r_כשרים":960,"r_אמת":14,"r_ט":167,"r_כן":133,"r_ל":30,"r_מחל":326,"r_מרצ":8,"r_פה":219,"r_שס":14,"r_אחר":49,"max_party":"הליכוד","color_general":"#1C5BAD","color_ynet":"#1417AC","TOTAL_BZB":1309}},{"type":"Feature","geometry":{"type":"Polygon","coordinates":[[[34.626241,31.735205],[34.639423,31.735205],[34.639423,31.744899],[34.626241,31.744899],[34.626241,31.735205],[34.626241,31.735205]]]},"id":351,"properties":{"r_סמל ועדה":17,"SHEM_YISHUV":"ניצן","SEMEL_YISHUV":351,"r_בזב":1588,"r_מצביעים":1202,"r_פסולים":4,"r_כשרים":1198,"r_ג":18,"r_ט":597,"r_כן":34,"r_מחל":372,"r_פה":13,"r_שס":72,"r_אחר":92,"max_party":"הציונות הדתית","color_general":"#A88461","color_ynet":"#5C97BF","TOTAL_BZB":1588}},{"type":"Feature","geometry":{"type":"Polygon","coordinates":[[[34.630731,31.731498],[34.642918,31.731498],[34.642918,31.741309],[34.630731,31.741309],[34.630731,31.731498],[34.630731,31.731498]]]},"id":1419,"properties":{"r_סמל ועדה":17,"SHEM_YISHUV":"ניצן ב'","SEMEL_YISHUV":1419,"r_בזב":466,"r_מצביעים":333,"r_פסולים":0,"r_כשרים":333,"r_אמת":3,"r_ג":4,"r_ט":144,"r_כן":12,"r_מחל":121,"r_פה":10,"r_שס":30,"r_אחר":9,"max_party":"הציונות הדתית","color_general":"#A88461","color_ynet":"#5C97BF","TOTAL_BZB":466}},{"type":"Feature","geometry":{"type":"Polygon","coordinates":[[[34.417591,30.880766],[34.427455,30.880766],[34.427455,30.889468],[34.417591,30.889468],[34.417591,30.880766],[34.417591,30.880766]]]},"id":1195,"properties":{"r_סמל ועדה":18,"SHEM_YISHUV":"ניצנה (קהילת חינוך)","SEMEL_YISHUV":1195,"r_בזב":324,"r_מצביעים":75,"r_פסולים":1,"r_כשרים":74,"r_אמת":6,"r_ג":1,"r_ט":6,"r_כן":6,"r_ל":3,"r_מחל":10,"r_מרצ":2,"r_עם":4,"r_פה":27,"r_אחר":9,"max_party":"יש עתיד","color_general":"#FF8E3C","color_ynet":"#F90000","TOTAL_BZB":324}},{"type":"Feature","geometry":{"type":"Polygon","coordinates":[[[34.391893,30.899528],[34.405921,30.899528],[34.405921,30.908037],[34.391893,30.908037],[34.391893,30.899528],[34.391893,30.899528]]]},"id":1280,"properties":{"r_סמל ועדה":18,"SHEM_YISHUV":"ניצני סיני","SEMEL_YISHUV":1280,"r_בזב":231,"r_מצביעים":150,"r_פסולים":0,"r_כשרים":150,"r_אמת":13,"r_ט":11,"r_כן":35,"r_ל":4,"r_מחל":19,"r_מרצ":3,"r_פה":48,"r_שס":2,"r_אחר":15,"max_party":"יש עתיד","color_general":"#FF8E3C","color_ynet":"#F90000","TOTAL_BZB":231}},{"type":"Feature","geometry":{"type":"Polygon","coordinates":[[[34.996513,32.298488],[35.011055,32.298488],[35.011055,32.311702],[34.996513,32.311702],[34.996513,32.298488],[34.996513,32.298488]]]},"id":851,"properties":{"r_סמל ועדה":10,"SHEM_YISHUV":"ניצני עוז","SEMEL_YISHUV":851,"r_בזב":765,"r_מצביעים":565,"r_פסולים":3,"r_כשרים":562,"r_אמת":38,"r_ט":83,"r_כן":93,"r_ל":5,"r_מחל":158,"r_מרצ":14,"r_פה":142,"r_שס":13,"r_אחר":16,"max_party":"הליכוד","color_general":"#1C5BAD","color_ynet":"#1417AC","TOTAL_BZB":765}},{"type":"Feature","geometry":{"type":"Polygon","coordinates":[[[34.630652,31.711348],[34.640159,31.711348],[34.640159,31.721523],[34.630652,31.721523],[34.630652,31.711348],[34.630652,31.711348]]]},"id":359,"properties":{"r_סמל ועדה":17,"SHEM_YISHUV":"ניצנים","SEMEL_YISHUV":359,"r_בזב":445,"r_מצביעים":355,"r_פסולים":0,"r_כשרים":355,"r_אמת":71,"r_ט":11,"r_כן":64,"r_ל":9,"r_מחל":17,"r_מרצ":27,"r_פה":146,"r_אחר":10,"max_party":"יש עתיד","color_general":"#FF8E3C","color_ynet":"#F90000","TOTAL_BZB":445}},{"type":"Feature","geometry":{"type":"Polygon","coordinates":[[[34.944523,32.193567],[34.953563,32.193567],[34.953563,32.200737],[34.944523,32.200737],[34.944523,32.193567],[34.944523,32.193567]]]},"id":808,"properties":{"r_סמל ועדה":19,"SHEM_YISHUV":"ניר אליהו","SEMEL_YISHUV":808,"r_בזב":425,"r_מצביעים":316,"r_פסולים":2,"r_כשרים":314,"r_אמת":82,"r_ט":9,"r_כן":43,"r_ל":6,"r_מחל":13,"r_מרצ":41,"r_פה":109,"r_אחר":11,"max_party":"יש עתיד","color_general":"#FF8E3C","color_ynet":"#F90000","TOTAL_BZB":425}},{"type":"Feature","geometry":{"type":"Polygon","coordinates":[[[34.745842,31.663326],[34.766129,31.663326],[34.766129,31.678283],[34.745842,31.678283],[34.745842,31.663326],[34.745842,31.663326]]]},"id":553,"properties":{"r_סמל ועדה":17,"SHEM_YISHUV":"ניר בנים","SEMEL_YISHUV":553,"r_בזב":604,"r_מצביעים":460,"r_פסולים":1,"r_כשרים":459,"r_אמת":62,"r_ג":3,"r_ט":11,"r_כן":106,"r_ל":5,"r_מחל":40,"r_מרצ":34,"r_פה":194,"r_אחר":4,"max_party":"יש עתיד","color_general":"#FF8E3C","color_ynet":"#F90000","TOTAL_BZB":604}},{"type":"Feature","geometry":{"type":"Polygon","coordinates":[[[34.678339,31.820279],[34.691663,31.820279],[34.691663,31.828444],[34.678339,31.828444],[34.678339,31.820279],[34.678339,31.820279]]]},"id":720,"properties":{"r_סמל ועדה":13,"SHEM_YISHUV":"ניר גלים","SEMEL_YISHUV":720,"r_בזב":664,"r_מצביעים":524,"r_פסולים":2,"r_כשרים":522,"r_אמת":9,"r_ג":7,"r_ט":185,"r_כן":42,"r_מחל":158,"r_פה":13,"r_שס":27,"r_אחר":81,"max_party":"הציונות הדתית","color_general":"#A88461","color_ynet":"#5C97BF","TOTAL_BZB":664}},{"type":"Feature","geometry":{"type":"Polygon","coordinates":[[[35.444913,32.49948],[35.46346,32.49948],[35.46346,32.509385],[35.444913,32.509385],[35.444913,32.49948],[35.444913,32.49948]]]},"id":256,"properties":{"r_סמל ועדה":5,"SHEM_YISHUV":"ניר דוד (תל עמל)","SEMEL_YISHUV":256,"r_בזב":641,"r_מצביעים":461,"r_פסולים":4,"r_כשרים":457,"r_אמת":54,"r_ט":6,"r_כן":50,"r_ל":8,"r_מחל":9,"r_מרצ":106,"r_פה":206,"r_אחר":18,"max_party":"יש עתיד","color_general":"#FF8E3C","color_ynet":"#F90000","TOTAL_BZB":641}},{"type":"Feature","geometry":{"type":"Polygon","coordinates":[[[34.705835,31.604698],[34.720638,31.604698],[34.720638,31.615714],[34.705835,31.615714],[34.705835,31.604698],[34.705835,31.604698]]]},"id":11,"properties":{"r_סמל ועדה":17,"SHEM_YISHUV":"ניר ח\"ן","SEMEL_YISHUV":11,"r_בזב":445,"r_מצביעים":299,"r_פסולים":0,"r_כשרים":299,"r_אמת":19,"r_ג":2,"r_ט":35,"r_כן":76,"r_ל":4,"r_מחל":75,"r_מרצ":14,"r_פה":64,"r_שס":3,"r_אחר":7,"max_party":"המחנה הממלכתי","color_general":"#6079FC","color_ynet":"#D600D6","TOTAL_BZB":445}},{"type":"Feature","geometry":{"type":"Polygon","coordinates":[[[35.238686,32.563733],[35.253278,32.563733],[35.253278,32.576294],[35.238686,32.576294],[35.238686,32.563733],[35.238686,32.563733]]]},"id":165,"properties":{"r_סמל ועדה":5,"SHEM_YISHUV":"ניר יפה","SEMEL_YISHUV":165,"r_בזב":461,"r_מצביעים":334,"r_פסולים":1,"r_כשרים":333,"r_אמת":12,"r_ט":37,"r_כן":82,"r_ל":4,"r_מחל":104,"r_פה":66,"r_שס":21,"r_אחר":7,"max_party":"הליכוד","color_general":"#1C5BAD","color_ynet":"#1417AC","TOTAL_BZB":461}},{"type":"Feature","geometry":{"type":"Polygon","coordinates":[[[34.351935,31.232513],[34.364566,31.232513],[34.364566,31.241281],[34.351935,31.241281],[34.351935,31.232513],[34.351935,31.232513]]]},"id":402,"properties":{"r_סמל ועדה":18,"SHEM_YISHUV":"ניר יצחק","SEMEL_YISHUV":402,"r_בזב":561,"r_מצביעים":367,"r_פסולים":4,"r_כשרים":363,"r_אמת":51,"r_ום":4,"r_כן":49,"r_ל":3,"r_מחל":8,"r_מרצ":137,"r_פה":103,"r_אחר":8,"max_party":"מרצ","color_general":"#FC60C3","color_ynet":"#71BF45","TOTAL_BZB":561}},{"type":"Feature","geometry":{"type":"Polygon","coordinates":[[[34.62588,31.678465],[34.653362,31.678465],[34.653362,31.698057],[34.62588,31.698057],[34.62588,31.678465],[34.62588,31.678465]]]},"id":699,"properties":{"r_סמל ועדה":17,"SHEM_YISHUV":"ניר ישראל","SEMEL_YISHUV":699,"r_בזב":616,"r_מצביעים":465,"r_פסולים":1,"r_כשרים":464,"r_אמת":20,"r_ט":30,"r_כן":109,"r_ל":4,"r_מחל":106,"r_מרצ":21,"r_פה":153,"r_שס":6,"r_אחר":15,"max_party":"יש עתיד","color_general":"#FF8E3C","color_ynet":"#F90000","TOTAL_BZB":616}},{"type":"Feature","geometry":{"type":"Polygon","coordinates":[[[34.619811,31.470439],[34.637836,31.470439],[34.637836,31.482344],[34.619811,31.482344],[34.619811,31.470439],[34.619811,31.470439]]]},"id":2047,"properties":{"r_סמל ועדה":18,"SHEM_YISHUV":"ניר משה","SEMEL_YISHUV":2047,"r_בזב":436,"r_מצביעים":302,"r_פסולים":1,"r_כשרים":301,"r_אמת":17,"r_ט":22,"r_כן":59,"r_ל":4,"r_מחל":68,"r_מרצ":8,"r_פה":91,"r_שס":14,"r_אחר":18,"max_party":"יש עתיד","color_general":"#FF8E3C","color_ynet":"#F90000","TOTAL_BZB":436}},{"type":"Feature","geometry":{"type":"Polygon","coordinates":[[[34.398,31.305898],[34.406429,31.305898],[34.406429,31.317942],[34.398,31.317942],[34.398,31.305898],[34.398,31.305898]]]},"id":69,"properties":{"r_סמל ועדה":18,"SHEM_YISHUV":"ניר עוז","SEMEL_YISHUV":69,"r_בזב":329,"r_מצביעים":241,"r_פסולים":2,"r_כשרים":239,"r_אמת":29,"r_ט":5,"r_כן":30,"r_ל":6,"r_מחל":13,"r_מרצ":67,"r_פה":85,"r_שס":2,"r_אחר":2,"max_party":"יש עתיד","color_general":"#FF8E3C","color_ynet":"#F90000","TOTAL_BZB":329}},{"type":"Feature","geometry":{"type":"Polygon","coordinates":[[[34.575907,31.515499],[34.585917,31.515499],[34.585917,31.52336],[34.575907,31.52336],[34.575907,31.515499],[34.575907,31.515499]]]},"id":348,"properties":{"r_סמל ועדה":17,"SHEM_YISHUV":"ניר עם","SEMEL_YISHUV":348,"r_בזב":460,"r_מצביעים":316,"r_פסולים":0,"r_כשרים":316,"r_אמת":44,"r_ט":23,"r_כן":90,"r_ל":10,"r_מחל":36,"r_מרצ":16,"r_פה":83,"r_שס":4,"r_אחר":10,"max_party":"המחנה הממלכתי","color_general":"#6079FC","color_ynet":"#D600D6","TOTAL_BZB":460}},{"type":"Feature","geometry":{"type":"Polygon","coordinates":[[[34.984162,32.695168],[34.997535,32.695168],[34.997535,32.705521],[34.984162,32.705521],[34.984162,32.695168],[34.984162,32.695168]]]},"id":769,"properties":{"r_סמל ועדה":9,"SHEM_YISHUV":"ניר עציון","SEMEL_YISHUV":769,"r_בזב":431,"r_מצביעים":308,"r_פסולים":0,"r_כשרים":308,"r_אמת":5,"r_ג":3,"r_ט":117,"r_כן":44,"r_ל":4,"r_מחל":49,"r_מרצ":4,"r_פה":24,"r_שס":7,"r_אחר":51,"max_party":"הציונות הדתית","color_general":"#A88461","color_ynet":"#5C97BF","TOTAL_BZB":431}},{"type":"Feature","geometry":{"type":"Polygon","coordinates":[[[34.639924,31.464533],[34.657462,31.464533],[34.657462,31.476407],[34.639924,31.476407],[34.639924,31.464533],[34.639924,31.464533]]]},"id":2048,"properties":{"r_סמל ועדה":18,"SHEM_YISHUV":"ניר עקיבא","SEMEL_YISHUV":2048,"r_בזב":467,"r_מצביעים":327,"r_פסולים":1,"r_כשרים":326,"r_אמת":16,"r_ג":2,"r_ט":65,"r_כן":46,"r_ל":6,"r_מחל":80,"r_מרצ":9,"r_פה":57,"r_שס":37,"r_אחר":8,"max_party":"הליכוד","color_general":"#1C5BAD","color_ynet":"#1417AC","TOTAL_BZB":467}},{"type":"Feature","geometry":{"type":"Polygon","coordinates":[[[34.8524,31.945481],[34.871585,31.945481],[34.871585,31.961092],[34.8524,31.961092],[34.8524,31.945481],[34.8524,31.945481]]]},"id":331,"properties":{"r_סמל ועדה":12,"SHEM_YISHUV":"ניר צבי","SEMEL_YISHUV":331,"r_בזב":893,"r_מצביעים":676,"r_פסולים":1,"r_כשרים":675,"r_אמת":72,"r_ט":21,"r_כן":118,"r_ל":8,"r_מחל":73,"r_מרצ":50,"r_פה":310,"r_שס":4,"r_אחר":19,"max_party":"יש עתיד","color_general":"#FF8E3C","color_ynet":"#F90000","TOTAL_BZB":893}},{"type":"Feature","geometry":{"type":"Polygon","coordinates":[[[34.390091,31.330541],[34.399005,31.330541],[34.399005,31.339546],[34.390091,31.339546],[34.390091,31.330541],[34.390091,31.330541]]]},"id":602,"properties":{"r_סמל ועדה":18,"SHEM_YISHUV":"נירים","SEMEL_YISHUV":602,"r_בזב":416,"r_מצביעים":292,"r_פסולים":0,"r_כשרים":292,"r_אמת":40,"r_ט":18,"r_כן":34,"r_ל":10,"r_מחל":20,"r_מרצ":67,"r_פה":95,"r_אחר":8,"max_party":"יש עתיד","color_general":"#FF8E3C","color_ynet":"#F90000","TOTAL_BZB":416}},{"type":"Feature","geometry":{"type":"Polygon","coordinates":[[[34.979379,32.143135],[34.989085,32.143135],[34.989085,32.150329],[34.979379,32.150329],[34.979379,32.143135],[34.979379,32.143135]]]},"id":1236,"properties":{"r_סמל ועדה":19,"SHEM_YISHUV":"נירית","SEMEL_YISHUV":1236,"r_בזב":882,"r_מצביעים":642,"r_פסולים":3,"r_כשרים":639,"r_אמת":66,"r_ט":16,"r_כן":122,"r_ל":8,"r_מחל":54,"r_מרצ":52,"r_פה":295,"r_אחר":26,"max_party":"יש עתיד","color_general":"#FF8E3C","color_ynet":"#F90000","TOTAL_BZB":882}},{"type":"Feature","geometry":{"type":"Polygon","coordinates":[[[35.049279,31.740533],[35.064378,31.740533],[35.064378,31.749019],[35.049279,31.749019],[35.049279,31.740533],[35.049279,31.740533]]]},"id":825,"properties":{"r_סמל ועדה":2,"SHEM_YISHUV":"נס הרים","SEMEL_YISHUV":825,"r_בזב":884,"r_מצביעים":642,"r_פסולים":2,"r_כשרים":640,"r_אמת":35,"r_ג":7,"r_ט":97,"r_כן":165,"r_ל":10,"r_מחל":199,"r_מרצ":18,"r_פה":61,"r_שס":27,"r_אחר":21,"max_party":"הליכוד","color_general":"#1C5BAD","color_ynet":"#1417AC","TOTAL_BZB":884}},{"type":"Feature","geometry":{"type":"Polygon","coordinates":[[[35.117784,32.963299],[35.123844,32.963299],[35.123844,32.971834],[35.117784,32.971834],[35.117784,32.963299],[35.117784,32.963299]]]},"id":1143,"properties":{"r_סמל ועדה":6,"SHEM_YISHUV":"נס עמים","SEMEL_YISHUV":1143,"r_בזב":256,"r_מצביעים":209,"r_פסולים":0,"r_כשרים":209,"r_אמת":13,"r_ום":6,"r_ט":10,"r_כן":37,"r_ל":4,"r_מחל":35,"r_מרצ":7,"r_עם":3,"r_פה":87,"r_אחר":7,"max_party":"יש עתיד","color_general":"#FF8E3C","color_ynet":"#F90000","TOTAL_BZB":256}},{"type":"Feature","geometry":{"type":"Polygon","coordinates":[[[34.757885,31.896474],[34.823295,31.896474],[34.823295,31.945239],[34.757885,31.945239],[34.757885,31.896474],[34.757885,31.896474]]]},"id":7200,"properties":{"r_סמל ועדה":13,"SHEM_YISHUV":"נס ציונה","SEMEL_YISHUV":7200,"r_בזב":34763,"r_מצביעים":25969,"r_פסולים":118,"r_כשרים":25851,"r_אמת":1590,"r_ט":1929,"r_כן":4191,"r_ל":703,"r_מחל":6106,"r_מרצ":1004,"r_פה":8606,"r_שס":959,"r_אחר":763,"max_party":"יש עתיד","color_general":"#FF8E3C","color_ynet":"#F90000","TOTAL_BZB":34763}},{"type":"Feature","geometry":{"type":"Polygon","coordinates":[[[34.858959,32.369208],[34.864906,32.369208],[34.864906,32.378707],[34.858959,32.378707],[34.858959,32.369208],[34.858959,32.369208]]]},"id":186,"properties":{"r_סמל ועדה":10,"SHEM_YISHUV":"נעורים","SEMEL_YISHUV":186,"r_בזב":158,"r_מצביעים":62,"r_פסולים":1,"r_כשרים":61,"r_אמת":3,"r_ט":4,"r_כן":18,"r_ל":8,"r_מחל":7,"r_מרצ":1,"r_פה":19,"r_אחר":1,"max_party":"יש עתיד","color_general":"#FF8E3C","color_ynet":"#F90000","TOTAL_BZB":158}},{"type":"Feature","geometry":{"type":"Polygon","coordinates":[[[35.057053,31.95806],[35.071067,31.95806],[35.071067,31.967719],[35.057053,31.967719],[35.057053,31.95806],[35.057053,31.95806]]]},"id":3787,"properties":{"r_סמל ועדה":12,"SHEM_YISHUV":"נעלה","SEMEL_YISHUV":3787,"r_בזב":1637,"r_מצביעים":1223,"r_פסולים":6,"r_כשרים":1217,"r_אמת":14,"r_ט":258,"r_כן":110,"r_ל":70,"r_מחל":455,"r_פה":225,"r_שס":22,"r_אחר":63,"max_party":"הליכוד","color_general":"#1C5BAD","color_ynet":"#1417AC","TOTAL_BZB":1637}},{"type":"Feature","geometry":{"type":"Polygon","coordinates":[[[35.464072,31.903633],[35.47041,31.903633],[35.47041,31.910407],[35.464072,31.910407],[35.464072,31.903633],[35.464072,31.903633]]]},"id":3713,"properties":{"r_סמל ועדה":2,"SHEM_YISHUV":"נעמ\"ה","SEMEL_YISHUV":3713,"r_בזב":171,"r_מצביעים":110,"r_פסולים":0,"r_כשרים":110,"r_אמת":3,"r_ג":1,"r_ט":15,"r_כן":22,"r_ל":1,"r_מחל":35,"r_מרצ":1,"r_פה":29,"r_שס":1,"r_אחר":2,"max_party":"הליכוד","color_general":"#1C5BAD","color_ynet":"#1417AC","TOTAL_BZB":171}},{"type":"Feature","geometry":{"type":"Polygon","coordinates":[[[34.852208,31.878462],[34.865071,31.878462],[34.865071,31.888973],[34.852208,31.888973],[34.852208,31.878462],[34.852208,31.878462]]]},"id":158,"properties":{"r_סמל ועדה":12,"SHEM_YISHUV":"נען","SEMEL_YISHUV":158,"r_בזב":1351,"r_מצביעים":992,"r_פסולים":1,"r_כשרים":991,"r_אמת":269,"r_ט":23,"r_כן":129,"r_ל":22,"r_מחל":43,"r_מרצ":101,"r_פה":385,"r_אחר":19,"max_party":"יש עתיד","color_general":"#FF8E3C","color_ynet":"#F90000","TOTAL_BZB":1351}},{"type":"Feature","geometry":{"type":"Polygon","coordinates":[[[35.102961,31.217705],[35.108653,31.217705],[35.108653,31.22356],[35.102961,31.22356],[35.102961,31.217705],[35.102961,31.217705]]]},"id":1041,"properties":{"r_סמל ועדה":18,"SHEM_YISHUV":"נצאצרה (שבט)","SEMEL_YISHUV":1041,"r_בזב":345,"r_מצביעים":140,"r_פסולים":0,"r_כשרים":140,"r_ום":14,"r_מרצ":2,"r_עם":91,"r_אחר":33,"max_party":"רע\"מ","color_general":"#F7C94C","color_ynet":"#FE9601","TOTAL_BZB":345}},{"type":"Feature","geometry":{"type":"Polygon","coordinates":[[[34.858447,31.817575],[34.866529,31.817575],[34.866529,31.823563],[34.858447,31.823563],[34.858447,31.817575],[34.858447,31.817575]]]},"id":1372,"properties":{"r_סמל ועדה":13,"SHEM_YISHUV":"נצר חזני","SEMEL_YISHUV":1372,"r_בזב":295,"r_מצביעים":254,"r_פסולים":0,"r_כשרים":254,"r_ג":10,"r_ט":154,"r_כן":5,"r_מחל":50,"r_שס":17,"r_אחר":18,"max_party":"הציונות הדתית","color_general":"#A88461","color_ynet":"#5C97BF","TOTAL_BZB":295}},{"type":"Feature","geometry":{"type":"Polygon","coordinates":[[[34.818624,31.919043],[34.830074,31.919043],[34.830074,31.927324],[34.818624,31.927324],[34.818624,31.919043],[34.818624,31.919043]]]},"id":435,"properties":{"r_סמל ועדה":12,"SHEM_YISHUV":"נצר סרני","SEMEL_YISHUV":435,"r_בזב":661,"r_מצביעים":542,"r_פסולים":1,"r_כשרים":541,"r_אמת":181,"r_ט":5,"r_כן":68,"r_ל":12,"r_מחל":11,"r_מרצ":31,"r_פה":213,"r_שס":6,"r_אחר":14,"max_party":"יש עתיד","color_general":"#FF8E3C","color_ynet":"#F90000","TOTAL_BZB":661}},{"type":"Feature","geometry":{"type":"Polygon","coordinates":[[[35.266063,32.67275],[35.313546,32.67275],[35.313546,32.736285],[35.266063,32.736285],[35.266063,32.67275],[35.266063,32.67275]]]},"id":7300,"properties":{"r_סמל ועדה":5,"SHEM_YISHUV":"נצרת","SEMEL_YISHUV":7300,"r_בזב":59519,"r_מצביעים":28739,"r_פסולים":277,"r_כשרים":28462,"r_אמת":148,"r_ום":12897,"r_מחל":665,"r_מרצ":470,"r_עם":6094,"r_פה":344,"r_אחר":7844,"max_party":"חד\"ש תע\"ל","color_general":"#58C879","color_ynet":"#FFC37B","TOTAL_BZB":59519}},{"type":"Feature","geometry":{"type":"Polygon","coordinates":[[[35.013233,32.745399],[35.070881,32.745399],[35.070881,32.788178],[35.013233,32.788178],[35.013233,32.745399],[35.013233,32.745399]]]},"id":2500,"properties":{"r_סמל ועדה":8,"SHEM_YISHUV":"נשר","SEMEL_YISHUV":2500,"r_בזב":19644,"r_מצביעים":12212,"r_פסולים":100,"r_כשרים":12112,"r_אמת":326,"r_ט":903,"r_כן":1346,"r_ל":1511,"r_מחל":3775,"r_מרצ":196,"r_פה":2954,"r_שס":702,"r_אחר":399,"max_party":"הליכוד","color_general":"#1C5BAD","color_ynet":"#1417AC","TOTAL_BZB":19644}},{"type":"Feature","geometry":{"type":"Polygon","coordinates":[[[35.440439,31.985232],[35.449279,31.985232],[35.449279,31.992676],[35.440439,31.992676],[35.440439,31.985232],[35.440439,31.985232]]]},"id":3555,"properties":{"r_סמל ועדה":2,"SHEM_YISHUV":"נתיב הגדוד","SEMEL_YISHUV":3555,"r_בזב":225,"r_מצביעים":137,"r_פסולים":1,"r_כשרים":136,"r_אמת":40,"r_ום":1,"r_ט":22,"r_כן":22,"r_ל":1,"r_מחל":24,"r_מרצ":1,"r_פה":23,"r_אחר":2,"max_party":"העבודה","color_general":"#FC6B60","color_ynet":"#B20404","TOTAL_BZB":225}},{"type":"Feature","geometry":{"type":"Polygon","coordinates":[[[34.976019,31.683644],[34.987387,31.683644],[34.987387,31.691963],[34.976019,31.691963],[34.976019,31.683644],[34.976019,31.683644]]]},"id":693,"properties":{"r_סמל ועדה":2,"SHEM_YISHUV":"נתיב הל\"ה","SEMEL_YISHUV":693,"r_בזב":501,"r_מצביעים":370,"r_פסולים":0,"r_כשרים":370,"r_אמת":82,"r_ט":7,"r_כן":52,"r_ל":9,"r_מחל":9,"r_מרצ":49,"r_פה":141,"r_אחר":21,"max_party":"יש עתיד","color_general":"#FF8E3C","color_ynet":"#F90000","TOTAL_BZB":501}},{"type":"Feature","geometry":{"type":"Polygon","coordinates":[[[34.532639,31.565899],[34.547904,31.565899],[34.547904,31.577756],[34.532639,31.577756],[34.532639,31.565899],[34.532639,31.565899]]]},"id":1242,"properties":{"r_סמל ועדה":17,"SHEM_YISHUV":"נתיב העשרה","SEMEL_YISHUV":1242,"r_בזב":742,"r_מצביעים":572,"r_פסולים":1,"r_כשרים":571,"r_אמת":30,"r_ט":49,"r_כן":131,"r_ל":3,"r_מחל":127,"r_מרצ":16,"r_פה":185,"r_שס":8,"r_אחר":22,"max_party":"יש עתיד","color_general":"#FF8E3C","color_ynet":"#F90000","TOTAL_BZB":742}},{"type":"Feature","geometry":{"type":"Polygon","coordinates":[[[35.126697,32.985127],[35.147765,32.985127],[35.147765,33.002293],[35.126697,33.002293],[35.126697,32.985127],[35.126697,32.985127]]]},"id":792,"properties":{"r_סמל ועדה":6,"SHEM_YISHUV":"נתיב השיירה","SEMEL_YISHUV":792,"r_בזב":419,"r_מצביעים":309,"r_פסולים":0,"r_כשרים":309,"r_אמת":17,"r_ט":17,"r_כן":87,"r_מחל":98,"r_מרצ":4,"r_פה":61,"r_שס":16,"r_אחר":9,"max_party":"הליכוד","color_general":"#1C5BAD","color_ynet":"#1417AC","TOTAL_BZB":419}},{"type":"Feature","geometry":{"type":"Polygon","coordinates":[[[34.555109,31.400145],[34.63116,31.400145],[34.63116,31.443444],[34.555109,31.443444],[34.555109,31.400145],[34.555109,31.400145]]]},"id":246,"properties":{"r_סמל ועדה":18,"SHEM_YISHUV":"נתיבות","SEMEL_YISHUV":246,"r_בזב":28166,"r_מצביעים":21279,"r_פסולים":94,"r_כשרים":21185,"r_ג":1281,"r_ט":3334,"r_כן":366,"r_ל":609,"r_מחל":5836,"r_פה":398,"r_שס":9003,"r_אחר":358,"max_party":"ש\"ס","color_general":"#6C7CA5","color_ynet":"#995700","TOTAL_BZB":28166}},{"type":"Feature","geometry":{"type":"Polygon","coordinates":[[[34.82882,32.254894],[34.896073,32.254894],[34.896073,32.353472],[34.82882,32.353472],[34.82882,32.254894],[34.82882,32.254894]]]},"id":7400,"properties":{"r_סמל ועדה":10,"SHEM_YISHUV":"נתניה","SEMEL_YISHUV":7400,"r_בזב":195220,"r_מצביעים":113786,"r_פסולים":743,"r_כשרים":113043,"r_אמת":2020,"r_ג":3163,"r_ט":12871,"r_כן":9552,"r_ל":7505,"r_מחל":40142,"r_מרצ":1193,"r_פה":19747,"r_שס":13767,"r_אחר":3083,"max_party":"הליכוד","color_general":"#1C5BAD","color_ynet":"#1417AC","TOTAL_BZB":195220}},{"type":"Feature","geometry":{"type":"Polygon","coordinates":[[[35.328862,32.930137],[35.356594,32.930137],[35.356594,32.947829],[35.328862,32.947829],[35.328862,32.930137],[35.328862,32.930137]]]},"id":525,"properties":{"r_סמל ועדה":20,"SHEM_YISHUV":"סאג'ור","SEMEL_YISHUV":525,"r_בזב":3223,"r_מצביעים":1717,"r_פסולים":13,"r_כשרים":1704,"r_אמת":208,"r_ום":12,"r_ט":50,"r_כן":121,"r_ל":22,"r_מחל":323,"r_מרצ":40,"r_עם":16,"r_פה":95,"r_שס":11,"r_אחר":806,"max_party":"אחר","color_general":"#1C5BAD","color_ynet":"#1417AC","TOTAL_BZB":3223}},{"type":"Feature","geometry":{"type":"Polygon","coordinates":[[[35.391019,33.022371],[35.401892,33.022371],[35.401892,33.030864],[35.391019,33.030864],[35.391019,33.022371],[35.391019,33.022371]]]},"id":578,"properties":{"r_סמל ועדה":3,"SHEM_YISHUV":"סאסא","SEMEL_YISHUV":578,"r_בזב":414,"r_מצביעים":289,"r_פסולים":0,"r_כשרים":289,"r_אמת":57,"r_ט":3,"r_כן":31,"r_ל":6,"r_מחל":7,"r_מרצ":98,"r_פה":80,"r_אחר":7,"max_party":"מרצ","color_general":"#FC60C3","color_ynet":"#71BF45","TOTAL_BZB":414}},{"type":"Feature","geometry":{"type":"Polygon","coordinates":[[[34.865812,32.032983],[34.891567,32.032983],[34.891567,32.05738],[34.865812,32.05738],[34.865812,32.032983],[34.865812,32.032983]]]},"id":587,"properties":{"r_סמל ועדה":11,"SHEM_YISHUV":"סביון","SEMEL_YISHUV":587,"r_בזב":3985,"r_מצביעים":2685,"r_פסולים":4,"r_כשרים":2681,"r_אמת":145,"r_ג":14,"r_ט":112,"r_כן":387,"r_ל":100,"r_מחל":503,"r_מרצ":192,"r_פה":1142,"r_שס":24,"r_אחר":62,"max_party":"יש עתיד","color_general":"#FF8E3C","color_ynet":"#F90000","TOTAL_BZB":3985}},{"type":"Feature","geometry":{"type":"Polygon","coordinates":[[[34.770998,31.664408],[34.788886,31.664408],[34.788886,31.677433],[34.770998,31.677433],[34.770998,31.664408],[34.770998,31.664408]]]},"id":2046,"properties":{"r_סמל ועדה":17,"SHEM_YISHUV":"סגולה","SEMEL_YISHUV":2046,"r_בזב":446,"r_מצביעים":352,"r_פסולים":2,"r_כשרים":350,"r_אמת":28,"r_ג":2,"r_ט":23,"r_כן":82,"r_ל":3,"r_מחל":81,"r_מרצ":8,"r_פה":105,"r_שס":8,"r_אחר":10,"max_party":"יש עתיד","color_general":"#FF8E3C","color_ynet":"#F90000","TOTAL_BZB":446}},{"type":"Feature","geometry":{"type":"Polygon","coordinates":[[[35.165255,32.765169],[35.171359,32.765169],[35.171359,32.769287],[35.165255,32.769287],[35.165255,32.765169],[35.165255,32.765169]]]},"id":942,"properties":{"r_סמל ועדה":20,"SHEM_YISHUV":"סואעד (חמרייה)","SEMEL_YISHUV":942,"r_בזב":173,"r_מצביעים":56,"r_פסולים":2,"r_כשרים":54,"r_אמת":1,"r_ום":14,"r_מרצ":3,"r_עם":32,"r_אחר":4,"max_party":"רע\"מ","color_general":"#F7C94C","color_ynet":"#FE9601","TOTAL_BZB":173}},{"type":"Feature","geometry":{"type":"Polygon","coordinates":[[[35.330009,32.602549],[35.338742,32.602549],[35.338742,32.610538],[35.330009,32.610538],[35.330009,32.602549],[35.330009,32.602549]]]},"id":526,"properties":{"r_סמל ועדה":5,"SHEM_YISHUV":"סולם","SEMEL_YISHUV":526,"r_בזב":2136,"r_מצביעים":1137,"r_פסולים":8,"r_כשרים":1129,"r_ום":265,"r_כן":13,"r_מחל":8,"r_מרצ":52,"r_עם":511,"r_פה":14,"r_אחר":266,"max_party":"רע\"מ","color_general":"#F7C94C","color_ynet":"#FE9601","TOTAL_BZB":2136}},{"type":"Feature","geometry":{"type":"Polygon","coordinates":[[[35.109017,31.388215],[35.11623,31.388215],[35.11623,31.394285],[35.109017,31.394285],[35.109017,31.388215],[35.109017,31.388215]]]},"id":3756,"properties":{"r_סמל ועדה":18,"SHEM_YISHUV":"סוסיה","SEMEL_YISHUV":3756,"r_בזב":780,"r_מצביעים":596,"r_פסולים":0,"r_כשרים":596,"r_ג":4,"r_ט":479,"r_כן":6,"r_מחל":46,"r_שס":5,"r_אחר":56,"max_party":"הציונות הדתית","color_general":"#A88461","color_ynet":"#5C97BF","TOTAL_BZB":780}},{"type":"Feature","geometry":{"type":"Polygon","coordinates":[[[34.337376,31.233216],[34.346001,31.233216],[34.346001,31.239896],[34.337376,31.239896],[34.337376,31.233216],[34.337376,31.233216]]]},"id":1238,"properties":{"r_סמל ועדה":18,"SHEM_YISHUV":"סופה","SEMEL_YISHUV":1238,"r_בזב":189,"r_מצביעים":107,"r_פסולים":1,"r_כשרים":106,"r_אמת":5,"r_ג":1,"r_ט":12,"r_כן":24,"r_ל":5,"r_מחל":7,"r_מרצ":9,"r_פה":37,"r_אחר":6,"max_party":"יש עתיד","color_general":"#FF8E3C","color_ynet":"#F90000","TOTAL_BZB":189}},{"type":"Feature","geometry":{"type":"Polygon","coordinates":[[[35.27927,32.841713],[35.336753,32.841713],[35.336753,32.878541],[35.27927,32.878541],[35.27927,32.841713],[35.27927,32.841713]]]},"id":7500,"properties":{"r_סמל ועדה":20,"SHEM_YISHUV":"סח'נין","SEMEL_YISHUV":7500,"r_בזב":23207,"r_מצביעים":15877,"r_פסולים":123,"r_כשרים":15754,"r_ום":6073,"r_עם":4578,"r_אחר":5103,"max_party":"חד\"ש תע\"ל","color_general":"#58C879","color_ynet":"#FFC37B","TOTAL_BZB":23207}},{"type":"Feature","geometry":{"type":"Polygon","coordinates":[[[34.912083,31.292034],[34.918588,31.292034],[34.918588,31.295524],[34.912083,31.295524],[34.912083,31.292034],[34.912083,31.292034]]]},"id":1170,"properties":{"r_סמל ועדה":18,"SHEM_YISHUV":"סייד (שבט)","SEMEL_YISHUV":1170,"r_בזב":970,"r_מצביעים":324,"r_פסולים":3,"r_כשרים":321,"r_ום":11,"r_מחל":19,"r_עם":281,"r_אחר":10,"max_party":"רע\"מ","color_general":"#F7C94C","color_ynet":"#FE9601","TOTAL_BZB":970}},{"type":"Feature","geometry":{"type":"Polygon","coordinates":[[[35.338565,32.883077],[35.37745,32.883077],[35.37745,32.901177],[35.338565,32.901177],[35.338565,32.883077],[35.338565,32.883077]]]},"id":1245,"properties":{"r_סמל ועדה":20,"SHEM_YISHUV":"סלמה","SEMEL_YISHUV":1245,"r_בזב":2445,"r_מצביעים":1324,"r_פסולים":9,"r_כשרים":1315,"r_ום":129,"r_כן":11,"r_מחל":54,"r_עם":1015,"r_אחר":106,"max_party":"רע\"מ","color_general":"#F7C94C","color_ynet":"#FE9601","TOTAL_BZB":2445}},{"type":"Feature","geometry":{"type":"Polygon","coordinates":[[[35.046474,32.23914],[35.057204,32.23914],[35.057204,32.245325],[35.046474,32.245325],[35.046474,32.23914],[35.046474,32.23914]]]},"id":3567,"properties":{"r_סמל ועדה":19,"SHEM_YISHUV":"סלעית","SEMEL_YISHUV":3567,"r_בזב":824,"r_מצביעים":659,"r_פסולים":4,"r_כשרים":655,"r_אמת":70,"r_ט":22,"r_כן":94,"r_ל":18,"r_מחל":61,"r_מרצ":23,"r_פה":340,"r_אחר":27,"max_party":"יש עתיד","color_general":"#FF8E3C","color_ynet":"#F90000","TOTAL_BZB":824}},{"type":"Feature","geometry":{"type":"Polygon","coordinates":[[[35.019487,29.828153],[35.026114,29.828153],[35.026114,29.836292],[35.019487,29.836292],[35.019487,29.828153],[35.019487,29.828153]]]},"id":1156,"properties":{"r_סמל ועדה":18,"SHEM_YISHUV":"סמר","SEMEL_YISHUV":1156,"r_בזב":239,"r_מצביעים":126,"r_פסולים":0,"r_כשרים":126,"r_אמת":13,"r_ום":2,"r_ט":1,"r_כן":6,"r_מחל":2,"r_מרצ":55,"r_פה":35,"r_אחר":12,"max_party":"מרצ","color_general":"#FC60C3","color_ynet":"#71BF45","TOTAL_BZB":239}},{"type":"Feature","geometry":{"type":"Polygon","coordinates":[[[34.899306,31.361227],[34.904911,31.361227],[34.904911,31.366122],[34.899306,31.366122],[34.899306,31.361227],[34.899306,31.361227]]]},"id":3777,"properties":{"r_סמל ועדה":18,"SHEM_YISHUV":"סנסנה","SEMEL_YISHUV":3777,"r_בזב":385,"r_מצביעים":292,"r_פסולים":0,"r_כשרים":292,"r_ט":150,"r_כן":19,"r_מחל":44,"r_אחר":79,"max_party":"הציונות הדתית","color_general":"#A88461","color_ynet":"#5C97BF","TOTAL_BZB":385}},{"type":"Feature","geometry":{"type":"Polygon","coordinates":[[[34.528712,31.465561],[34.544431,31.465561],[34.544431,31.47506],[34.528712,31.47506],[34.528712,31.465561],[34.528712,31.465561]]]},"id":419,"properties":{"r_סמל ועדה":18,"SHEM_YISHUV":"סעד","SEMEL_YISHUV":419,"r_בזב":636,"r_מצביעים":471,"r_פסולים":3,"r_כשרים":468,"r_אמת":16,"r_ט":142,"r_כן":92,"r_ל":5,"r_מחל":64,"r_מרצ":9,"r_פה":50,"r_שס":7,"r_אחר":83,"max_party":"הציונות הדתית","color_general":"#A88461","color_ynet":"#5C97BF","TOTAL_BZB":636}},{"type":"Feature","geometry":{"type":"Polygon","coordinates":[[[34.944189,31.237441],[34.999647,31.237441],[34.999647,31.268405],[34.944189,31.268405],[34.944189,31.237441],[34.944189,31.237441]]]},"id":1360,"properties":{"r_סמל ועדה":18,"SHEM_YISHUV":"סעוה","SEMEL_YISHUV":1360,"r_בזב":1096,"r_מצביעים":548,"r_פסולים":10,"r_כשרים":538,"r_ום":36,"r_כן":3,"r_מחל":4,"r_מרצ":3,"r_עם":468,"r_פה":5,"r_אחר":19,"max_party":"רע\"מ","color_general":"#F7C94C","color_ynet":"#FE9601","TOTAL_BZB":1096}},{"type":"Feature","geometry":{"type":"Polygon","coordinates":[[[35.104193,33.025628],[35.115231,33.025628],[35.115231,33.033359],[35.104193,33.033359],[35.104193,33.025628],[35.104193,33.025628]]]},"id":454,"properties":{"r_סמל ועדה":6,"SHEM_YISHUV":"סער","SEMEL_YISHUV":454,"r_בזב":691,"r_מצביעים":469,"r_פסולים":0,"r_כשרים":469,"r_אמת":51,"r_ט":29,"r_כן":85,"r_ל":8,"r_מחל":65,"r_מרצ":52,"r_פה":174,"r_אחר":5,"max_party":"יש עתיד","color_general":"#FF8E3C","color_ynet":"#F90000","TOTAL_BZB":691}},{"type":"Feature","geometry":{"type":"Polygon","coordinates":[[[35.180953,30.610705],[35.187957,30.610705],[35.187957,30.616704],[35.180953,30.616704],[35.180953,30.610705],[35.180953,30.610705]]]},"id":1176,"properties":{"r_סמל ועדה":18,"SHEM_YISHUV":"ספיר","SEMEL_YISHUV":1176,"r_בזב":360,"r_מצביעים":208,"r_פסולים":4,"r_כשרים":204,"r_אמת":10,"r_ט":20,"r_כן":27,"r_ל":7,"r_מחל":52,"r_מרצ":5,"r_פה":63,"r_שס":3,"r_אחר":17,"max_party":"יש עתיד","color_general":"#FF8E3C","color_ynet":"#F90000","TOTAL_BZB":360}},{"type":"Feature","geometry":{"type":"Polygon","coordinates":[[[34.835508,31.880204],[34.851536,31.880204],[34.851536,31.897423],[34.835508,31.897423],[34.835508,31.880204],[34.835508,31.880204]]]},"id":610,"properties":{"r_סמל ועדה":12,"SHEM_YISHUV":"סתרייה","SEMEL_YISHUV":610,"r_בזב":800,"r_מצביעים":606,"r_פסולים":2,"r_כשרים":604,"r_אמת":65,"r_ט":24,"r_כן":95,"r_ל":20,"r_מחל":83,"r_מרצ":48,"r_פה":239,"r_שס":9,"r_אחר":21,"max_party":"יש עתיד","color_general":"#FF8E3C","color_ynet":"#F90000","TOTAL_BZB":800}},{"type":"Feature","geometry":{"type":"Polygon","coordinates":[[[35.62003,33.261169],[35.641882,33.261169],[35.641882,33.2784],[35.62003,33.2784],[35.62003,33.261169],[35.62003,33.261169]]]},"id":4501,"properties":{"r_סמל ועדה":3,"SHEM_YISHUV":"ע'ג'ר","SEMEL_YISHUV":4501,"r_בזב":1844,"r_מצביעים":555,"r_פסולים":8,"r_כשרים":547,"r_אמת":37,"r_ום":17,"r_כן":133,"r_ל":40,"r_מחל":47,"r_מרצ":32,"r_עם":80,"r_פה":63,"r_שס":71,"r_אחר":27,"max_party":"המחנה הממלכתי","color_general":"#6079FC","color_ynet":"#D600D6","TOTAL_BZB":1844}},{"type":"Feature","geometry":{"type":"Polygon","coordinates":[[[35.171937,33.044179],[35.192882,33.044179],[35.192882,33.05547],[35.171937,33.05547],[35.171937,33.044179],[35.171937,33.044179]]]},"id":892,"properties":{"r_סמל ועדה":6,"SHEM_YISHUV":"עבדון","SEMEL_YISHUV":892,"r_בזב":528,"r_מצביעים":402,"r_פסולים":0,"r_כשרים":402,"r_אמת":3,"r_ט":101,"r_כן":42,"r_מחל":176,"r_פה":14,"r_שס":60,"r_אחר":6,"max_party":"הליכוד","color_general":"#1C5BAD","color_ynet":"#1417AC","TOTAL_BZB":528}},{"type":"Feature","geometry":{"type":"Polygon","coordinates":[[[35.096219,32.987237],[35.107267,32.987237],[35.107267,32.995253],[35.096219,32.995253],[35.096219,32.987237],[35.096219,32.987237]]]},"id":376,"properties":{"r_סמל ועדה":6,"SHEM_YISHUV":"עברון","SEMEL_YISHUV":376,"r_בזב":700,"r_מצביעים":520,"r_פסולים":2,"r_כשרים":518,"r_אמת":87,"r_ט":9,"r_כן":70,"r_ל":12,"r_מחל":22,"r_מרצ":109,"r_פה":188,"r_שס":3,"r_אחר":18,"max_party":"יש עתיד","color_general":"#FF8E3C","color_ynet":"#F90000","TOTAL_BZB":700}},{"type":"Feature","geometry":{"type":"Polygon","coordinates":[[[34.907021,31.694126],[34.917151,31.694126],[34.917151,31.701011],[34.907021,31.701011],[34.907021,31.694126],[34.907021,31.694126]]]},"id":794,"properties":{"r_סמל ועדה":2,"SHEM_YISHUV":"עגור","SEMEL_YISHUV":794,"r_בזב":327,"r_מצביעים":247,"r_פסולים":2,"r_כשרים":245,"r_אמת":4,"r_ג":8,"r_ט":49,"r_כן":6,"r_מחל":126,"r_מרצ":7,"r_פה":8,"r_שס":34,"r_אחר":3,"max_party":"הליכוד","color_general":"#1C5BAD","color_ynet":"#1417AC","TOTAL_BZB":327}},{"type":"Feature","geometry":{"type":"Polygon","coordinates":[[[35.167073,32.777042],[35.182001,32.777042],[35.182001,32.78893],[35.167073,32.78893],[35.167073,32.777042],[35.167073,32.777042]]]},"id":1199,"properties":{"r_סמל ועדה":20,"SHEM_YISHUV":"עדי","SEMEL_YISHUV":1199,"r_בזב":1506,"r_מצביעים":1107,"r_פסולים":4,"r_כשרים":1103,"r_אמת":64,"r_ט":48,"r_כן":222,"r_ל":38,"r_מחל":193,"r_מרצ":21,"r_פה":474,"r_שס":7,"r_אחר":36,"max_party":"יש עתיד","color_general":"#FF8E3C","color_ynet":"#F90000","TOTAL_BZB":1506}},{"type":"Feature","geometry":{"type":"Polygon","coordinates":[[[34.899704,32.133272],[34.910698,32.133272],[34.910698,32.145251],[34.899704,32.145251],[34.899704,32.133272],[34.899704,32.133272]]]},"id":2035,"properties":{"r_סמל ועדה":19,"SHEM_YISHUV":"עדנים","SEMEL_YISHUV":2035,"r_בזב":293,"r_מצביעים":220,"r_פסולים":0,"r_כשרים":220,"r_אמת":15,"r_ט":10,"r_כן":39,"r_ל":4,"r_מחל":26,"r_מרצ":12,"r_פה":99,"r_אחר":15,"max_party":"יש עתיד","color_general":"#FF8E3C","color_ynet":"#F90000","TOTAL_BZB":293}},{"type":"Feature","geometry":{"type":"Polygon","coordinates":[[[34.757003,31.586404],[34.770988,31.586404],[34.770988,31.600299],[34.757003,31.600299],[34.757003,31.586404],[34.757003,31.586404]]]},"id":826,"properties":{"r_סמל ועדה":17,"SHEM_YISHUV":"עוזה","SEMEL_YISHUV":826,"r_בזב":342,"r_מצביעים":267,"r_פסולים":1,"r_כשרים":266,"r_ג":11,"r_ט":43,"r_כן":2,"r_מחל":116,"r_שס":89,"r_אחר":5,"max_party":"הליכוד","color_general":"#1C5BAD","color_ynet":"#1417AC","TOTAL_BZB":342}},{"type":"Feature","geometry":{"type":"Polygon","coordinates":[[[35.313966,32.786682],[35.344506,32.786682],[35.344506,32.799492],[35.313966,32.799492],[35.313966,32.786682],[35.313966,32.786682]]]},"id":528,"properties":{"r_סמל ועדה":5,"SHEM_YISHUV":"עוזייר","SEMEL_YISHUV":528,"r_בזב":2223,"r_מצביעים":1090,"r_פסולים":10,"r_כשרים":1080,"r_ום":236,"r_מרצ":6,"r_עם":479,"r_פה":6,"r_אחר":353,"max_party":"רע\"מ","color_general":"#F7C94C","color_ynet":"#FE9601","TOTAL_BZB":2223}},{"type":"Feature","geometry":{"type":"Polygon","coordinates":[[[34.974124,32.325126],[34.999418,32.325126],[34.999418,32.340858],[34.974124,32.340858],[34.974124,32.325126],[34.974124,32.325126]]]},"id":737,"properties":{"r_סמל ועדה":10,"SHEM_YISHUV":"עולש","SEMEL_YISHUV":737,"r_בזב":787,"r_מצביעים":580,"r_פסולים":1,"r_כשרים":579,"r_אמת":40,"r_ט":27,"r_כן":102,"r_ל":4,"r_מחל":99,"r_מרצ":19,"r_פה":250,"r_שס":8,"r_אחר":30,"max_party":"יש עתיד","color_general":"#FF8E3C","color_ynet":"#F90000","TOTAL_BZB":787}},{"type":"Feature","geometry":{"type":"Polygon","coordinates":[[[34.825683,31.247157],[34.871799,31.247157],[34.871799,31.302654],[34.825683,31.302654],[34.825683,31.247157],[34.825683,31.247157]]]},"id":666,"properties":{"r_סמל ועדה":18,"SHEM_YISHUV":"עומר","SEMEL_YISHUV":666,"r_בזב":6642,"r_מצביעים":4588,"r_פסולים":10,"r_כשרים":4578,"r_אמת":249,"r_ט":430,"r_כן":807,"r_ל":110,"r_מחל":1176,"r_מרצ":270,"r_פה":1316,"r_שס":41,"r_אחר":179,"max_party":"יש עתיד","color_general":"#FF8E3C","color_ynet":"#F90000","TOTAL_BZB":6642}},{"type":"Feature","geometry":{"type":"Polygon","coordinates":[[[34.976551,32.617478],[34.986284,32.617478],[34.986284,32.627981],[34.976551,32.627981],[34.976551,32.617478],[34.976551,32.617478]]]},"id":810,"properties":{"r_סמל ועדה":9,"SHEM_YISHUV":"עופר","SEMEL_YISHUV":810,"r_בזב":402,"r_מצביעים":307,"r_פסולים":0,"r_כשרים":307,"r_אמת":31,"r_ג":3,"r_ום":3,"r_ט":33,"r_כן":64,"r_ל":5,"r_מחל":59,"r_מרצ":25,"r_פה":69,"r_שס":2,"r_אחר":13,"max_party":"יש עתיד","color_general":"#FF8E3C","color_ynet":"#F90000","TOTAL_BZB":402}},{"type":"Feature","geometry":{"type":"Polygon","coordinates":[[[35.256399,31.947478],[35.266696,31.947478],[35.266696,31.960109],[35.256399,31.960109],[35.256399,31.947478],[35.256399,31.947478]]]},"id":3617,"properties":{"r_סמל ועדה":2,"SHEM_YISHUV":"עפרה","SEMEL_YISHUV":3617,"r_בזב":2027,"r_מצביעים":1482,"r_פסולים":4,"r_כשרים":1478,"r_ט":1020,"r_כן":16,"r_מחל":242,"r_שס":20,"r_אחר":180,"max_party":"הציונות הדתית","color_general":"#A88461","color_ynet":"#5C97BF","TOTAL_BZB":2027}},{"type":"Feature","geometry":{"type":"Polygon","coordinates":[[[34.696173,31.632456],[34.715199,31.632456],[34.715199,31.646102],[34.696173,31.646102],[34.696173,31.632456],[34.696173,31.632456]]]},"id":32,"properties":{"r_סמל ועדה":17,"SHEM_YISHUV":"עוצם","SEMEL_YISHUV":32,"r_בזב":463,"r_מצביעים":385,"r_פסולים":2,"r_כשרים":383,"r_ג":6,"r_ט":41,"r_כן":9,"r_מחל":139,"r_שס":180,"r_אחר":8,"max_party":"ש\"ס","color_general":"#6C7CA5","color_ynet":"#995700","TOTAL_BZB":463}},{"type":"Feature","geometry":{"type":"Polygon","coordinates":[[[34.921871,31.27222],[34.927725,31.27222],[34.927725,31.281002],[34.921871,31.281002],[34.921871,31.27222],[34.921871,31.27222]]]},"id":957,"properties":{"r_סמל ועדה":18,"SHEM_YISHUV":"עוקבי (בנו עוקבה)","SEMEL_YISHUV":957,"r_בזב":353,"r_מצביעים":175,"r_פסולים":1,"r_כשרים":174,"r_ום":18,"r_מחל":1,"r_מרצ":3,"r_עם":116,"r_אחר":36,"max_party":"רע\"מ","color_general":"#F7C94C","color_ynet":"#FE9601","TOTAL_BZB":353}},{"type":"Feature","geometry":{"type":"Polygon","coordinates":[[[34.667505,31.734861],[34.674014,31.734861],[34.674014,31.738472],[34.667505,31.738472],[34.667505,31.734861],[34.667505,31.734861]]]},"id":1149,"properties":{"r_סמל ועדה":17,"SHEM_YISHUV":"עזר","SEMEL_YISHUV":1149,"r_בזב":609,"r_מצביעים":467,"r_פסולים":1,"r_כשרים":466,"r_אמת":22,"r_ט":39,"r_כן":86,"r_ל":7,"r_מחל":147,"r_מרצ":9,"r_פה":107,"r_שס":35,"r_אחר":14,"max_party":"הליכוד","color_general":"#1C5BAD","color_ynet":"#1417AC","TOTAL_BZB":609}},{"type":"Feature","geometry":{"type":"Polygon","coordinates":[[[34.962464,32.255565],[34.977369,32.255565],[34.977369,32.267858],[34.962464,32.267858],[34.962464,32.255565],[34.962464,32.255565]]]},"id":837,"properties":{"r_סמל ועדה":10,"SHEM_YISHUV":"עזריאל","SEMEL_YISHUV":837,"r_בזב":618,"r_מצביעים":492,"r_פסולים":1,"r_כשרים":491,"r_ט":101,"r_כן":36,"r_מחל":271,"r_פה":21,"r_שס":39,"r_אחר":23,"max_party":"הליכוד","color_general":"#1C5BAD","color_ynet":"#1417AC","TOTAL_BZB":618}},{"type":"Feature","geometry":{"type":"Polygon","coordinates":[[[34.897938,31.881727],[34.9183,31.881727],[34.9183,31.90111],[34.897938,31.90111],[34.897938,31.881727],[34.897938,31.881727]]]},"id":711,"properties":{"r_סמל ועדה":12,"SHEM_YISHUV":"עזריה","SEMEL_YISHUV":711,"r_בזב":809,"r_מצביעים":686,"r_פסולים":1,"r_כשרים":685,"r_אמת":7,"r_ט":88,"r_כן":84,"r_ל":6,"r_מחל":384,"r_פה":28,"r_שס":78,"r_אחר":10,"max_party":"הליכוד","color_general":"#1C5BAD","color_ynet":"#1417AC","TOTAL_BZB":809}},{"type":"Feature","geometry":{"type":"Polygon","coordinates":[[[34.684596,31.741652],[34.709311,31.741652],[34.709311,31.757356],[34.684596,31.757356],[34.684596,31.741652],[34.684596,31.741652]]]},"id":817,"properties":{"r_סמל ועדה":17,"SHEM_YISHUV":"עזריקם","SEMEL_YISHUV":817,"r_בזב":992,"r_מצביעים":777,"r_פסולים":0,"r_כשרים":777,"r_אמת":11,"r_ג":6,"r_ט":103,"r_כן":69,"r_ל":5,"r_מחל":447,"r_פה":64,"r_שס":59,"r_אחר":13,"max_party":"הליכוד","color_general":"#1C5BAD","color_ynet":"#1417AC","TOTAL_BZB":992}},{"type":"Feature","geometry":{"type":"Polygon","coordinates":[[[34.926344,31.276875],[34.934963,31.276875],[34.934963,31.286366],[34.926344,31.286366],[34.926344,31.276875],[34.926344,31.276875]]]},"id":969,"properties":{"r_סמל ועדה":18,"SHEM_YISHUV":"עטוואנה (שבט)","SEMEL_YISHUV":969,"r_בזב":116,"r_מצביעים":34,"r_פסולים":0,"r_כשרים":34,"r_ום":23,"r_עם":10,"r_אחר":1,"max_party":"חד\"ש תע\"ל","color_general":"#58C879","color_ynet":"#FFC37B","TOTAL_BZB":116}},{"type":"Feature","geometry":{"type":"Polygon","coordinates":[[[35.173835,31.996738],[35.180993,31.996738],[35.180993,32.005019],[35.173835,32.005019],[35.173835,31.996738],[35.173835,31.996738]]]},"id":3658,"properties":{"r_סמל ועדה":2,"SHEM_YISHUV":"עטרת","SEMEL_YISHUV":3658,"r_בזב":327,"r_מצביעים":264,"r_פסולים":0,"r_כשרים":264,"r_ט":216,"r_כן":2,"r_מחל":24,"r_שס":3,"r_אחר":19,"max_party":"הציונות הדתית","color_general":"#A88461","color_ynet":"#5C97BF","TOTAL_BZB":327}},{"type":"Feature","geometry":{"type":"Polygon","coordinates":[[[35.295898,30.802444],[35.305437,30.802444],[35.305437,30.811071],[35.295898,30.811071],[35.295898,30.802444],[35.295898,30.802444]]]},"id":1175,"properties":{"r_סמל ועדה":18,"SHEM_YISHUV":"עידן","SEMEL_YISHUV":1175,"r_בזב":340,"r_מצביעים":199,"r_פסולים":2,"r_כשרים":197,"r_אמת":17,"r_ט":14,"r_כן":72,"r_ל":1,"r_מחל":21,"r_מרצ":14,"r_פה":52,"r_אחר":6,"max_party":"המחנה הממלכתי","color_general":"#6079FC","color_ynet":"#D600D6","TOTAL_BZB":340}},{"type":"Feature","geometry":{"type":"Polygon","coordinates":[[[35.384452,32.824594],[35.415902,32.824594],[35.415902,32.859953],[35.384452,32.859953],[35.384452,32.824594],[35.384452,32.824594]]]},"id":530,"properties":{"r_סמל ועדה":4,"SHEM_YISHUV":"עיילבון","SEMEL_YISHUV":530,"r_בזב":4294,"r_מצביעים":2768,"r_פסולים":9,"r_כשרים":2759,"r_אמת":40,"r_ום":1101,"r_כן":97,"r_מחל":139,"r_מרצ":310,"r_עם":343,"r_פה":170,"r_שס":17,"r_אחר":542,"max_party":"חד\"ש תע\"ל","color_general":"#58C879","color_ynet":"#FFC37B","TOTAL_BZB":4294}},{"type":"Feature","geometry":{"type":"Polygon","coordinates":[[[34.764842,31.912793],[34.771141,31.912793],[34.771141,31.917768],[34.764842,31.917768],[34.764842,31.912793],[34.764842,31.912793]]]},"id":156,"properties":{"r_סמל ועדה":13,"SHEM_YISHUV":"עיינות","SEMEL_YISHUV":156,"r_בזב":146,"r_מצביעים":46,"r_פסולים":0,"r_כשרים":46,"r_אמת":6,"r_ום":1,"r_ט":1,"r_כן":13,"r_מחל":8,"r_מרצ":1,"r_פה":8,"r_שס":7,"r_אחר":1,"max_party":"המחנה הממלכתי","color_general":"#6079FC","color_ynet":"#D600D6","TOTAL_BZB":146}},{"type":"Feature","geometry":{"type":"Polygon","coordinates":[[[35.252691,32.709531],[35.274133,32.709531],[35.274133,32.731219],[35.252691,32.731219],[35.252691,32.709531],[35.252691,32.709531]]]},"id":511,"properties":{"r_סמל ועדה":5,"SHEM_YISHUV":"עילוט","SEMEL_YISHUV":511,"r_בזב":5705,"r_מצביעים":2647,"r_פסולים":35,"r_כשרים":2612,"r_ום":944,"r_כן":48,"r_מחל":37,"r_עם":834,"r_שס":44,"r_אחר":705,"max_party":"חד\"ש תע\"ל","color_general":"#58C879","color_ynet":"#FFC37B","TOTAL_BZB":5705}},{"type":"Feature","geometry":{"type":"Polygon","coordinates":[[[34.933078,32.623383],[34.958467,32.623383],[34.958467,32.634662],[34.933078,32.634662],[34.933078,32.623383],[34.933078,32.623383]]]},"id":687,"properties":{"r_סמל ועדה":9,"SHEM_YISHUV":"עין איילה","SEMEL_YISHUV":687,"r_בזב":788,"r_מצביעים":562,"r_פסולים":0,"r_כשרים":562,"r_אמת":62,"r_ט":14,"r_כן":93,"r_ל":13,"r_מחל":58,"r_מרצ":37,"r_פה":255,"r_אחר":30,"max_party":"יש עתיד","color_general":"#FF8E3C","color_ynet":"#F90000","TOTAL_BZB":788}},{"type":"Feature","geometry":{"type":"Polygon","coordinates":[[[35.391446,32.936731],[35.404993,32.936731],[35.404993,32.943942],[35.391446,32.943942],[35.391446,32.936731],[35.391446,32.936731]]]},"id":546,"properties":{"r_סמל ועדה":20,"SHEM_YISHUV":"עין אל-אסד","SEMEL_YISHUV":546,"r_בזב":685,"r_מצביעים":328,"r_פסולים":2,"r_כשרים":326,"r_אמת":4,"r_ום":10,"r_כן":57,"r_ל":133,"r_מחל":38,"r_מרצ":54,"r_עם":5,"r_פה":18,"r_אחר":7,"max_party":"ישראל ביתנו","color_general":"#69D1E5","color_ynet":"#FFA1A1","TOTAL_BZB":685}},{"type":"Feature","geometry":{"type":"Polygon","coordinates":[[[35.635918,32.778543],[35.64963,32.778543],[35.64963,32.788299],[35.635918,32.788299],[35.635918,32.778543],[35.635918,32.778543]]]},"id":273,"properties":{"r_סמל ועדה":4,"SHEM_YISHUV":"עין גב","SEMEL_YISHUV":273,"r_בזב":473,"r_מצביעים":302,"r_פסולים":2,"r_כשרים":300,"r_אמת":88,"r_ט":14,"r_כן":43,"r_ל":7,"r_מחל":23,"r_מרצ":26,"r_פה":90,"r_אחר":9,"max_party":"יש עתיד","color_general":"#FF8E3C","color_ynet":"#F90000","TOTAL_BZB":473}},{"type":"Feature","geometry":{"type":"Polygon","coordinates":[[[35.379006,31.448657],[35.39174,31.448657],[35.39174,31.456091],[35.379006,31.456091],[35.379006,31.448657],[35.379006,31.448657]]]},"id":2042,"properties":{"r_סמל ועדה":18,"SHEM_YISHUV":"עין גדי","SEMEL_YISHUV":2042,"r_בזב":478,"r_מצביעים":283,"r_פסולים":0,"r_כשרים":283,"r_אמת":61,"r_ום":4,"r_ט":4,"r_כן":38,"r_ל":4,"r_מחל":20,"r_מרצ":34,"r_פה":104,"r_שס":2,"r_אחר":12,"max_party":"יש עתיד","color_general":"#FF8E3C","color_ynet":"#F90000","TOTAL_BZB":478}},{"type":"Feature","geometry":{"type":"Polygon","coordinates":[[[35.412542,32.651752],[35.423069,32.651752],[35.423069,32.66212],[35.412542,32.66212],[35.412542,32.651752],[35.412542,32.651752]]]},"id":436,"properties":{"r_סמל ועדה":5,"SHEM_YISHUV":"עין דור","SEMEL_YISHUV":436,"r_בזב":927,"r_מצביעים":572,"r_פסולים":2,"r_כשרים":570,"r_אמת":66,"r_ט":22,"r_כן":79,"r_ל":15,"r_מחל":32,"r_מרצ":99,"r_פה":233,"r_אחר":24,"max_party":"יש עתיד","color_general":"#FF8E3C","color_ynet":"#F90000","TOTAL_BZB":927}},{"type":"Feature","geometry":{"type":"Polygon","coordinates":[[[34.432965,31.275724],[34.468657,31.275724],[34.468657,31.286496],[34.432965,31.286496],[34.432965,31.275724],[34.432965,31.275724]]]},"id":1240,"properties":{"r_סמל ועדה":18,"SHEM_YISHUV":"עין הבשור","SEMEL_YISHUV":1240,"r_בזב":759,"r_מצביעים":528,"r_פסולים":1,"r_כשרים":527,"r_אמת":34,"r_ט":34,"r_כן":83,"r_ל":9,"r_מחל":81,"r_מרצ":34,"r_פה":224,"r_שס":4,"r_אחר":24,"max_party":"יש עתיד","color_general":"#FF8E3C","color_ynet":"#F90000","TOTAL_BZB":759}},{"type":"Feature","geometry":{"type":"Polygon","coordinates":[[[34.977651,32.695533],[34.987639,32.695533],[34.987639,32.703323],[34.977651,32.703323],[34.977651,32.695533],[34.977651,32.695533]]]},"id":74,"properties":{"r_סמל ועדה":9,"SHEM_YISHUV":"עין הוד","SEMEL_YISHUV":74,"r_בזב":518,"r_מצביעים":334,"r_פסולים":1,"r_כשרים":333,"r_אמת":42,"r_ום":4,"r_ט":6,"r_כן":34,"r_ל":8,"r_מחל":10,"r_מרצ":86,"r_פה":125,"r_שס":2,"r_אחר":16,"max_party":"יש עתיד","color_general":"#FF8E3C","color_ynet":"#F90000","TOTAL_BZB":518}},{"type":"Feature","geometry":{"type":"Polygon","coordinates":[[[34.934907,32.381211],[34.945079,32.381211],[34.945079,32.390836],[34.934907,32.390836],[34.934907,32.381211],[34.934907,32.381211]]]},"id":167,"properties":{"r_סמל ועדה":10,"SHEM_YISHUV":"עין החורש","SEMEL_YISHUV":167,"r_בזב":720,"r_מצביעים":545,"r_פסולים":1,"r_כשרים":544,"r_אמת":130,"r_ט":4,"r_כן":64,"r_ל":8,"r_מחל":4,"r_מרצ":131,"r_עם":3,"r_פה":192,"r_אחר":8,"max_party":"יש עתיד","color_general":"#FF8E3C","color_ynet":"#F90000","TOTAL_BZB":720}},{"type":"Feature","geometry":{"type":"Polygon","coordinates":[[[35.090466,32.897393],[35.103328,32.897393],[35.103328,32.908632],[35.090466,32.908632],[35.090466,32.897393],[35.090466,32.897393]]]},"id":289,"properties":{"r_סמל ועדה":6,"SHEM_YISHUV":"עין המפרץ","SEMEL_YISHUV":289,"r_בזב":733,"r_מצביעים":539,"r_פסולים":2,"r_כשרים":537,"r_אמת":78,"r_ט":6,"r_כן":67,"r_ל":5,"r_מחל":14,"r_מרצ":164,"r_פה":189,"r_אחר":14,"max_party":"יש עתיד","color_general":"#FF8E3C","color_ynet":"#F90000","TOTAL_BZB":733}},{"type":"Feature","geometry":{"type":"Polygon","coordinates":[[[35.495554,32.464935],[35.510078,32.464935],[35.510078,32.475011],[35.495554,32.475011],[35.495554,32.464935],[35.495554,32.464935]]]},"id":383,"properties":{"r_סמל ועדה":5,"SHEM_YISHUV":"עין הנצי\"ב","SEMEL_YISHUV":383,"r_בזב":438,"r_מצביעים":313,"r_פסולים":0,"r_כשרים":313,"r_אמת":7,"r_ג":2,"r_ט":81,"r_כן":63,"r_ל":2,"r_מחל":42,"r_מרצ":3,"r_פה":22,"r_שס":2,"r_אחר":89,"max_party":"אחר","color_general":"#A88461","color_ynet":"#5C97BF","TOTAL_BZB":438}},{"type":"Feature","geometry":{"type":"Polygon","coordinates":[[[35.077769,32.623562],[35.090537,32.623562],[35.090537,32.634579],[35.077769,32.634579],[35.077769,32.623562],[35.077769,32.623562]]]},"id":367,"properties":{"r_סמל ועדה":5,"SHEM_YISHUV":"עין העמק","SEMEL_YISHUV":367,"r_בזב":627,"r_מצביעים":497,"r_פסולים":0,"r_כשרים":497,"r_אמת":5,"r_ט":91,"r_כן":54,"r_ל":6,"r_מחל":249,"r_מרצ":11,"r_פה":46,"r_שס":29,"r_אחר":6,"max_party":"הליכוד","color_general":"#1C5BAD","color_ynet":"#1417AC","TOTAL_BZB":627}},{"type":"Feature","geometry":{"type":"Polygon","coordinates":[[[35.094015,32.588793],[35.107275,32.588793],[35.107275,32.602754],[35.094015,32.602754],[35.094015,32.588793],[35.094015,32.588793]]]},"id":270,"properties":{"r_סמל ועדה":5,"SHEM_YISHUV":"עין השופט","SEMEL_YISHUV":270,"r_בזב":909,"r_מצביעים":535,"r_פסולים":1,"r_כשרים":534,"r_אמת":116,"r_ט":6,"r_כן":64,"r_ל":25,"r_מחל":9,"r_מרצ":141,"r_פה":167,"r_אחר":6,"max_party":"יש עתיד","color_general":"#FF8E3C","color_ynet":"#F90000","TOTAL_BZB":909}},{"type":"Feature","geometry":{"type":"Polygon","coordinates":[[[34.39787,31.347077],[34.407339,31.347077],[34.407339,31.355203],[34.39787,31.355203],[34.39787,31.347077],[34.39787,31.347077]]]},"id":676,"properties":{"r_סמל ועדה":18,"SHEM_YISHUV":"עין השלושה","SEMEL_YISHUV":676,"r_בזב":299,"r_מצביעים":175,"r_פסולים":1,"r_כשרים":174,"r_אמת":22,"r_ט":12,"r_כן":19,"r_ל":5,"r_מחל":13,"r_מרצ":7,"r_פה":89,"r_שס":2,"r_אחר":5,"max_party":"יש עתיד","color_general":"#FF8E3C","color_ynet":"#F90000","TOTAL_BZB":299}},{"type":"Feature","geometry":{"type":"Polygon","coordinates":[[[34.919885,32.255914],[34.939657,32.255914],[34.939657,32.271699],[34.919885,32.271699],[34.919885,32.255914],[34.919885,32.255914]]]},"id":157,"properties":{"r_סמל ועדה":10,"SHEM_YISHUV":"עין ורד","SEMEL_YISHUV":157,"r_בזב":1157,"r_מצביעים":878,"r_פסולים":1,"r_כשרים":877,"r_אמת":99,"r_ט":13,"r_כן":157,"r_ל":20,"r_מחל":62,"r_מרצ":60,"r_פה":436,"r_אחר":30,"max_party":"יש עתיד","color_general":"#FF8E3C","color_ynet":"#F90000","TOTAL_BZB":1157}},{"type":"Feature","geometry":{"type":"Polygon","coordinates":[[[35.792408,33.093535],[35.799822,33.093535],[35.799822,33.098942],[35.792408,33.098942],[35.792408,33.093535],[35.792408,33.093535]]]},"id":4503,"properties":{"r_סמל ועדה":3,"SHEM_YISHUV":"עין זיוון","SEMEL_YISHUV":4503,"r_בזב":336,"r_מצביעים":231,"r_פסולים":1,"r_כשרים":230,"r_אמת":19,"r_ט":16,"r_כן":39,"r_ל":12,"r_מחל":21,"r_מרצ":14,"r_פה":101,"r_אחר":8,"max_party":"יש עתיד","color_general":"#FF8E3C","color_ynet":"#F90000","TOTAL_BZB":336}},{"type":"Feature","geometry":{"type":"Polygon","coordinates":[[[34.997735,32.689652],[35.00236,32.689652],[35.00236,32.692928],[34.997735,32.692928],[34.997735,32.689652],[34.997735,32.689652]]]},"id":1320,"properties":{"r_סמל ועדה":9,"SHEM_YISHUV":"עין חוד","SEMEL_YISHUV":1320,"r_בזב":206,"r_מצביעים":109,"r_פסולים":0,"r_כשרים":109,"r_ום":20,"r_כן":2,"r_מרצ":3,"r_עם":35,"r_פה":1,"r_אחר":48,"max_party":"אחר","color_general":"#F7C94C","color_ynet":"#FE9601","TOTAL_BZB":206}},{"type":"Feature","geometry":{"type":"Polygon","coordinates":[[[35.386706,32.559885],[35.395925,32.559885],[35.395925,32.571373],[35.386706,32.571373],[35.386706,32.559885],[35.386706,32.559885]]]},"id":89,"properties":{"r_סמל ועדה":5,"SHEM_YISHUV":"עין חרוד (איחוד)","SEMEL_YISHUV":89,"r_בזב":506,"r_מצביעים":365,"r_פסולים":2,"r_כשרים":363,"r_אמת":73,"r_ט":13,"r_כן":64,"r_ל":7,"r_מחל":11,"r_מרצ":23,"r_פה":165,"r_אחר":7,"max_party":"יש עתיד","color_general":"#FF8E3C","color_ynet":"#F90000","TOTAL_BZB":506}},{"type":"Feature","geometry":{"type":"Polygon","coordinates":[[[35.382907,32.551047],[35.397231,32.551047],[35.397231,32.562316],[35.382907,32.562316],[35.382907,32.551047],[35.382907,32.551047]]]},"id":82,"properties":{"r_סמל ועדה":5,"SHEM_YISHUV":"עין חרוד (מאוחד)","SEMEL_YISHUV":82,"r_בזב":694,"r_מצביעים":473,"r_פסולים":1,"r_כשרים":472,"r_אמת":100,"r_ג":3,"r_ט":10,"r_כן":102,"r_ל":10,"r_מחל":27,"r_מרצ":33,"r_פה":179,"r_אחר":8,"max_party":"יש עתיד","color_general":"#FF8E3C","color_ynet":"#F90000","TOTAL_BZB":694}},{"type":"Feature","geometry":{"type":"Polygon","coordinates":[[[35.230177,30.653256],[35.24332,30.653256],[35.24332,30.663555],[35.230177,30.663555],[35.230177,30.653256],[35.230177,30.653256]]]},"id":806,"properties":{"r_סמל ועדה":18,"SHEM_YISHUV":"עין יהב","SEMEL_YISHUV":806,"r_בזב":618,"r_מצביעים":425,"r_פסולים":2,"r_כשרים":423,"r_אמת":54,"r_ט":7,"r_כן":111,"r_ל":4,"r_מחל":29,"r_מרצ":29,"r_פה":168,"r_אחר":21,"max_party":"יש עתיד","color_general":"#FF8E3C","color_ynet":"#F90000","TOTAL_BZB":618}},{"type":"Feature","geometry":{"type":"Polygon","coordinates":[[[35.221028,33.005871],[35.23726,33.005871],[35.23726,33.01679],[35.221028,33.01679],[35.221028,33.005871],[35.221028,33.005871]]]},"id":813,"properties":{"r_סמל ועדה":6,"SHEM_YISHUV":"עין יעקב","SEMEL_YISHUV":813,"r_בזב":776,"r_מצביעים":611,"r_פסולים":2,"r_כשרים":609,"r_אמת":18,"r_ט":186,"r_כן":53,"r_ל":10,"r_מחל":212,"r_מרצ":11,"r_פה":62,"r_שס":33,"r_אחר":24,"max_party":"הליכוד","color_general":"#1C5BAD","color_ynet":"#1417AC","TOTAL_BZB":776}},{"type":"Feature","geometry":{"type":"Polygon","coordinates":[[[34.948108,32.673489],[34.958513,32.673489],[34.958513,32.6806],[34.948108,32.6806],[34.948108,32.673489],[34.948108,32.673489]]]},"id":426,"properties":{"r_סמל ועדה":9,"SHEM_YISHUV":"עין כרמל","SEMEL_YISHUV":426,"r_בזב":543,"r_מצביעים":405,"r_פסולים":0,"r_כשרים":405,"r_אמת":81,"r_ט":9,"r_כן":66,"r_ל":11,"r_מחל":15,"r_מרצ":36,"r_פה":177,"r_אחר":10,"max_party":"יש עתיד","color_general":"#FF8E3C","color_ynet":"#F90000","TOTAL_BZB":543}},{"type":"Feature","geometry":{"type":"Polygon","coordinates":[[[35.336947,32.704244],[35.376671,32.704244],[35.376671,32.732142],[35.336947,32.732142],[35.336947,32.704244],[35.336947,32.704244]]]},"id":532,"properties":{"r_סמל ועדה":5,"SHEM_YISHUV":"עין מאהל","SEMEL_YISHUV":532,"r_בזב":9688,"r_מצביעים":5044,"r_פסולים":43,"r_כשרים":5001,"r_ום":1751,"r_עם":1674,"r_שס":32,"r_אחר":1544,"max_party":"חד\"ש תע\"ל","color_general":"#58C879","color_ynet":"#FFC37B","TOTAL_BZB":9688}},{"type":"Feature","geometry":{"type":"Polygon","coordinates":[[[35.116631,31.790154],[35.131425,31.790154],[35.131425,31.796872],[35.116631,31.796872],[35.116631,31.790154],[35.116631,31.790154]]]},"id":521,"properties":{"r_סמל ועדה":2,"SHEM_YISHUV":"עין נקובא","SEMEL_YISHUV":521,"r_בזב":1866,"r_מצביעים":1103,"r_פסולים":7,"r_כשרים":1096,"r_אמת":7,"r_ום":655,"r_מחל":51,"r_עם":251,"r_פה":10,"r_אחר":122,"max_party":"חד\"ש תע\"ל","color_general":"#58C879","color_ynet":"#FFC37B","TOTAL_BZB":1866}},{"type":"Feature","geometry":{"type":"Polygon","coordinates":[[[35.005004,32.479605],[35.017246,32.479605],[35.017246,32.488066],[35.005004,32.488066],[35.005004,32.479605],[35.005004,32.479605]]]},"id":223,"properties":{"r_סמל ועדה":9,"SHEM_YISHUV":"עין עירון","SEMEL_YISHUV":223,"r_בזב":423,"r_מצביעים":320,"r_פסולים":0,"r_כשרים":320,"r_אמת":45,"r_ג":2,"r_ום":2,"r_ט":6,"r_כן":46,"r_ל":3,"r_מחל":24,"r_מרצ":31,"r_עם":3,"r_פה":149,"r_אחר":9,"max_party":"יש עתיד","color_general":"#FF8E3C","color_ynet":"#F90000","TOTAL_BZB":423}},{"type":"Feature","geometry":{"type":"Polygon","coordinates":[[[34.712933,31.690359],[34.725454,31.690359],[34.725454,31.700128],[34.712933,31.700128],[34.712933,31.690359],[34.712933,31.690359]]]},"id":622,"properties":{"r_סמל ועדה":17,"SHEM_YISHUV":"עין צורים","SEMEL_YISHUV":622,"r_בזב":470,"r_מצביעים":382,"r_פסולים":1,"r_כשרים":381,"r_אמת":13,"r_ג":6,"r_ט":100,"r_כן":79,"r_ל":3,"r_מחל":54,"r_מרצ":5,"r_פה":36,"r_שס":3,"r_אחר":82,"max_party":"הציונות הדתית","color_general":"#A88461","color_ynet":"#5C97BF","TOTAL_BZB":470}},{"type":"Feature","geometry":{"type":"Polygon","coordinates":[[[35.720107,33.225326],[35.748336,33.225326],[35.748336,33.252997],[35.720107,33.252997],[35.720107,33.225326],[35.720107,33.225326]]]},"id":4502,"properties":{"r_סמל ועדה":3,"SHEM_YISHUV":"עין קנייא","SEMEL_YISHUV":4502,"r_בזב":207,"r_מצביעים":31,"r_פסולים":0,"r_כשרים":31,"r_כן":1,"r_ל":2,"r_מחל":7,"r_מרצ":7,"r_פה":9,"r_שס":2,"r_אחר":3,"max_party":"יש עתיד","color_general":"#FF8E3C","color_ynet":"#F90000","TOTAL_BZB":207}},{"type":"Feature","geometry":{"type":"Polygon","coordinates":[[[35.107569,31.786758],[35.120147,31.786758],[35.120147,31.794729],[35.107569,31.794729],[35.107569,31.786758],[35.107569,31.786758]]]},"id":514,"properties":{"r_סמל ועדה":2,"SHEM_YISHUV":"עין ראפה","SEMEL_YISHUV":514,"r_בזב":723,"r_מצביעים":382,"r_פסולים":5,"r_כשרים":377,"r_אמת":5,"r_ום":61,"r_ט":2,"r_מחל":6,"r_מרצ":9,"r_עם":123,"r_פה":4,"r_אחר":167,"max_party":"אחר","color_general":"#F7C94C","color_ynet":"#FE9601","TOTAL_BZB":723}},{"type":"Feature","geometry":{"type":"Polygon","coordinates":[[[35.002596,32.45955],[35.013663,32.45955],[35.013663,32.46819],[35.002596,32.46819],[35.002596,32.45955],[35.002596,32.45955]]]},"id":139,"properties":{"r_סמל ועדה":9,"SHEM_YISHUV":"עין שמר","SEMEL_YISHUV":139,"r_בזב":646,"r_מצביעים":461,"r_פסולים":0,"r_כשרים":461,"r_אמת":71,"r_ום":3,"r_ט":12,"r_כן":41,"r_ל":6,"r_מחל":13,"r_מרצ":135,"r_פה":171,"r_אחר":9,"max_party":"יש עתיד","color_general":"#FF8E3C","color_ynet":"#F90000","TOTAL_BZB":646}},{"type":"Feature","geometry":{"type":"Polygon","coordinates":[[[34.931144,32.271066],[34.940673,32.271066],[34.940673,32.276132],[34.931144,32.276132],[34.931144,32.271066],[34.931144,32.271066]]]},"id":880,"properties":{"r_סמל ועדה":10,"SHEM_YISHUV":"עין שריד","SEMEL_YISHUV":880,"r_בזב":1112,"r_מצביעים":842,"r_פסולים":8,"r_כשרים":834,"r_אמת":44,"r_ג":12,"r_ט":86,"r_כן":116,"r_ל":19,"r_מחל":215,"r_מרצ":40,"r_פה":260,"r_שס":26,"r_אחר":16,"max_party":"יש עתיד","color_general":"#FF8E3C","color_ynet":"#F90000","TOTAL_BZB":1112}},{"type":"Feature","geometry":{"type":"Polygon","coordinates":[[[35.365331,30.939915],[35.377064,30.939915],[35.377064,30.945319],[35.365331,30.945319],[35.365331,30.939915],[35.365331,30.939915]]]},"id":1251,"properties":{"r_סמל ועדה":18,"SHEM_YISHUV":"עין תמר","SEMEL_YISHUV":1251,"r_בזב":158,"r_מצביעים":98,"r_פסולים":0,"r_כשרים":98,"r_אמת":4,"r_ג":1,"r_ט":7,"r_כן":24,"r_ל":2,"r_מחל":23,"r_פה":34,"r_אחר":3,"max_party":"יש עתיד","color_general":"#FF8E3C","color_ynet":"#F90000","TOTAL_BZB":158}},{"type":"Feature","geometry":{"type":"Polygon","coordinates":[[[34.933612,32.078655],[34.944363,32.078655],[34.944363,32.086306],[34.933612,32.086306],[34.933612,32.078655],[34.933612,32.078655]]]},"id":871,"properties":{"r_סמל ועדה":11,"SHEM_YISHUV":"עינת","SEMEL_YISHUV":871,"r_בזב":600,"r_מצביעים":479,"r_פסולים":1,"r_כשרים":478,"r_אמת":108,"r_ט":12,"r_כן":92,"r_ל":3,"r_מחל":40,"r_מרצ":64,"r_פה":147,"r_אחר":12,"max_party":"יש עתיד","color_general":"#FF8E3C","color_ynet":"#F90000","TOTAL_BZB":600}},{"type":"Feature","geometry":{"type":"Polygon","coordinates":[[[35.065883,32.886343],[35.112208,32.886343],[35.112208,32.948583],[35.065883,32.948583],[35.065883,32.886343],[35.065883,32.886343]]]},"id":7600,"properties":{"r_סמל ועדה":6,"SHEM_YISHUV":"עכו","SEMEL_YISHUV":7600,"r_בזב":43269,"r_מצביעים":25480,"r_פסולים":243,"r_כשרים":25237,"r_אמת":232,"r_ום":2773,"r_ט":2547,"r_כן":1002,"r_ל":1869,"r_מחל":8288,"r_מרצ":184,"r_עם":2032,"r_פה":1721,"r_שס":2265,"r_אחר":2324,"max_party":"הליכוד","color_general":"#1C5BAD","color_ynet":"#1417AC","TOTAL_BZB":43269}},{"type":"Feature","geometry":{"type":"Polygon","coordinates":[[[34.508376,31.447243],[34.519184,31.447243],[34.519184,31.455438],[34.508376,31.455438],[34.508376,31.447243],[34.508376,31.447243]]]},"id":1146,"properties":{"r_סמל ועדה":18,"SHEM_YISHUV":"עלומים","SEMEL_YISHUV":1146,"r_בזב":347,"r_מצביעים":249,"r_פסולים":3,"r_כשרים":246,"r_אמת":3,"r_ט":56,"r_כן":37,"r_מחל":52,"r_פה":21,"r_שס":4,"r_אחר":73,"max_party":"אחר","color_general":"#A88461","color_ynet":"#5C97BF","TOTAL_BZB":347}},{"type":"Feature","geometry":{"type":"Polygon","coordinates":[[[35.252201,32.065855],[35.270728,32.065855],[35.270728,32.076332],[35.252201,32.076332],[35.252201,32.065855],[35.252201,32.065855]]]},"id":3765,"properties":{"r_סמל ועדה":2,"SHEM_YISHUV":"עלי","SEMEL_YISHUV":3765,"r_בזב":2318,"r_מצביעים":1690,"r_פסולים":4,"r_כשרים":1686,"r_ג":12,"r_ט":1270,"r_ל":13,"r_מחל":261,"r_פה":14,"r_שס":33,"r_אחר":83,"max_party":"הציונות הדתית","color_general":"#A88461","color_ynet":"#5C97BF","TOTAL_BZB":2318}},{"type":"Feature","geometry":{"type":"Polygon","coordinates":[[[35.059086,32.07018],[35.066733,32.07018],[35.066733,32.074824],[35.059086,32.074824],[35.059086,32.07018],[35.059086,32.07018]]]},"id":3727,"properties":{"r_סמל ועדה":19,"SHEM_YISHUV":"עלי זהב","SEMEL_YISHUV":3727,"r_בזב":2056,"r_מצביעים":1718,"r_פסולים":1,"r_כשרים":1717,"r_ג":11,"r_ט":981,"r_כן":49,"r_ל":11,"r_מחל":349,"r_פה":25,"r_שס":35,"r_אחר":256,"max_party":"הציונות הדתית","color_general":"#A88461","color_ynet":"#5C97BF","TOTAL_BZB":2056}},{"type":"Feature","geometry":{"type":"Polygon","coordinates":[[[35.491788,33.043397],[35.507549,33.043397],[35.507549,33.058214],[35.491788,33.058214],[35.491788,33.043397],[35.491788,33.043397]]]},"id":688,"properties":{"r_סמל ועדה":3,"SHEM_YISHUV":"עלמה","SEMEL_YISHUV":688,"r_בזב":595,"r_מצביעים":461,"r_פסולים":3,"r_כשרים":458,"r_ג":3,"r_ט":123,"r_מחל":238,"r_פה":13,"r_שס":75,"r_אחר":6,"max_party":"הליכוד","color_general":"#1C5BAD","color_ynet":"#1417AC","TOTAL_BZB":595}},{"type":"Feature","geometry":{"type":"Polygon","coordinates":[[[35.291432,31.830724],[35.300531,31.830724],[35.300531,31.832806],[35.291432,31.832806],[35.291432,31.830724],[35.291432,31.830724]]]},"id":3715,"properties":{"r_סמל ועדה":2,"SHEM_YISHUV":"עלמון","SEMEL_YISHUV":3715,"r_בזב":1037,"r_מצביעים":779,"r_פסולים":8,"r_כשרים":771,"r_אמת":16,"r_ט":141,"r_כן":80,"r_ל":31,"r_מחל":371,"r_פה":85,"r_שס":15,"r_אחר":32,"max_party":"הליכוד","color_general":"#1C5BAD","color_ynet":"#1417AC","TOTAL_BZB":1037}},{"type":"Feature","geometry":{"type":"Polygon","coordinates":[[[35.522475,32.994308],[35.528075,32.994308],[35.528075,33.001255],[35.522475,33.001255],[35.522475,32.994308],[35.522475,32.994308]]]},"id":1212,"properties":{"r_סמל ועדה":3,"SHEM_YISHUV":"עמוקה","SEMEL_YISHUV":1212,"r_בזב":156,"r_מצביעים":104,"r_פסולים":0,"r_כשרים":104,"r_אמת":14,"r_ום":2,"r_ט":2,"r_כן":13,"r_ל":3,"r_מחל":11,"r_מרצ":22,"r_עם":1,"r_פה":34,"r_אחר":2,"max_party":"יש עתיד","color_general":"#FF8E3C","color_ynet":"#F90000","TOTAL_BZB":156}},{"type":"Feature","geometry":{"type":"Polygon","coordinates":[[[35.325308,32.043261],[35.32932,32.043261],[35.32932,32.048672],[35.325308,32.048672],[35.325308,32.043261],[35.325308,32.043261]]]},"id":3824,"properties":{"r_סמל ועדה":2,"SHEM_YISHUV":"עמיחי","SEMEL_YISHUV":3824,"r_בזב":100,"r_מצביעים":86,"r_פסולים":0,"r_כשרים":86,"r_ג":1,"r_ט":69,"r_מחל":14,"r_שס":1,"r_אחר":1,"max_party":"הציונות הדתית","color_general":"#A88461","color_ynet":"#5C97BF","TOTAL_BZB":100}},{"type":"Feature","geometry":{"type":"Polygon","coordinates":[[[35.13518,31.747994],[35.147135,31.747994],[35.147135,31.756435],[35.13518,31.756435],[35.13518,31.747994],[35.13518,31.747994]]]},"id":779,"properties":{"r_סמל ועדה":2,"SHEM_YISHUV":"עמינדב","SEMEL_YISHUV":779,"r_בזב":652,"r_מצביעים":467,"r_פסולים":4,"r_כשרים":463,"r_אמת":30,"r_ום":3,"r_ט":65,"r_כן":64,"r_ל":6,"r_מחל":149,"r_מרצ":33,"r_פה":89,"r_שס":15,"r_אחר":9,"max_party":"הליכוד","color_general":"#1C5BAD","color_ynet":"#1417AC","TOTAL_BZB":652}},{"type":"Feature","geometry":{"type":"Polygon","coordinates":[[[35.536635,32.92269],[35.544516,32.92269],[35.544516,32.933637],[35.536635,32.933637],[35.536635,32.92269],[35.536635,32.92269]]]},"id":385,"properties":{"r_סמל ועדה":3,"SHEM_YISHUV":"עמיעד","SEMEL_YISHUV":385,"r_בזב":473,"r_מצביעים":283,"r_פסולים":1,"r_כשרים":282,"r_אמת":44,"r_ום":2,"r_ט":4,"r_כן":57,"r_ל":4,"r_מחל":19,"r_מרצ":34,"r_פה":106,"r_אחר":12,"max_party":"יש עתיד","color_general":"#FF8E3C","color_ynet":"#F90000","TOTAL_BZB":473}},{"type":"Feature","geometry":{"type":"Polygon","coordinates":[[[34.405913,31.244035],[34.419959,31.244035],[34.419959,31.25415],[34.405913,31.25415],[34.405913,31.244035],[34.405913,31.244035]]]},"id":318,"properties":{"r_סמל ועדה":18,"SHEM_YISHUV":"עמיעוז","SEMEL_YISHUV":318,"r_בזב":223,"r_מצביעים":163,"r_פסולים":0,"r_כשרים":163,"r_אמת":1,"r_ג":1,"r_ט":12,"r_כן":21,"r_ל":3,"r_מחל":72,"r_מרצ":1,"r_פה":22,"r_שס":28,"r_אחר":2,"max_party":"הליכוד","color_general":"#1C5BAD","color_ynet":"#1417AC","TOTAL_BZB":223}},{"type":"Feature","geometry":{"type":"Polygon","coordinates":[[[35.012126,32.557236],[35.02885,32.557236],[35.02885,32.568399],[35.012126,32.568399],[35.012126,32.557236],[35.012126,32.557236]]]},"id":773,"properties":{"r_סמל ועדה":9,"SHEM_YISHUV":"עמיקם","SEMEL_YISHUV":773,"r_בזב":548,"r_מצביעים":394,"r_פסולים":0,"r_כשרים":394,"r_אמת":36,"r_ום":2,"r_ט":12,"r_כן":66,"r_ל":4,"r_מחל":61,"r_מרצ":45,"r_פה":154,"r_שס":2,"r_אחר":12,"max_party":"יש עתיד","color_general":"#FF8E3C","color_ynet":"#F90000","TOTAL_BZB":548}},{"type":"Feature","geometry":{"type":"Polygon","coordinates":[[[35.615959,33.171972],[35.625913,33.171972],[35.625913,33.182757],[35.615959,33.182757],[35.615959,33.171972],[35.615959,33.171972]]]},"id":319,"properties":{"r_סמל ועדה":3,"SHEM_YISHUV":"עמיר","SEMEL_YISHUV":319,"r_בזב":532,"r_מצביעים":375,"r_פסולים":0,"r_כשרים":375,"r_אמת":71,"r_ום":3,"r_ט":4,"r_כן":56,"r_ל":12,"r_מחל":18,"r_מרצ":94,"r_פה":110,"r_אחר":7,"max_party":"יש עתיד","color_general":"#FF8E3C","color_ynet":"#F90000","TOTAL_BZB":532}},{"type":"Feature","geometry":{"type":"Polygon","coordinates":[[[35.129637,32.158337],[35.146578,32.158337],[35.146578,32.16551],[35.129637,32.16551],[35.129637,32.158337],[35.129637,32.158337]]]},"id":3660,"properties":{"r_סמל ועדה":19,"SHEM_YISHUV":"עמנואל","SEMEL_YISHUV":3660,"r_בזב":2567,"r_מצביעים":1946,"r_פסולים":14,"r_כשרים":1932,"r_ג":662,"r_ט":390,"r_מחל":62,"r_שס":803,"r_אחר":15,"max_party":"ש\"ס","color_general":"#6C7CA5","color_ynet":"#995700","TOTAL_BZB":2567}},{"type":"Feature","geometry":{"type":"Polygon","coordinates":[[[35.150998,32.971748],[35.174101,32.971748],[35.174101,32.986294],[35.150998,32.986294],[35.150998,32.971748],[35.150998,32.971748]]]},"id":708,"properties":{"r_סמל ועדה":6,"SHEM_YISHUV":"עמקה","SEMEL_YISHUV":708,"r_בזב":610,"r_מצביעים":456,"r_פסולים":4,"r_כשרים":452,"r_אמת":6,"r_ג":18,"r_ט":102,"r_כן":38,"r_מחל":216,"r_מרצ":3,"r_פה":17,"r_שס":42,"r_אחר":10,"max_party":"הליכוד","color_general":"#1C5BAD","color_ynet":"#1417AC","TOTAL_BZB":610}},{"type":"Feature","geometry":{"type":"Polygon","coordinates":[[[35.122523,32.281995],[35.128767,32.281995],[35.128767,32.288998],[35.122523,32.288998],[35.122523,32.281995],[35.122523,32.281995]]]},"id":3712,"properties":{"r_סמל ועדה":10,"SHEM_YISHUV":"ענב","SEMEL_YISHUV":3712,"r_בזב":560,"r_מצביעים":459,"r_פסולים":0,"r_כשרים":459,"r_ט":290,"r_כן":5,"r_מחל":87,"r_שס":44,"r_אחר":33,"max_party":"הציונות הדתית","color_general":"#A88461","color_ynet":"#5C97BF","TOTAL_BZB":560}},{"type":"Feature","geometry":{"type":"Polygon","coordinates":[[[35.041448,32.696977],[35.086701,32.696977],[35.086701,32.73816],[35.041448,32.73816],[35.041448,32.696977],[35.041448,32.696977]]]},"id":534,"properties":{"r_סמל ועדה":8,"SHEM_YISHUV":"עספיא","SEMEL_YISHUV":534,"r_בזב":9560,"r_מצביעים":4947,"r_פסולים":54,"r_כשרים":4893,"r_אמת":138,"r_ום":373,"r_כן":1573,"r_ל":857,"r_מחל":164,"r_מרצ":416,"r_עם":275,"r_פה":433,"r_אחר":664,"max_party":"המחנה הממלכתי","color_general":"#6079FC","color_ynet":"#D600D6","TOTAL_BZB":9560}},{"type":"Feature","geometry":{"type":"Polygon","coordinates":[[[35.24743,32.57606],[35.374248,32.57606],[35.374248,32.641872],[35.24743,32.641872],[35.24743,32.57606],[35.24743,32.57606]]]},"id":7700,"properties":{"r_סמל ועדה":5,"SHEM_YISHUV":"עפולה","SEMEL_YISHUV":7700,"r_בזב":45870,"r_מצביעים":29022,"r_פסולים":220,"r_כשרים":28802,"r_אמת":444,"r_ג":1696,"r_ט":3543,"r_כן":2018,"r_ל":2239,"r_מחל":12240,"r_מרצ":181,"r_פה":3274,"r_שס":2475,"r_אחר":692,"max_party":"הליכוד","color_general":"#1C5BAD","color_ynet":"#1417AC","TOTAL_BZB":45870}},{"type":"Feature","geometry":{"type":"Polygon","coordinates":[[[35.246965,32.85988],[35.257324,32.85988],[35.257324,32.872311],[35.246965,32.872311],[35.246965,32.85988],[35.246965,32.85988]]]},"id":917,"properties":{"r_סמל ועדה":20,"SHEM_YISHUV":"עצמון שגב","SEMEL_YISHUV":917,"r_בזב":1003,"r_מצביעים":683,"r_פסולים":1,"r_כשרים":682,"r_אמת":79,"r_ט":12,"r_כן":96,"r_ל":11,"r_מחל":40,"r_מרצ":83,"r_פה":342,"r_אחר":19,"max_party":"יש עתיד","color_general":"#FF8E3C","color_ynet":"#F90000","TOTAL_BZB":1003}},{"type":"Feature","geometry":{"type":"Polygon","coordinates":[[[35.319403,32.836856],[35.361844,32.836856],[35.361844,32.874863],[35.319403,32.874863],[35.319403,32.836856],[35.319403,32.836856]]]},"id":531,"properties":{"r_סמל ועדה":20,"SHEM_YISHUV":"עראבה","SEMEL_YISHUV":531,"r_בזב":18203,"r_מצביעים":10352,"r_פסולים":63,"r_כשרים":10289,"r_ום":4508,"r_עם":2977,"r_אחר":2804,"max_party":"חד\"ש תע\"ל","color_general":"#58C879","color_ynet":"#FFC37B","TOTAL_BZB":18203}},{"type":"Feature","geometry":{"type":"Polygon","coordinates":[[[35.206629,33.081037],[35.23932,33.081037],[35.23932,33.099949],[35.206629,33.099949],[35.206629,33.081037],[35.206629,33.081037]]]},"id":1246,"properties":{"r_סמל ועדה":6,"SHEM_YISHUV":"עראמשה","SEMEL_YISHUV":1246,"r_בזב":1086,"r_מצביעים":505,"r_פסולים":2,"r_כשרים":503,"r_אמת":24,"r_ום":163,"r_כן":9,"r_מחל":51,"r_מרצ":3,"r_עם":184,"r_פה":32,"r_אחר":37,"max_party":"רע\"מ","color_general":"#F7C94C","color_ynet":"#FE9601","TOTAL_BZB":1086}},{"type":"Feature","geometry":{"type":"Polygon","coordinates":[[[35.285307,32.884994],[35.293912,32.884994],[35.293912,32.890499],[35.285307,32.890499],[35.285307,32.884994],[35.285307,32.884994]]]},"id":1335,"properties":{"r_סמל ועדה":20,"SHEM_YISHUV":"ערב אל נעים","SEMEL_YISHUV":1335,"r_בזב":579,"r_מצביעים":343,"r_פסולים":10,"r_כשרים":333,"r_אמת":35,"r_ום":43,"r_ל":4,"r_מחל":129,"r_מרצ":9,"r_עם":82,"r_אחר":31,"max_party":"הליכוד","color_general":"#1C5BAD","color_ynet":"#1417AC","TOTAL_BZB":579}},{"type":"Feature","geometry":{"type":"Polygon","coordinates":[[[35.110127,31.194626],[35.34817,31.194626],[35.34817,31.325181],[35.110127,31.325181],[35.110127,31.194626],[35.110127,31.194626]]]},"id":2560,"properties":{"r_סמל ועדה":18,"SHEM_YISHUV":"ערד","SEMEL_YISHUV":2560,"r_בזב":21746,"r_מצביעים":12406,"r_פסולים":87,"r_כשרים":12319,"r_אמת":240,"r_ג":3796,"r_ט":925,"r_כן":558,"r_ל":1866,"r_מחל":1953,"r_מרצ":148,"r_עם":89,"r_פה":2225,"r_שס":206,"r_אחר":313,"max_party":"יהדות התורה","color_general":"#49536B","color_ynet":"#683B04","TOTAL_BZB":21746}},{"type":"Feature","geometry":{"type":"Polygon","coordinates":[[[34.758683,31.725494],[34.784383,31.725494],[34.784383,31.745011],[34.758683,31.745011],[34.758683,31.725494],[34.758683,31.725494]]]},"id":593,"properties":{"r_סמל ועדה":17,"SHEM_YISHUV":"ערוגות","SEMEL_YISHUV":593,"r_בזב":695,"r_מצביעים":554,"r_פסולים":1,"r_כשרים":553,"r_אמת":43,"r_ט":41,"r_כן":127,"r_ל":6,"r_מחל":107,"r_מרצ":25,"r_פה":177,"r_שס":6,"r_אחר":21,"max_party":"יש עתיד","color_general":"#FF8E3C","color_ynet":"#F90000","TOTAL_BZB":695}},{"type":"Feature","geometry":{"type":"Polygon","coordinates":[[[35.064546,32.487399],[35.121908,32.487399],[35.121908,32.515339],[35.064546,32.515339],[35.064546,32.487399],[35.064546,32.487399]]]},"id":637,"properties":{"r_סמל ועדה":9,"SHEM_YISHUV":"ערערה","SEMEL_YISHUV":637,"r_בזב":14219,"r_מצביעים":7458,"r_פסולים":65,"r_כשרים":7393,"r_ום":1929,"r_כן":57,"r_מרצ":63,"r_עם":1859,"r_אחר":3485,"max_party":"אחר","color_general":"#58C879","color_ynet":"#FFC37B","TOTAL_BZB":14219}},{"type":"Feature","geometry":{"type":"Polygon","coordinates":[[[34.987536,31.140218],[35.048598,31.140218],[35.048598,31.175],[34.987536,31.175],[34.987536,31.140218],[34.987536,31.140218]]]},"id":1192,"properties":{"r_סמל ועדה":18,"SHEM_YISHUV":"ערערה-בנגב","SEMEL_YISHUV":1192,"r_בזב":9791,"r_מצביעים":5599,"r_פסולים":32,"r_כשרים":5567,"r_ום":142,"r_מחל":37,"r_עם":5127,"r_אחר":261,"max_party":"רע\"מ","color_general":"#F7C94C","color_ynet":"#FE9601","TOTAL_BZB":9791}},{"type":"Feature","geometry":{"type":"Polygon","coordinates":[[[34.741701,31.819759],[34.751802,31.819759],[34.751802,31.82862],[34.741701,31.82862],[34.741701,31.819759],[34.741701,31.819759]]]},"id":591,"properties":{"r_סמל ועדה":13,"SHEM_YISHUV":"עשרת","SEMEL_YISHUV":591,"r_בזב":881,"r_מצביעים":643,"r_פסולים":1,"r_כשרים":642,"r_אמת":48,"r_ג":4,"r_ט":17,"r_כן":106,"r_ל":15,"r_מחל":70,"r_מרצ":45,"r_פה":317,"r_אחר":20,"max_party":"יש עתיד","color_general":"#FF8E3C","color_ynet":"#F90000","TOTAL_BZB":881}},{"type":"Feature","geometry":{"type":"Polygon","coordinates":[[[34.931255,32.678433],[34.952306,32.678433],[34.952306,32.711338],[34.931255,32.711338],[34.931255,32.678433],[34.931255,32.678433]]]},"id":53,"properties":{"r_סמל ועדה":9,"SHEM_YISHUV":"עתלית","SEMEL_YISHUV":53,"r_בזב":6940,"r_מצביעים":5029,"r_פסולים":20,"r_כשרים":5009,"r_אמת":232,"r_ט":397,"r_כן":695,"r_ל":150,"r_מחל":1521,"r_מרצ":136,"r_פה":1467,"r_שס":224,"r_אחר":187,"max_party":"הליכוד","color_general":"#1C5BAD","color_ynet":"#1417AC","TOTAL_BZB":6940}},{"type":"Feature","geometry":{"type":"Polygon","coordinates":[[[35.025506,31.435858],[35.036105,31.435858],[35.036105,31.442191],[35.025506,31.442191],[35.025506,31.435858],[35.025506,31.435858]]]},"id":3748,"properties":{"r_סמל ועדה":2,"SHEM_YISHUV":"עתניאל","SEMEL_YISHUV":3748,"r_בזב":501,"r_מצביעים":346,"r_פסולים":0,"r_כשרים":346,"r_ג":3,"r_ט":246,"r_כן":3,"r_מחל":32,"r_פה":3,"r_שס":6,"r_אחר":53,"max_party":"הציונות הדתית","color_general":"#A88461","color_ynet":"#5C97BF","TOTAL_BZB":501}},{"type":"Feature","geometry":{"type":"Polygon","coordinates":[[[35.148334,30.356971],[35.163862,30.356971],[35.163862,30.370496],[35.148334,30.370496],[35.148334,30.356971],[35.148334,30.356971]]]},"id":1151,"properties":{"r_סמל ועדה":18,"SHEM_YISHUV":"פארן","SEMEL_YISHUV":1151,"r_בזב":398,"r_מצביעים":267,"r_פסולים":0,"r_כשרים":267,"r_אמת":36,"r_ט":5,"r_כן":70,"r_מחל":14,"r_מרצ":24,"r_פה":116,"r_אחר":2,"max_party":"יש עתיד","color_general":"#FF8E3C","color_ynet":"#F90000","TOTAL_BZB":398}},{"type":"Feature","geometry":{"type":"Polygon","coordinates":[[[35.046641,32.058673],[35.057397,32.058673],[35.057397,32.065661],[35.046641,32.065661],[35.046641,32.058673],[35.046641,32.058673]]]},"id":3768,"properties":{"r_סמל ועדה":19,"SHEM_YISHUV":"פדואל","SEMEL_YISHUV":3768,"r_בזב":1175,"r_מצביעים":974,"r_פסולים":0,"r_כשרים":974,"r_ט":761,"r_כן":14,"r_מחל":98,"r_שס":14,"r_אחר":87,"max_party":"הציונות הדתית","color_general":"#A88461","color_ynet":"#5C97BF","TOTAL_BZB":1175}},{"type":"Feature","geometry":{"type":"Polygon","coordinates":[[[34.598938,31.317793],[34.620548,31.317793],[34.620548,31.335008],[34.598938,31.335008],[34.598938,31.317793],[34.598938,31.317793]]]},"id":750,"properties":{"r_סמל ועדה":18,"SHEM_YISHUV":"פדויים","SEMEL_YISHUV":750,"r_בזב":347,"r_מצביעים":257,"r_פסולים":1,"r_כשרים":256,"r_אמת":4,"r_ג":6,"r_ט":63,"r_כן":23,"r_מחל":107,"r_מרצ":2,"r_פה":13,"r_שס":26,"r_אחר":12,"max_party":"הליכוד","color_general":"#1C5BAD","color_ynet":"#1417AC","TOTAL_BZB":347}},{"type":"Feature","geometry":{"type":"Polygon","coordinates":[[[34.874325,31.85159],[34.89041,31.85159],[34.89041,31.864067],[34.874325,31.864067],[34.874325,31.85159],[34.874325,31.85159]]]},"id":838,"properties":{"r_סמל ועדה":12,"SHEM_YISHUV":"פדיה","SEMEL_YISHUV":838,"r_בזב":612,"r_מצביעים":493,"r_פסולים":4,"r_כשרים":489,"r_אמת":10,"r_ט":73,"r_כן":30,"r_ל":7,"r_מחל":267,"r_מרצ":3,"r_פה":51,"r_שס":41,"r_אחר":7,"max_party":"הליכוד","color_general":"#1C5BAD","color_ynet":"#1417AC","TOTAL_BZB":612}},{"type":"Feature","geometry":{"type":"Polygon","coordinates":[[[35.539625,32.714742],[35.55016,32.714742],[35.55016,32.723367],[35.539625,32.723367],[35.539625,32.714742],[35.539625,32.714742]]]},"id":1104,"properties":{"r_סמל ועדה":4,"SHEM_YISHUV":"פורייה - כפר עבודה","SEMEL_YISHUV":1104,"r_בזב":287,"r_מצביעים":193,"r_פסולים":1,"r_כשרים":192,"r_ג":3,"r_ט":38,"r_כן":12,"r_מחל":103,"r_מרצ":1,"r_פה":12,"r_שס":8,"r_אחר":15,"max_party":"הליכוד","color_general":"#1C5BAD","color_ynet":"#1417AC","TOTAL_BZB":287}},{"type":"Feature","geometry":{"type":"Polygon","coordinates":[[[35.533319,32.736938],[35.541265,32.736938],[35.541265,32.750189],[35.533319,32.750189],[35.533319,32.736938],[35.533319,32.736938]]]},"id":1105,"properties":{"r_סמל ועדה":4,"SHEM_YISHUV":"פורייה - נווה עובד","SEMEL_YISHUV":1105,"r_בזב":1055,"r_מצביעים":726,"r_פסולים":0,"r_כשרים":726,"r_אמת":17,"r_ט":135,"r_כן":44,"r_ל":10,"r_מחל":393,"r_מרצ":4,"r_פה":45,"r_שס":42,"r_אחר":36,"max_party":"הליכוד","color_general":"#1C5BAD","color_ynet":"#1417AC","TOTAL_BZB":1055}},{"type":"Feature","geometry":{"type":"Polygon","coordinates":[[[35.540116,32.721457],[35.55191,32.721457],[35.55191,32.73792],[35.540116,32.73792],[35.540116,32.721457],[35.540116,32.721457]]]},"id":1313,"properties":{"r_סמל ועדה":4,"SHEM_YISHUV":"פורייה עילית","SEMEL_YISHUV":1313,"r_בזב":939,"r_מצביעים":608,"r_פסולים":4,"r_כשרים":604,"r_אמת":18,"r_ום":9,"r_ט":71,"r_כן":67,"r_ל":19,"r_מחל":259,"r_מרצ":13,"r_פה":89,"r_שס":26,"r_אחר":33,"max_party":"הליכוד","color_general":"#1C5BAD","color_ynet":"#1417AC","TOTAL_BZB":939}},{"type":"Feature","geometry":{"type":"Polygon","coordinates":[[[34.936244,32.586199],[34.970701,32.586199],[34.970701,32.61035],[34.936244,32.61035],[34.936244,32.586199],[34.936244,32.586199]]]},"id":537,"properties":{"r_סמל ועדה":9,"SHEM_YISHUV":"פוריידיס","SEMEL_YISHUV":537,"r_בזב":9208,"r_מצביעים":3566,"r_פסולים":35,"r_כשרים":3531,"r_אמת":26,"r_ום":1017,"r_כן":29,"r_מחל":26,"r_מרצ":92,"r_עם":1195,"r_פה":38,"r_אחר":1108,"max_party":"רע\"מ","color_general":"#F7C94C","color_ynet":"#FE9601","TOTAL_BZB":9208}},{"type":"Feature","geometry":{"type":"Polygon","coordinates":[[[34.941258,32.26736],[34.957464,32.26736],[34.957464,32.286392],[34.941258,32.286392],[34.941258,32.26736],[34.941258,32.26736]]]},"id":767,"properties":{"r_סמל ועדה":10,"SHEM_YISHUV":"פורת","SEMEL_YISHUV":767,"r_בזב":924,"r_מצביעים":685,"r_פסולים":4,"r_כשרים":681,"r_ג":9,"r_ט":195,"r_כן":15,"r_מחל":296,"r_פה":22,"r_שס":117,"r_אחר":27,"max_party":"הליכוד","color_general":"#1C5BAD","color_ynet":"#1417AC","TOTAL_BZB":924}},{"type":"Feature","geometry":{"type":"Polygon","coordinates":[[[34.537016,31.316966],[34.576361,31.316966],[34.576361,31.340914],[34.537016,31.340914],[34.537016,31.316966],[34.537016,31.316966]]]},"id":749,"properties":{"r_סמל ועדה":18,"SHEM_YISHUV":"פטיש","SEMEL_YISHUV":749,"r_בזב":683,"r_מצביעים":580,"r_פסולים":4,"r_כשרים":576,"r_אמת":5,"r_ג":5,"r_ט":107,"r_כן":37,"r_מחל":251,"r_פה":13,"r_שס":152,"r_אחר":6,"max_party":"הליכוד","color_general":"#1C5BAD","color_ynet":"#1417AC","TOTAL_BZB":683}},{"type":"Feature","geometry":{"type":"Polygon","coordinates":[[[35.231525,32.931942],[35.235,32.931942],[35.235,32.934784],[35.231525,32.934784],[35.231525,32.931942],[35.231525,32.931942]]]},"id":1185,"properties":{"r_סמל ועדה":6,"SHEM_YISHUV":"פלך","SEMEL_YISHUV":1185,"r_בזב":115,"r_מצביעים":98,"r_פסולים":1,"r_כשרים":97,"r_אמת":49,"r_ום":3,"r_כן":1,"r_ל":5,"r_מחל":1,"r_מרצ":29,"r_פה":8,"r_אחר":1,"max_party":"העבודה","color_general":"#FC6B60","color_ynet":"#B20404","TOTAL_BZB":115}},{"type":"Feature","geometry":{"type":"Polygon","coordinates":[[[34.701773,31.930912],[34.71165,31.930912],[34.71165,31.935948],[34.701773,31.935948],[34.701773,31.930912],[34.701773,31.930912]]]},"id":597,"properties":{"r_סמל ועדה":13,"SHEM_YISHUV":"פלמחים","SEMEL_YISHUV":597,"r_בזב":638,"r_מצביעים":455,"r_פסולים":1,"r_כשרים":454,"r_אמת":85,"r_ט":17,"r_כן":64,"r_ל":3,"r_מחל":42,"r_מרצ":64,"r_פה":168,"r_שס":3,"r_אחר":8,"max_party":"יש עתיד","color_general":"#FF8E3C","color_ynet":"#F90000","TOTAL_BZB":638}},{"type":"Feature","geometry":{"type":"Polygon","coordinates":[[[35.163464,31.482165],[35.166889,31.482165],[35.166889,31.488856],[35.163464,31.488856],[35.163464,31.482165],[35.163464,31.482165]]]},"id":3723,"properties":{"r_סמל ועדה":2,"SHEM_YISHUV":"פני חבר","SEMEL_YISHUV":3723,"r_בזב":267,"r_מצביעים":211,"r_פסולים":0,"r_כשרים":211,"r_ט":178,"r_כן":2,"r_מחל":21,"r_שס":5,"r_אחר":5,"max_party":"הציונות הדתית","color_general":"#A88461","color_ynet":"#5C97BF","TOTAL_BZB":267}},{"type":"Feature","geometry":{"type":"Polygon","coordinates":[[[35.22127,31.89495],[35.231275,31.89495],[35.231275,31.903699],[35.22127,31.903699],[35.22127,31.89495],[35.22127,31.89495]]]},"id":3659,"properties":{"r_סמל ועדה":2,"SHEM_YISHUV":"פסגות","SEMEL_YISHUV":3659,"r_בזב":1135,"r_מצביעים":904,"r_פסולים":3,"r_כשרים":901,"r_ט":718,"r_כן":8,"r_מחל":118,"r_שס":7,"r_אחר":50,"max_party":"הציונות הדתית","color_general":"#A88461","color_ynet":"#5C97BF","TOTAL_BZB":1135}},{"type":"Feature","geometry":{"type":"Polygon","coordinates":[[[35.282366,33.036566],[35.331385,33.036566],[35.331385,33.069607],[35.282366,33.069607],[35.282366,33.036566],[35.282366,33.036566]]]},"id":535,"properties":{"r_סמל ועדה":6,"SHEM_YISHUV":"פסוטה","SEMEL_YISHUV":535,"r_בזב":2701,"r_מצביעים":1256,"r_פסולים":11,"r_כשרים":1245,"r_אמת":15,"r_ום":400,"r_כן":54,"r_מחל":58,"r_מרצ":200,"r_עם":23,"r_פה":47,"r_אחר":448,"max_party":"אחר","color_general":"#58C879","color_ynet":"#FFC37B","TOTAL_BZB":2701}},{"type":"Feature","geometry":{"type":"Polygon","coordinates":[[[34.685752,31.431729],[34.699116,31.431729],[34.699116,31.446194],[34.685752,31.446194],[34.685752,31.431729],[34.685752,31.431729]]]},"id":2059,"properties":{"r_סמל ועדה":18,"SHEM_YISHUV":"פעמי תש\"ז","SEMEL_YISHUV":2059,"r_בזב":390,"r_מצביעים":308,"r_פסולים":0,"r_כשרים":308,"r_אמת":6,"r_ג":3,"r_ט":35,"r_כן":26,"r_ל":3,"r_מחל":130,"r_פה":12,"r_שס":87,"r_אחר":6,"max_party":"הליכוד","color_general":"#1C5BAD","color_ynet":"#1417AC","TOTAL_BZB":390}},{"type":"Feature","geometry":{"type":"Polygon","coordinates":[[[35.436688,32.040216],[35.446666,32.040216],[35.446666,32.047855],[35.436688,32.047855],[35.436688,32.040216],[35.436688,32.040216]]]},"id":3615,"properties":{"r_סמל ועדה":5,"SHEM_YISHUV":"פצאל","SEMEL_YISHUV":3615,"r_בזב":269,"r_מצביעים":209,"r_פסולים":0,"r_כשרים":209,"r_אמת":4,"r_ט":33,"r_כן":45,"r_ל":5,"r_מחל":73,"r_פה":39,"r_אחר":10,"max_party":"הליכוד","color_general":"#1C5BAD","color_ynet":"#1417AC","TOTAL_BZB":269}},{"type":"Feature","geometry":{"type":"Polygon","coordinates":[[[35.302987,32.958265],[35.344397,32.958265],[35.344397,32.996999],[35.302987,32.996999],[35.302987,32.958265],[35.302987,32.958265]]]},"id":536,"properties":{"r_סמל ועדה":6,"SHEM_YISHUV":"פקיעין (בוקייעה)","SEMEL_YISHUV":536,"r_בזב":4639,"r_מצביעים":2885,"r_פסולים":32,"r_כשרים":2853,"r_אמת":111,"r_ום":681,"r_כן":417,"r_ל":1070,"r_מחל":54,"r_מרצ":205,"r_עם":45,"r_פה":77,"r_אחר":193,"max_party":"ישראל ביתנו","color_general":"#69D1E5","color_ynet":"#FFA1A1","TOTAL_BZB":4639}},{"type":"Feature","geometry":{"type":"Polygon","coordinates":[[[35.316135,32.979057],[35.328611,32.979057],[35.328611,32.990097],[35.316135,32.990097],[35.316135,32.979057],[35.316135,32.979057]]]},"id":281,"properties":{"r_סמל ועדה":6,"SHEM_YISHUV":"פקיעין חדשה","SEMEL_YISHUV":281,"r_בזב":355,"r_מצביעים":282,"r_פסולים":1,"r_כשרים":281,"r_אמת":4,"r_ג":3,"r_ט":41,"r_כן":9,"r_מחל":135,"r_פה":7,"r_שס":77,"r_אחר":5,"max_party":"הליכוד","color_general":"#1C5BAD","color_ynet":"#1417AC","TOTAL_BZB":355}},{"type":"Feature","geometry":{"type":"Polygon","coordinates":[[[34.941856,32.444595],[35.014896,32.444595],[35.014896,32.50512],[34.941856,32.50512],[34.941856,32.444595],[34.941856,32.444595]]]},"id":7800,"properties":{"r_סמל ועדה":9,"SHEM_YISHUV":"פרדס חנה-כרכור","SEMEL_YISHUV":7800,"r_בזב":32011,"r_מצביעים":22231,"r_פסולים":89,"r_כשרים":22142,"r_אמת":1607,"r_ג":114,"r_ט":1862,"r_כן":2464,"r_ל":651,"r_מחל":6260,"r_מרצ":1231,"r_פה":5987,"r_שס":1096,"r_אחר":870,"max_party":"הליכוד","color_general":"#1C5BAD","color_ynet":"#1417AC","TOTAL_BZB":32011}},{"type":"Feature","geometry":{"type":"Polygon","coordinates":[[[34.900892,32.301614],[34.917983,32.301614],[34.917983,32.314157],[34.900892,32.314157],[34.900892,32.301614],[34.900892,32.301614]]]},"id":171,"properties":{"r_סמל ועדה":10,"SHEM_YISHUV":"פרדסייה","SEMEL_YISHUV":171,"r_בזב":5739,"r_מצביעים":4389,"r_פסולים":12,"r_כשרים":4377,"r_אמת":218,"r_ט":319,"r_כן":732,"r_ל":79,"r_מחל":998,"r_מרצ":133,"r_פה":1651,"r_שס":104,"r_אחר":143,"max_party":"יש עתיד","color_general":"#FF8E3C","color_ynet":"#F90000","TOTAL_BZB":5739}},{"type":"Feature","geometry":{"type":"Polygon","coordinates":[[[35.428583,32.928923],[35.437949,32.928923],[35.437949,32.93552],[35.428583,32.93552],[35.428583,32.928923],[35.428583,32.928923]]]},"id":599,"properties":{"r_סמל ועדה":3,"SHEM_YISHUV":"פרוד","SEMEL_YISHUV":599,"r_בזב":435,"r_מצביעים":301,"r_פסולים":4,"r_כשרים":297,"r_אמת":36,"r_ט":9,"r_כן":66,"r_ל":9,"r_מחל":28,"r_מרצ":19,"r_פה":119,"r_אחר":11,"max_party":"יש עתיד","color_general":"#FF8E3C","color_ynet":"#F90000","TOTAL_BZB":435}},{"type":"Feature","geometry":{"type":"Polygon","coordinates":[[[35.304442,32.538913],[35.317756,32.538913],[35.317756,32.550183],[35.304442,32.550183],[35.304442,32.538913],[35.304442,32.538913]]]},"id":2053,"properties":{"r_סמל ועדה":5,"SHEM_YISHUV":"פרזון","SEMEL_YISHUV":2053,"r_בזב":333,"r_מצביעים":243,"r_פסולים":2,"r_כשרים":241,"r_אמת":4,"r_ג":5,"r_ט":43,"r_כן":21,"r_ל":2,"r_מחל":125,"r_מרצ":2,"r_פה":13,"r_שס":19,"r_אחר":7,"max_party":"הליכוד","color_general":"#1C5BAD","color_ynet":"#1417AC","TOTAL_BZB":333}},{"type":"Feature","geometry":{"type":"Polygon","coordinates":[[[34.348787,31.216379],[34.362291,31.216379],[34.362291,31.228788],[34.348787,31.228788],[34.348787,31.216379],[34.348787,31.216379]]]},"id":1231,"properties":{"r_סמל ועדה":18,"SHEM_YISHUV":"פרי גן","SEMEL_YISHUV":1231,"r_בזב":177,"r_מצביעים":114,"r_פסולים":1,"r_כשרים":113,"r_אמת":6,"r_ט":19,"r_כן":11,"r_ל":1,"r_מחל":50,"r_מרצ":5,"r_פה":17,"r_שס":2,"r_אחר":2,"max_party":"הליכוד","color_general":"#1C5BAD","color_ynet":"#1417AC","TOTAL_BZB":177}},{"type":"Feature","geometry":{"type":"Polygon","coordinates":[[[34.845813,32.05413],[34.929104,32.05413],[34.929104,32.127144],[34.845813,32.127144],[34.845813,32.05413],[34.845813,32.05413]]]},"id":7900,"properties":{"r_סמל ועדה":11,"SHEM_YISHUV":"פתח תקווה","SEMEL_YISHUV":7900,"r_בזב":197815,"r_מצביעים":134128,"r_פסולים":691,"r_כשרים":133437,"r_אמת":3343,"r_ג":5900,"r_ט":18368,"r_כן":14176,"r_ל":8037,"r_מחל":37935,"r_מרצ":2083,"r_פה":26397,"r_שס":11932,"r_אחר":5266,"max_party":"הליכוד","color_general":"#1C5BAD","color_ynet":"#1417AC","TOTAL_BZB":197815}},{"type":"Feature","geometry":{"type":"Polygon","coordinates":[[[34.874987,31.861961],[34.892949,31.861961],[34.892949,31.874078],[34.874987,31.874078],[34.874987,31.861961],[34.874987,31.861961]]]},"id":839,"properties":{"r_סמל ועדה":12,"SHEM_YISHUV":"פתחיה","SEMEL_YISHUV":839,"r_בזב":639,"r_מצביעים":504,"r_פסולים":0,"r_כשרים":504,"r_אמת":9,"r_ט":77,"r_כן":83,"r_ל":4,"r_מחל":210,"r_מרצ":5,"r_פה":63,"r_שס":42,"r_אחר":11,"max_party":"הליכוד","color_general":"#1C5BAD","color_ynet":"#1417AC","TOTAL_BZB":639}},{"type":"Feature","geometry":{"type":"Polygon","coordinates":[[[34.528576,31.197874],[34.538858,31.197874],[34.538858,31.208271],[34.528576,31.208271],[34.528576,31.197874],[34.528576,31.197874]]]},"id":413,"properties":{"r_סמל ועדה":18,"SHEM_YISHUV":"צאלים","SEMEL_YISHUV":413,"r_בזב":390,"r_מצביעים":255,"r_פסולים":1,"r_כשרים":254,"r_אמת":46,"r_ום":2,"r_ט":10,"r_כן":54,"r_ל":3,"r_מחל":24,"r_מרצ":30,"r_פה":74,"r_אחר":11,"max_party":"יש עתיד","color_general":"#FF8E3C","color_ynet":"#F90000","TOTAL_BZB":390}},{"type":"Feature","geometry":{"type":"Polygon","coordinates":[[[35.327692,32.886351],[35.335517,32.886351],[35.335517,32.895546],[35.327692,32.895546],[35.327692,32.886351],[35.327692,32.886351]]]},"id":1180,"properties":{"r_סמל ועדה":20,"SHEM_YISHUV":"צביה","SEMEL_YISHUV":1180,"r_בזב":270,"r_מצביעים":190,"r_פסולים":2,"r_כשרים":188,"r_אמת":23,"r_ט":3,"r_כן":23,"r_ל":7,"r_מחל":10,"r_מרצ":23,"r_פה":84,"r_שס":2,"r_אחר":13,"max_party":"יש עתיד","color_general":"#FF8E3C","color_ynet":"#F90000","TOTAL_BZB":270}},{"type":"Feature","geometry":{"type":"Polygon","coordinates":[[[35.412354,33.021471],[35.420857,33.021471],[35.420857,33.029284],[35.412354,33.029284],[35.412354,33.021471],[35.412354,33.021471]]]},"id":1213,"properties":{"r_סמל ועדה":3,"SHEM_YISHUV":"צבעון","SEMEL_YISHUV":1213,"r_בזב":210,"r_מצביעים":153,"r_פסולים":1,"r_כשרים":152,"r_אמת":36,"r_ג":1,"r_ום":1,"r_ט":7,"r_כן":9,"r_ל":1,"r_מחל":9,"r_מרצ":32,"r_פה":38,"r_אחר":18,"max_party":"יש עתיד","color_general":"#FF8E3C","color_ynet":"#F90000","TOTAL_BZB":210}},{"type":"Feature","geometry":{"type":"Polygon","coordinates":[[[35.114204,31.779679],[35.12698,31.779679],[35.12698,31.786871],[35.114204,31.786871],[35.114204,31.779679],[35.114204,31.779679]]]},"id":465,"properties":{"r_סמל ועדה":2,"SHEM_YISHUV":"צובה","SEMEL_YISHUV":465,"r_בזב":612,"r_מצביעים":386,"r_פסולים":0,"r_כשרים":386,"r_אמת":126,"r_ט":5,"r_כן":61,"r_ל":5,"r_מחל":22,"r_מרצ":28,"r_פה":130,"r_אחר":9,"max_party":"יש עתיד","color_general":"#FF8E3C","color_ynet":"#F90000","TOTAL_BZB":612}},{"type":"Feature","geometry":{"type":"Polygon","coordinates":[[[34.417818,31.230532],[34.430612,31.230532],[34.430612,31.24225],[34.417818,31.24225],[34.417818,31.230532],[34.417818,31.230532]]]},"id":1136,"properties":{"r_סמל ועדה":18,"SHEM_YISHUV":"צוחר","SEMEL_YISHUV":1136,"r_בזב":466,"r_מצביעים":294,"r_פסולים":1,"r_כשרים":293,"r_אמת":4,"r_ט":43,"r_כן":29,"r_ל":3,"r_מחל":130,"r_מרצ":5,"r_פה":47,"r_שס":24,"r_אחר":8,"max_party":"הליכוד","color_general":"#1C5BAD","color_ynet":"#1417AC","TOTAL_BZB":466}},{"type":"Feature","geometry":{"type":"Polygon","coordinates":[[[35.005763,32.194223],[35.015172,32.194223],[35.015172,32.20421],[35.005763,32.20421],[35.005763,32.194223],[35.005763,32.194223]]]},"id":3791,"properties":{"r_סמל ועדה":19,"SHEM_YISHUV":"צופים","SEMEL_YISHUV":3791,"r_בזב":1574,"r_מצביעים":1206,"r_פסולים":3,"r_כשרים":1203,"r_אמת":17,"r_ט":450,"r_כן":94,"r_ל":17,"r_מחל":348,"r_מרצ":8,"r_פה":109,"r_שס":33,"r_אחר":127,"max_party":"הציונות הדתית","color_general":"#A88461","color_ynet":"#5C97BF","TOTAL_BZB":1574}},{"type":"Feature","geometry":{"type":"Polygon","coordinates":[[[34.912128,32.187121],[34.932598,32.187121],[34.932598,32.198247],[34.912128,32.198247],[34.912128,32.187121],[34.912128,32.187121]]]},"id":198,"properties":{"r_סמל ועדה":19,"SHEM_YISHUV":"צופית","SEMEL_YISHUV":198,"r_בזב":858,"r_מצביעים":628,"r_פסולים":0,"r_כשרים":628,"r_אמת":73,"r_ט":20,"r_כן":102,"r_ל":10,"r_מחל":48,"r_מרצ":52,"r_פה":306,"r_שס":8,"r_אחר":9,"max_party":"יש עתיד","color_general":"#FF8E3C","color_ynet":"#F90000","TOTAL_BZB":858}},{"type":"Feature","geometry":{"type":"Polygon","coordinates":[[[35.174139,30.55289],[35.187981,30.55289],[35.187981,30.566443],[35.174139,30.566443],[35.174139,30.55289],[35.174139,30.55289]]]},"id":1150,"properties":{"r_סמל ועדה":18,"SHEM_YISHUV":"צופר","SEMEL_YISHUV":1150,"r_בזב":383,"r_מצביעים":251,"r_פסולים":0,"r_כשרים":251,"r_אמת":20,"r_ט":9,"r_כן":87,"r_מחל":11,"r_מרצ":28,"r_פה":90,"r_אחר":6,"max_party":"יש עתיד","color_general":"#FF8E3C","color_ynet":"#F90000","TOTAL_BZB":383}},{"type":"Feature","geometry":{"type":"Polygon","coordinates":[[[34.857381,32.359041],[34.86112,32.359041],[34.86112,32.363271],[34.857381,32.363271],[34.857381,32.359041],[34.857381,32.359041]]]},"id":1102,"properties":{"r_סמל ועדה":10,"SHEM_YISHUV":"צוקי ים","SEMEL_YISHUV":1102,"r_בזב":193,"r_מצביעים":132,"r_פסולים":0,"r_כשרים":132,"r_אמת":11,"r_ג":1,"r_ום":1,"r_ט":6,"r_כן":20,"r_ל":4,"r_מחל":20,"r_מרצ":19,"r_פה":47,"r_שס":1,"r_אחר":2,"max_party":"יש עתיד","color_general":"#FF8E3C","color_ynet":"#F90000","TOTAL_BZB":193}},{"type":"Feature","geometry":{"type":"Polygon","coordinates":[[[35.162067,30.480371],[35.177317,30.480371],[35.177317,30.495617],[35.162067,30.495617],[35.162067,30.480371],[35.162067,30.480371]]]},"id":1262,"properties":{"r_סמל ועדה":18,"SHEM_YISHUV":"צוקים","SEMEL_YISHUV":1262,"r_בזב":222,"r_מצביעים":131,"r_פסולים":1,"r_כשרים":130,"r_אמת":25,"r_ג":1,"r_ט":11,"r_כן":11,"r_ל":2,"r_מחל":2,"r_מרצ":21,"r_פה":45,"r_שס":2,"r_אחר":10,"max_party":"יש עתיד","color_general":"#FF8E3C","color_ynet":"#F90000","TOTAL_BZB":222}},{"type":"Feature","geometry":{"type":"Polygon","coordinates":[[[35.085314,31.706917],[35.109476,31.706917],[35.109476,31.729456],[35.085314,31.729456],[35.085314,31.706917],[35.085314,31.706917]]]},"id":1113,"properties":{"r_סמל ועדה":2,"SHEM_YISHUV":"צור הדסה","SEMEL_YISHUV":1113,"r_בזב":6616,"r_מצביעים":4895,"r_פסולים":14,"r_כשרים":4881,"r_אמת":263,"r_ט":605,"r_כן":720,"r_ל":189,"r_מחל":1296,"r_מרצ":274,"r_פה":1126,"r_שס":106,"r_אחר":302,"max_party":"הליכוד","color_general":"#1C5BAD","color_ynet":"#1417AC","TOTAL_BZB":6616}},{"type":"Feature","geometry":{"type":"Polygon","coordinates":[[[34.99298,32.237873],[35.005358,32.237873],[35.005358,32.244802],[34.99298,32.244802],[34.99298,32.237873],[34.99298,32.237873]]]},"id":1345,"properties":{"r_סמל ועדה":19,"SHEM_YISHUV":"צור יצחק","SEMEL_YISHUV":1345,"r_בזב":3924,"r_מצביעים":3173,"r_פסולים":5,"r_כשרים":3168,"r_אמת":174,"r_ט":237,"r_כן":483,"r_ל":86,"r_מחל":566,"r_מרצ":103,"r_פה":1337,"r_שס":45,"r_אחר":137,"max_party":"יש עתיד","color_general":"#FF8E3C","color_ynet":"#F90000","TOTAL_BZB":3924}},{"type":"Feature","geometry":{"type":"Polygon","coordinates":[[[34.902439,32.289756],[34.922713,32.289756],[34.922713,32.303904],[34.902439,32.303904],[34.902439,32.289756],[34.902439,32.289756]]]},"id":276,"properties":{"r_סמל ועדה":10,"SHEM_YISHUV":"צור משה","SEMEL_YISHUV":276,"r_בזב":1967,"r_מצביעים":1479,"r_פסולים":2,"r_כשרים":1477,"r_אמת":132,"r_ט":45,"r_כן":260,"r_ל":21,"r_מחל":158,"r_מרצ":96,"r_פה":715,"r_שס":11,"r_אחר":39,"max_party":"יש עתיד","color_general":"#FF8E3C","color_ynet":"#F90000","TOTAL_BZB":1967}},{"type":"Feature","geometry":{"type":"Polygon","coordinates":[[[35.007837,32.238354],[35.017254,32.238354],[35.017254,32.242978],[35.007837,32.242978],[35.007837,32.238354],[35.007837,32.238354]]]},"id":1148,"properties":{"r_סמל ועדה":19,"SHEM_YISHUV":"צור נתן","SEMEL_YISHUV":1148,"r_בזב":228,"r_מצביעים":157,"r_פסולים":0,"r_כשרים":157,"r_אמת":8,"r_ט":10,"r_כן":30,"r_מחל":40,"r_מרצ":2,"r_פה":62,"r_שס":2,"r_אחר":3,"max_party":"יש עתיד","color_general":"#FF8E3C","color_ynet":"#F90000","TOTAL_BZB":228}},{"type":"Feature","geometry":{"type":"Polygon","coordinates":[[[35.305225,33.002628],[35.321197,33.002628],[35.321197,33.009615],[35.305225,33.009615],[35.305225,33.002628],[35.305225,33.002628]]]},"id":774,"properties":{"r_סמל ועדה":6,"SHEM_YISHUV":"צוריאל","SEMEL_YISHUV":774,"r_בזב":330,"r_מצביעים":224,"r_פסולים":0,"r_כשרים":224,"r_אמת":6,"r_ט":52,"r_כן":26,"r_מחל":111,"r_מרצ":2,"r_פה":7,"r_שס":16,"r_אחר":4,"max_party":"הליכוד","color_general":"#1C5BAD","color_ynet":"#1417AC","TOTAL_BZB":330}},{"type":"Feature","geometry":{"type":"Polygon","coordinates":[[[35.240392,32.89911],[35.259173,32.89911],[35.259173,32.908637],[35.240392,32.908637],[35.240392,32.89911],[35.240392,32.89911]]]},"id":1221,"properties":{"r_סמל ועדה":20,"SHEM_YISHUV":"צורית","SEMEL_YISHUV":1221,"r_בזב":755,"r_מצביעים":561,"r_פסולים":0,"r_כשרים":561,"r_אמת":46,"r_ט":20,"r_כן":113,"r_ל":19,"r_מחל":49,"r_מרצ":37,"r_פה":259,"r_אחר":18,"max_party":"יש עתיד","color_general":"#FF8E3C","color_ynet":"#F90000","TOTAL_BZB":755}},{"type":"Feature","geometry":{"type":"Polygon","coordinates":[[[35.270705,32.734351],[35.294581,32.734351],[35.294581,32.758511],[35.270705,32.758511],[35.270705,32.734351],[35.270705,32.734351]]]},"id":613,"properties":{"r_סמל ועדה":5,"SHEM_YISHUV":"ציפורי","SEMEL_YISHUV":613,"r_בזב":700,"r_מצביעים":485,"r_פסולים":0,"r_כשרים":485,"r_אמת":47,"r_ט":19,"r_כן":103,"r_ל":11,"r_מחל":61,"r_מרצ":32,"r_פה":190,"r_שס":3,"r_אחר":19,"max_party":"יש עתיד","color_general":"#FF8E3C","color_ynet":"#F90000","TOTAL_BZB":700}},{"type":"Feature","geometry":{"type":"Polygon","coordinates":[[[34.9239,31.797988],[34.939786,31.797988],[34.939786,31.810414],[34.9239,31.810414],[34.9239,31.797988],[34.9239,31.797988]]]},"id":796,"properties":{"r_סמל ועדה":2,"SHEM_YISHUV":"צלפון","SEMEL_YISHUV":796,"r_בזב":696,"r_מצביעים":538,"r_פסולים":2,"r_כשרים":536,"r_אמת":10,"r_ג":5,"r_ט":104,"r_כן":57,"r_ל":4,"r_מחל":254,"r_פה":45,"r_שס":45,"r_אחר":12,"max_party":"הליכוד","color_general":"#1C5BAD","color_ynet":"#1417AC","TOTAL_BZB":696}},{"type":"Feature","geometry":{"type":"Polygon","coordinates":[[[35.316991,32.518772],[35.330265,32.518772],[35.330265,32.527684],[35.316991,32.527684],[35.316991,32.518772],[35.316991,32.518772]]]},"id":636,"properties":{"r_סמל ועדה":5,"SHEM_YISHUV":"צנדלה","SEMEL_YISHUV":636,"r_בזב":1318,"r_מצביעים":483,"r_פסולים":7,"r_כשרים":476,"r_ום":115,"r_מרצ":3,"r_עם":125,"r_אחר":233,"max_party":"אחר","color_general":"#F7C94C","color_ynet":"#FE9601","TOTAL_BZB":1318}},{"type":"Feature","geometry":{"type":"Polygon","coordinates":[[[34.846527,31.995641],[34.864933,31.995641],[34.864933,32.009547],[34.846527,32.009547],[34.846527,31.995641],[34.846527,31.995641]]]},"id":594,"properties":{"r_סמל ועדה":12,"SHEM_YISHUV":"צפרייה","SEMEL_YISHUV":594,"r_בזב":553,"r_מצביעים":439,"r_פסולים":0,"r_כשרים":439,"r_אמת":5,"r_ג":13,"r_ט":185,"r_כן":44,"r_ל":3,"r_מחל":89,"r_פה":17,"r_שס":32,"r_אחר":51,"max_party":"הציונות הדתית","color_general":"#A88461","color_ynet":"#5C97BF","TOTAL_BZB":553}},{"type":"Feature","geometry":{"type":"Polygon","coordinates":[[[34.938366,31.655515],[34.947209,31.655515],[34.947209,31.663985],[34.938366,31.663985],[34.938366,31.655515],[34.938366,31.655515]]]},"id":1079,"properties":{"r_סמל ועדה":2,"SHEM_YISHUV":"צפרירים","SEMEL_YISHUV":1079,"r_בזב":332,"r_מצביעים":226,"r_פסולים":0,"r_כשרים":226,"r_אמת":14,"r_ום":2,"r_ט":32,"r_כן":17,"r_ל":7,"r_מחל":58,"r_מרצ":19,"r_פה":45,"r_שס":24,"r_אחר":8,"max_party":"הליכוד","color_general":"#1C5BAD","color_ynet":"#1417AC","TOTAL_BZB":332}},{"type":"Feature","geometry":{"type":"Polygon","coordinates":[[[35.455395,32.927502],[35.537956,32.927502],[35.537956,32.988773],[35.455395,32.988773],[35.455395,32.927502],[35.455395,32.927502]]]},"id":8000,"properties":{"r_סמל ועדה":3,"SHEM_YISHUV":"צפת","SEMEL_YISHUV":8000,"r_בזב":24148,"r_מצביעים":14550,"r_פסולים":81,"r_כשרים":14469,"r_אמת":75,"r_ג":2255,"r_ום":87,"r_ט":3102,"r_כן":366,"r_ל":586,"r_מחל":4037,"r_פה":467,"r_שס":3093,"r_אחר":401,"max_party":"הליכוד","color_general":"#1C5BAD","color_ynet":"#1417AC","TOTAL_BZB":24148}},{"type":"Feature","geometry":{"type":"Polygon","coordinates":[[[34.936475,32.642866],[34.959223,32.642866],[34.959223,32.654214],[34.936475,32.654214],[34.936475,32.642866],[34.936475,32.642866]]]},"id":612,"properties":{"r_סמל ועדה":9,"SHEM_YISHUV":"צרופה","SEMEL_YISHUV":612,"r_בזב":747,"r_מצביעים":554,"r_פסולים":0,"r_כשרים":554,"r_אמת":17,"r_ג":10,"r_ט":101,"r_כן":98,"r_ל":7,"r_מחל":174,"r_מרצ":9,"r_פה":100,"r_שס":19,"r_אחר":19,"max_party":"הליכוד","color_general":"#1C5BAD","color_ynet":"#1417AC","TOTAL_BZB":747}},{"type":"Feature","geometry":{"type":"Polygon","coordinates":[[[34.963403,31.757957],[34.976412,31.757957],[34.976412,31.766195],[34.963403,31.766195],[34.963403,31.757957],[34.963403,31.757957]]]},"id":567,"properties":{"r_סמל ועדה":2,"SHEM_YISHUV":"צרעה","SEMEL_YISHUV":567,"r_בזב":836,"r_מצביעים":545,"r_פסולים":1,"r_כשרים":544,"r_אמת":162,"r_ט":3,"r_כן":68,"r_ל":10,"r_מחל":25,"r_מרצ":75,"r_עם":31,"r_פה":157,"r_אחר":13,"max_party":"העבודה","color_general":"#FC6B60","color_ynet":"#B20404","TOTAL_BZB":836}},{"type":"Feature","geometry":{"type":"Polygon","coordinates":[[[35.164501,31.235248],[35.174421,31.235248],[35.174421,31.241916],[35.164501,31.241916],[35.164501,31.235248],[35.164501,31.235248]]]},"id":1234,"properties":{"r_סמל ועדה":18,"SHEM_YISHUV":"קבועה (שבט)","SEMEL_YISHUV":1234,"r_בזב":822,"r_מצביעים":341,"r_פסולים":1,"r_כשרים":340,"r_אמת":2,"r_ום":16,"r_מחל":3,"r_עם":308,"r_פה":2,"r_אחר":9,"max_party":"רע\"מ","color_general":"#F7C94C","color_ynet":"#FE9601","TOTAL_BZB":822}},{"type":"Feature","geometry":{"type":"Polygon","coordinates":[[[34.71239,31.811161],[34.728263,31.811161],[34.728263,31.82202],[34.71239,31.82202],[34.71239,31.811161],[34.71239,31.811161]]]},"id":334,"properties":{"r_סמל ועדה":13,"SHEM_YISHUV":"קבוצת יבנה","SEMEL_YISHUV":334,"r_בזב":598,"r_מצביעים":415,"r_פסולים":1,"r_כשרים":414,"r_אמת":14,"r_ט":63,"r_כן":132,"r_ל":4,"r_מחל":61,"r_מרצ":7,"r_פה":47,"r_שס":4,"r_אחר":82,"max_party":"המחנה הממלכתי","color_general":"#6079FC","color_ynet":"#D600D6","TOTAL_BZB":598}},{"type":"Feature","geometry":{"type":"Polygon","coordinates":[[[35.152836,32.204616],[35.166839,32.204616],[35.166839,32.232735],[35.152836,32.232735],[35.152836,32.204616],[35.152836,32.204616]]]},"id":3557,"properties":{"r_סמל ועדה":19,"SHEM_YISHUV":"קדומים","SEMEL_YISHUV":3557,"r_בזב":2715,"r_מצביעים":2064,"r_פסולים":4,"r_כשרים":2060,"r_ג":15,"r_ט":1497,"r_כן":15,"r_מחל":334,"r_שס":38,"r_אחר":161,"max_party":"הציונות הדתית","color_general":"#A88461","color_ynet":"#5C97BF","TOTAL_BZB":2715}},{"type":"Feature","geometry":{"type":"Polygon","coordinates":[[[34.889278,32.265464],[34.953454,32.265464],[34.953454,32.299134],[34.889278,32.299134],[34.889278,32.265464],[34.889278,32.265464]]]},"id":195,"properties":{"r_סמל ועדה":10,"SHEM_YISHUV":"קדימה-צורן","SEMEL_YISHUV":195,"r_בזב":16165,"r_מצביעים":11997,"r_פסולים":35,"r_כשרים":11962,"r_אמת":765,"r_ט":877,"r_כן":1594,"r_ל":347,"r_מחל":2479,"r_מרצ":431,"r_פה":4499,"r_שס":659,"r_אחר":311,"max_party":"יש עתיד","color_general":"#FF8E3C","color_ynet":"#F90000","TOTAL_BZB":16165}},{"type":"Feature","geometry":{"type":"Polygon","coordinates":[[[35.6919,33.027672],[35.706838,33.027672],[35.706838,33.033583],[35.6919,33.033583],[35.6919,33.027672],[35.6919,33.027672]]]},"id":4025,"properties":{"r_סמל ועדה":3,"SHEM_YISHUV":"קדמת צבי","SEMEL_YISHUV":4025,"r_בזב":431,"r_מצביעים":294,"r_פסולים":3,"r_כשרים":291,"r_אמת":22,"r_ט":19,"r_כן":58,"r_ל":3,"r_מחל":65,"r_מרצ":10,"r_פה":99,"r_אחר":15,"max_party":"יש עתיד","color_general":"#FF8E3C","color_ynet":"#F90000","TOTAL_BZB":431}},{"type":"Feature","geometry":{"type":"Polygon","coordinates":[[[35.305867,31.751742],[35.314971,31.751742],[35.314971,31.756409],[35.305867,31.756409],[35.305867,31.751742],[35.305867,31.751742]]]},"id":3781,"properties":{"r_סמל ועדה":2,"SHEM_YISHUV":"קדר","SEMEL_YISHUV":3781,"r_בזב":1084,"r_מצביעים":755,"r_פסולים":2,"r_כשרים":753,"r_אמת":6,"r_ט":223,"r_כן":36,"r_ל":8,"r_מחל":372,"r_פה":52,"r_שס":46,"r_אחר":10,"max_party":"הליכוד","color_general":"#1C5BAD","color_ynet":"#1417AC","TOTAL_BZB":1084}},{"type":"Feature","geometry":{"type":"Polygon","coordinates":[[[34.775884,31.803013],[34.813826,31.803013],[34.813826,31.827545],[34.775884,31.827545],[34.775884,31.803013],[34.775884,31.803013]]]},"id":615,"properties":{"r_סמל ועדה":13,"SHEM_YISHUV":"קדרון","SEMEL_YISHUV":615,"r_בזב":1230,"r_מצביעים":920,"r_פסולים":2,"r_כשרים":918,"r_אמת":93,"r_ט":25,"r_כן":166,"r_ל":23,"r_מחל":62,"r_מרצ":73,"r_פה":438,"r_שס":6,"r_אחר":32,"max_party":"יש עתיד","color_general":"#FF8E3C","color_ynet":"#F90000","TOTAL_BZB":1230}},{"type":"Feature","geometry":{"type":"Polygon","coordinates":[[[35.469548,32.892402],[35.479767,32.892402],[35.479767,32.902412],[35.469548,32.902412],[35.469548,32.892402],[35.469548,32.892402]]]},"id":1211,"properties":{"r_סמל ועדה":3,"SHEM_YISHUV":"קדרים","SEMEL_YISHUV":1211,"r_בזב":208,"r_מצביעים":136,"r_פסולים":0,"r_כשרים":136,"r_אמת":32,"r_ט":6,"r_כן":18,"r_מחל":11,"r_מרצ":13,"r_פה":52,"r_אחר":4,"max_party":"יש עתיד","color_general":"#FF8E3C","color_ynet":"#F90000","TOTAL_BZB":208}},{"type":"Feature","geometry":{"type":"Polygon","coordinates":[[[35.111355,31.292224],[35.124528,31.292224],[35.124528,31.299054],[35.111355,31.299054],[35.111355,31.292224],[35.111355,31.292224]]]},"id":964,"properties":{"r_סמל ועדה":18,"SHEM_YISHUV":"קודיירת א-צאנע (שבט)","SEMEL_YISHUV":964,"r_בזב":1512,"r_מצביעים":345,"r_פסולים":5,"r_כשרים":340,"r_אמת":2,"r_ום":35,"r_מחל":3,"r_מרצ":3,"r_עם":273,"r_פה":2,"r_שס":2,"r_אחר":20,"max_party":"רע\"מ","color_general":"#F7C94C","color_ynet":"#FE9601","TOTAL_BZB":1512}},{"type":"Feature","geometry":{"type":"Polygon","coordinates":[[[35.023411,31.320229],[35.030868,31.320229],[35.030868,31.32751],[35.023411,31.32751],[35.023411,31.320229],[35.023411,31.320229]]]},"id":972,"properties":{"r_סמל ועדה":18,"SHEM_YISHUV":"קוואעין (שבט)","SEMEL_YISHUV":972,"r_בזב":554,"r_מצביעים":139,"r_פסולים":0,"r_כשרים":139,"r_ום":79,"r_ט":1,"r_מחל":9,"r_מרצ":2,"r_עם":45,"r_שס":1,"r_אחר":2,"max_party":"חד\"ש תע\"ל","color_general":"#58C879","color_ynet":"#FFC37B","TOTAL_BZB":554}},{"type":"Feature","geometry":{"type":"Polygon","coordinates":[[[34.720291,31.655606],[34.738894,31.655606],[34.738894,31.670466],[34.720291,31.670466],[34.720291,31.655606],[34.720291,31.655606]]]},"id":766,"properties":{"r_סמל ועדה":17,"SHEM_YISHUV":"קוממיות","SEMEL_YISHUV":766,"r_בזב":258,"r_מצביעים":205,"r_פסולים":0,"r_כשרים":205,"r_ג":192,"r_ט":4,"r_שס":8,"max_party":"יהדות התורה","color_general":"#49536B","color_ynet":"#683B04","TOTAL_BZB":258}},{"type":"Feature","geometry":{"type":"Polygon","coordinates":[[[35.24676,32.838736],[35.257492,32.838736],[35.257492,32.848748],[35.24676,32.848748],[35.24676,32.838736],[35.24676,32.838736]]]},"id":1179,"properties":{"r_סמל ועדה":20,"SHEM_YISHUV":"קורנית","SEMEL_YISHUV":1179,"r_בזב":656,"r_מצביעים":469,"r_פסולים":1,"r_כשרים":468,"r_אמת":61,"r_ום":5,"r_ט":7,"r_כן":68,"r_ל":7,"r_מחל":36,"r_מרצ":64,"r_פה":210,"r_אחר":10,"max_party":"יש עתיד","color_general":"#FF8E3C","color_ynet":"#F90000","TOTAL_BZB":656}},{"type":"Feature","geometry":{"type":"Polygon","coordinates":[[[35.058749,29.965981],[35.065072,29.965981],[35.065072,29.972664],[35.058749,29.972664],[35.058749,29.965981],[35.058749,29.965981]]]},"id":1052,"properties":{"r_סמל ועדה":18,"SHEM_YISHUV":"קטורה","SEMEL_YISHUV":1052,"r_בזב":453,"r_מצביעים":223,"r_פסולים":1,"r_כשרים":222,"r_אמת":61,"r_ום":2,"r_ט":7,"r_כן":16,"r_ל":10,"r_מחל":6,"r_מרצ":32,"r_פה":76,"r_אחר":12,"max_party":"יש עתיד","color_general":"#FF8E3C","color_ynet":"#F90000","TOTAL_BZB":453}},{"type":"Feature","geometry":{"type":"Polygon","coordinates":[[[34.890175,32.481341],[34.918535,32.481341],[34.918535,32.530522],[34.890175,32.530522],[34.890175,32.481341],[34.890175,32.481341]]]},"id":1167,"properties":{"r_סמל ועדה":9,"SHEM_YISHUV":"קיסריה","SEMEL_YISHUV":1167,"r_בזב":5448,"r_מצביעים":3457,"r_פסולים":10,"r_כשרים":3447,"r_אמת":147,"r_ט":158,"r_כן":545,"r_ל":107,"r_מחל":864,"r_מרצ":154,"r_פה":1323,"r_שס":47,"r_אחר":102,"max_party":"יש עתיד","color_general":"#FF8E3C","color_ynet":"#F90000","TOTAL_BZB":5448}},{"type":"Feature","geometry":{"type":"Polygon","coordinates":[[[34.669803,31.434748],[34.696611,31.434748],[34.696611,31.4585],[34.669803,31.4585],[34.669803,31.434748],[34.669803,31.434748]]]},"id":414,"properties":{"r_סמל ועדה":18,"SHEM_YISHUV":"קלחים","SEMEL_YISHUV":414,"r_בזב":383,"r_מצביעים":299,"r_פסולים":1,"r_כשרים":298,"r_אמת":23,"r_ט":34,"r_כן":41,"r_מחל":85,"r_מרצ":24,"r_פה":65,"r_שס":18,"r_אחר":8,"max_party":"הליכוד","color_general":"#1C5BAD","color_ynet":"#1417AC","TOTAL_BZB":383}},{"type":"Feature","geometry":{"type":"Polygon","coordinates":[[[35.460636,31.746766],[35.469814,31.746766],[35.469814,31.755825],[35.460636,31.755825],[35.460636,31.746766],[35.460636,31.746766]]]},"id":3601,"properties":{"r_סמל ועדה":2,"SHEM_YISHUV":"קליה","SEMEL_YISHUV":3601,"r_בזב":339,"r_מצביעים":237,"r_פסולים":0,"r_כשרים":237,"r_אמת":10,"r_ט":27,"r_כן":54,"r_ל":10,"r_מחל":46,"r_מרצ":2,"r_פה":78,"r_אחר":10,"max_party":"יש עתיד","color_general":"#FF8E3C","color_ynet":"#F90000","TOTAL_BZB":339}},{"type":"Feature","geometry":{"type":"Polygon","coordinates":[[[34.957273,32.277206],[34.998685,32.277206],[34.998685,32.308955],[34.957273,32.308955],[34.957273,32.277206],[34.957273,32.277206]]]},"id":638,"properties":{"r_סמל ועדה":10,"SHEM_YISHUV":"קלנסווה","SEMEL_YISHUV":638,"r_בזב":15420,"r_מצביעים":8369,"r_פסולים":79,"r_כשרים":8290,"r_ום":3444,"r_כן":55,"r_מחל":43,"r_מרצ":63,"r_עם":1917,"r_אחר":2768,"max_party":"חד\"ש תע\"ל","color_general":"#58C879","color_ynet":"#FFC37B","TOTAL_BZB":15420}},{"type":"Feature","geometry":{"type":"Polygon","coordinates":[[[35.680413,33.128316],[35.693254,33.128316],[35.693254,33.135244],[35.680413,33.135244],[35.680413,33.128316],[35.680413,33.128316]]]},"id":4024,"properties":{"r_סמל ועדה":3,"SHEM_YISHUV":"קלע","SEMEL_YISHUV":4024,"r_בזב":301,"r_מצביעים":192,"r_פסולים":2,"r_כשרים":190,"r_אמת":14,"r_ג":3,"r_ט":21,"r_כן":23,"r_ל":9,"r_מחל":43,"r_מרצ":9,"r_פה":50,"r_אחר":18,"max_party":"יש עתיד","color_general":"#FF8E3C","color_ynet":"#F90000","TOTAL_BZB":301}},{"type":"Feature","geometry":{"type":"Polygon","coordinates":[[[35.093703,32.475384],[35.126195,32.475384],[35.126195,32.491318],[35.093703,32.491318],[35.093703,32.475384],[35.093703,32.475384]]]},"id":1243,"properties":{"r_סמל ועדה":9,"SHEM_YISHUV":"קציר","SEMEL_YISHUV":1243,"r_בזב":2310,"r_מצביעים":1494,"r_פסולים":5,"r_כשרים":1489,"r_אמת":148,"r_ום":20,"r_ט":74,"r_כן":204,"r_ל":73,"r_מחל":242,"r_מרצ":100,"r_פה":534,"r_שס":12,"r_אחר":82,"max_party":"יש עתיד","color_general":"#FF8E3C","color_ynet":"#F90000","TOTAL_BZB":2310}},{"type":"Feature","geometry":{"type":"Polygon","coordinates":[[[34.973789,31.063665],[34.994829,31.063665],[34.994829,31.100006],[34.973789,31.100006],[34.973789,31.063665],[34.973789,31.063665]]]},"id":1347,"properties":{"r_סמל ועדה":18,"SHEM_YISHUV":"קצר א-סר","SEMEL_YISHUV":1347,"r_בזב":1409,"r_מצביעים":1060,"r_פסולים":7,"r_כשרים":1053,"r_ום":14,"r_עם":1017,"r_אחר":22,"max_party":"רע\"מ","color_general":"#F7C94C","color_ynet":"#FE9601","TOTAL_BZB":1409}},{"type":"Feature","geometry":{"type":"Polygon","coordinates":[[[35.671596,32.97472],[35.718571,32.97472],[35.718571,33.007465],[35.671596,33.007465],[35.671596,32.97472],[35.671596,32.97472]]]},"id":4100,"properties":{"r_סמל ועדה":3,"SHEM_YISHUV":"קצרין","SEMEL_YISHUV":4100,"r_בזב":6578,"r_מצביעים":3588,"r_פסולים":32,"r_כשרים":3556,"r_אמת":63,"r_ט":767,"r_כן":245,"r_ל":438,"r_מחל":1094,"r_מרצ":33,"r_פה":590,"r_שס":137,"r_אחר":189,"max_party":"הליכוד","color_general":"#1C5BAD","color_ynet":"#1417AC","TOTAL_BZB":6578}},{"type":"Feature","geometry":{"type":"Polygon","coordinates":[[[34.836656,32.033221],[34.868339,32.033221],[34.868339,32.071065],[34.836656,32.071065],[34.836656,32.033221],[34.836656,32.033221]]]},"id":2620,"properties":{"r_סמל ועדה":16,"SHEM_YISHUV":"קריית אונו","SEMEL_YISHUV":2620,"r_בזב":31113,"r_מצביעים":22796,"r_פסולים":83,"r_כשרים":22713,"r_אמת":1519,"r_ט":1285,"r_כן":3482,"r_ל":712,"r_מחל":4702,"r_מרצ":1205,"r_פה":8311,"r_שס":750,"r_אחר":747,"max_party":"יש עתיד","color_general":"#FF8E3C","color_ynet":"#F90000","TOTAL_BZB":31113}},{"type":"Feature","geometry":{"type":"Polygon","coordinates":[[[35.114177,31.525627],[35.132174,31.525627],[35.132174,31.546536],[35.114177,31.546536],[35.114177,31.525627],[35.114177,31.525627]]]},"id":3611,"properties":{"r_סמל ועדה":2,"SHEM_YISHUV":"קריית ארבע","SEMEL_YISHUV":3611,"r_בזב":4914,"r_מצביעים":3257,"r_פסולים":8,"r_כשרים":3249,"r_ג":33,"r_ט":2191,"r_כן":27,"r_ל":73,"r_מחל":693,"r_פה":33,"r_שס":112,"r_אחר":87,"max_party":"הציונות הדתית","color_general":"#A88461","color_ynet":"#5C97BF","TOTAL_BZB":4914}},{"type":"Feature","geometry":{"type":"Polygon","coordinates":[[[35.056033,32.773975],[35.15602,32.773975],[35.15602,32.82903],[35.056033,32.82903],[35.056033,32.773975],[35.056033,32.773975]]]},"id":6800,"properties":{"r_סמל ועדה":8,"SHEM_YISHUV":"קריית אתא","SEMEL_YISHUV":6800,"r_בזב":48568,"r_מצביעים":31555,"r_פסולים":206,"r_כשרים":31349,"r_אמת":496,"r_ג":607,"r_ט":3809,"r_כן":2762,"r_ל":1689,"r_מחל":13409,"r_מרצ":196,"r_פה":4409,"r_שס":3140,"r_אחר":832,"max_party":"הליכוד","color_general":"#1C5BAD","color_ynet":"#1417AC","TOTAL_BZB":48568}},{"type":"Feature","geometry":{"type":"Polygon","coordinates":[[[35.073643,32.811013],[35.114388,32.811013],[35.114388,32.873824],[35.073643,32.873824],[35.073643,32.811013],[35.073643,32.811013]]]},"id":9500,"properties":{"r_סמל ועדה":8,"SHEM_YISHUV":"קריית ביאליק","SEMEL_YISHUV":9500,"r_בזב":36757,"r_מצביעים":23027,"r_פסולים":125,"r_כשרים":22902,"r_אמת":669,"r_ג":194,"r_ט":1877,"r_כן":2910,"r_ל":1605,"r_מחל":7741,"r_מרצ":358,"r_פה":6038,"r_שס":849,"r_אחר":661,"max_party":"הליכוד","color_general":"#1C5BAD","color_ynet":"#1417AC","TOTAL_BZB":36757}},{"type":"Feature","geometry":{"type":"Polygon","coordinates":[[[34.738923,31.57529],[34.803923,31.57529],[34.803923,31.638752],[34.738923,31.638752],[34.738923,31.57529],[34.738923,31.57529]]]},"id":2630,"properties":{"r_סמל ועדה":17,"SHEM_YISHUV":"קריית גת","SEMEL_YISHUV":2630,"r_בזב":45388,"r_מצביעים":31097,"r_פסולים":251,"r_כשרים":30846,"r_אמת":288,"r_ג":2650,"r_ט":4179,"r_כן":1983,"r_ל":2383,"r_מחל":11195,"r_פה":2541,"r_שס":4777,"r_אחר":850,"max_party":"הליכוד","color_general":"#1C5BAD","color_ynet":"#1417AC","TOTAL_BZB":45388}},{"type":"Feature","geometry":{"type":"Polygon","coordinates":[[[35.096463,32.684469],[35.150579,32.684469],[35.150579,32.737541],[35.096463,32.737541],[35.096463,32.684469],[35.096463,32.684469]]]},"id":2300,"properties":{"r_סמל ועדה":8,"SHEM_YISHUV":"קריית טבעון","SEMEL_YISHUV":2300,"r_בזב":14446,"r_מצביעים":9744,"r_פסולים":28,"r_כשרים":9716,"r_אמת":1230,"r_ג":104,"r_ום":78,"r_ט":397,"r_כן":1193,"r_ל":240,"r_מחל":1339,"r_מרצ":1036,"r_פה":3672,"r_שס":86,"r_אחר":341,"max_party":"יש עתיד","color_general":"#FF8E3C","color_ynet":"#F90000","TOTAL_BZB":14446}},{"type":"Feature","geometry":{"type":"Polygon","coordinates":[[[35.056163,32.834509],[35.09606,32.834509],[35.09606,32.887645],[35.056163,32.887645],[35.056163,32.834509],[35.056163,32.834509]]]},"id":9600,"properties":{"r_סמל ועדה":8,"SHEM_YISHUV":"קריית ים","SEMEL_YISHUV":9600,"r_בזב":36834,"r_מצביעים":20491,"r_פסולים":215,"r_כשרים":20276,"r_אמת":345,"r_ג":114,"r_ט":1832,"r_כן":1565,"r_ל":2958,"r_מחל":8221,"r_מרצ":128,"r_פה":3418,"r_שס":1183,"r_אחר":512,"max_party":"הליכוד","color_general":"#1C5BAD","color_ynet":"#1417AC","TOTAL_BZB":36834}},{"type":"Feature","geometry":{"type":"Polygon","coordinates":[[[35.091307,31.800952],[35.107,31.800952],[35.107,31.80997],[35.091307,31.80997],[35.091307,31.800952],[35.091307,31.800952]]]},"id":1137,"properties":{"r_סמל ועדה":2,"SHEM_YISHUV":"קריית יערים","SEMEL_YISHUV":1137,"r_בזב":3496,"r_מצביעים":2720,"r_פסולים":17,"r_כשרים":2703,"r_ג":1746,"r_ט":214,"r_מחל":80,"r_שס":619,"r_אחר":44,"max_party":"יהדות התורה","color_general":"#49536B","color_ynet":"#683B04","TOTAL_BZB":3496}},{"type":"Feature","geometry":{"type":"Polygon","coordinates":[[[35.069291,32.823009],[35.096587,32.823009],[35.096587,32.873801],[35.069291,32.873801],[35.069291,32.823009],[35.069291,32.823009]]]},"id":8200,"properties":{"r_סמל ועדה":8,"SHEM_YISHUV":"קריית מוצקין","SEMEL_YISHUV":8200,"r_בזב":40960,"r_מצביעים":25947,"r_פסולים":172,"r_כשרים":25775,"r_אמת":669,"r_ט":2176,"r_כן":3456,"r_ל":1987,"r_מחל":8662,"r_מרצ":325,"r_פה":6839,"r_שס":884,"r_אחר":777,"max_party":"הליכוד","color_general":"#1C5BAD","color_ynet":"#1417AC","TOTAL_BZB":40960}},{"type":"Feature","geometry":{"type":"Polygon","coordinates":[[[34.733238,31.718086],[34.771432,31.718086],[34.771432,31.743774],[34.733238,31.743774],[34.733238,31.718086],[34.733238,31.718086]]]},"id":1034,"properties":{"r_סמל ועדה":17,"SHEM_YISHUV":"קריית מלאכי","SEMEL_YISHUV":1034,"r_בזב":17963,"r_מצביעים":12665,"r_פסולים":74,"r_כשרים":12591,"r_אמת":78,"r_ג":668,"r_ט":3179,"r_כן":664,"r_ל":168,"r_מחל":4791,"r_פה":302,"r_שס":2472,"r_אחר":269,"max_party":"הליכוד","color_general":"#1C5BAD","color_ynet":"#1417AC","TOTAL_BZB":17963}},{"type":"Feature","geometry":{"type":"Polygon","coordinates":[[[35.10621,32.11293],[35.118498,32.11293],[35.118498,32.120427],[35.10621,32.120427],[35.10621,32.11293],[35.10621,32.11293]]]},"id":3746,"properties":{"r_סמל ועדה":19,"SHEM_YISHUV":"קריית נטפים","SEMEL_YISHUV":3746,"r_בזב":474,"r_מצביעים":389,"r_פסולים":1,"r_כשרים":388,"r_ג":2,"r_ט":263,"r_כן":6,"r_מחל":80,"r_שס":13,"r_אחר":24,"max_party":"הציונות הדתית","color_general":"#A88461","color_ynet":"#5C97BF","TOTAL_BZB":474}},{"type":"Feature","geometry":{"type":"Polygon","coordinates":[[[35.113273,31.80515],[35.126082,31.80515],[35.126082,31.813286],[35.113273,31.813286],[35.113273,31.80515],[35.113273,31.80515]]]},"id":78,"properties":{"r_סמל ועדה":2,"SHEM_YISHUV":"קריית ענבים","SEMEL_YISHUV":78,"r_בזב":333,"r_מצביעים":206,"r_פסולים":0,"r_כשרים":206,"r_אמת":35,"r_ום":3,"r_ט":3,"r_כן":30,"r_ל":3,"r_מחל":22,"r_מרצ":24,"r_עם":2,"r_פה":78,"r_שס":2,"r_אחר":4,"max_party":"יש עתיד","color_general":"#FF8E3C","color_ynet":"#F90000","TOTAL_BZB":333}},{"type":"Feature","geometry":{"type":"Polygon","coordinates":[[[34.807093,31.852468],[34.832534,31.852468],[34.832534,31.871003],[34.807093,31.871003],[34.807093,31.852468],[34.807093,31.852468]]]},"id":469,"properties":{"r_סמל ועדה":13,"SHEM_YISHUV":"קריית עקרון","SEMEL_YISHUV":469,"r_בזב":8174,"r_מצביעים":5940,"r_פסולים":51,"r_כשרים":5889,"r_אמת":76,"r_ג":49,"r_ט":1121,"r_כן":442,"r_ל":132,"r_מחל":2724,"r_מרצ":35,"r_פה":484,"r_שס":678,"r_אחר":148,"max_party":"הליכוד","color_general":"#1C5BAD","color_ynet":"#1417AC","TOTAL_BZB":8174}},{"type":"Feature","geometry":{"type":"Polygon","coordinates":[[[35.549596,33.190683],[35.603416,33.190683],[35.603416,33.232439],[35.549596,33.232439],[35.549596,33.190683],[35.549596,33.190683]]]},"id":2800,"properties":{"r_סמל ועדה":3,"SHEM_YISHUV":"קריית שמונה","SEMEL_YISHUV":2800,"r_בזב":18582,"r_מצביעים":11355,"r_פסולים":98,"r_כשרים":11257,"r_אמת":159,"r_ג":71,"r_ט":1539,"r_כן":825,"r_ל":740,"r_מחל":5569,"r_מרצ":77,"r_פה":748,"r_שס":1238,"r_אחר":291,"max_party":"הליכוד","color_general":"#1C5BAD","color_ynet":"#1417AC","TOTAL_BZB":18582}},{"type":"Feature","geometry":{"type":"Polygon","coordinates":[[[35.065833,32.158011],[35.133731,32.158011],[35.133731,32.199408],[35.065833,32.199408],[35.065833,32.158011],[35.065833,32.158011]]]},"id":3640,"properties":{"r_סמל ועדה":19,"SHEM_YISHUV":"קרני שומרון","SEMEL_YISHUV":3640,"r_בזב":6464,"r_מצביעים":4754,"r_פסולים":22,"r_כשרים":4732,"r_ג":49,"r_ט":2576,"r_כן":133,"r_ל":138,"r_מחל":1233,"r_פה":157,"r_שס":171,"r_אחר":275,"max_party":"הציונות הדתית","color_general":"#A88461","color_ynet":"#5C97BF","TOTAL_BZB":6464}},{"type":"Feature","geometry":{"type":"Polygon","coordinates":[[[35.80152,32.970256],[35.817727,32.970256],[35.817727,32.983844],[35.80152,32.983844],[35.80152,32.970256],[35.80152,32.970256]]]},"id":4006,"properties":{"r_סמל ועדה":3,"SHEM_YISHUV":"קשת","SEMEL_YISHUV":4006,"r_בזב":442,"r_מצביעים":329,"r_פסולים":0,"r_כשרים":329,"r_ג":2,"r_ט":242,"r_כן":4,"r_מחל":28,"r_שס":9,"r_אחר":44,"max_party":"הציונות הדתית","color_general":"#A88461","color_ynet":"#5C97BF","TOTAL_BZB":442}},{"type":"Feature","geometry":{"type":"Polygon","coordinates":[[[35.35417,32.919785],[35.39181,32.919785],[35.39181,32.947578],[35.35417,32.947578],[35.35417,32.919785],[35.35417,32.919785]]]},"id":543,"properties":{"r_סמל ועדה":20,"SHEM_YISHUV":"ראמה","SEMEL_YISHUV":543,"r_בזב":6574,"r_מצביעים":3634,"r_פסולים":36,"r_כשרים":3598,"r_אמת":98,"r_ום":1289,"r_כן":183,"r_ל":227,"r_מחל":294,"r_מרצ":296,"r_עם":399,"r_פה":211,"r_אחר":601,"max_party":"חד\"ש תע\"ל","color_general":"#58C879","color_ynet":"#FFC37B","TOTAL_BZB":6574}},{"type":"Feature","geometry":{"type":"Polygon","coordinates":[[[35.369569,32.908115],[35.374738,32.908115],[35.374738,32.918321],[35.369569,32.918321],[35.369569,32.908115],[35.369569,32.908115]]]},"id":1334,"properties":{"r_סמל ועדה":20,"SHEM_YISHUV":"ראס אל-עין","SEMEL_YISHUV":1334,"r_בזב":288,"r_מצביעים":200,"r_פסולים":3,"r_כשרים":197,"r_אמת":1,"r_ום":39,"r_כן":1,"r_מחל":10,"r_מרצ":12,"r_עם":105,"r_פה":8,"r_שס":2,"r_אחר":19,"max_party":"רע\"מ","color_general":"#F7C94C","color_ynet":"#FE9601","TOTAL_BZB":288}},{"type":"Feature","geometry":{"type":"Polygon","coordinates":[[[35.149282,32.76814],[35.160962,32.76814],[35.160962,32.775083],[35.149282,32.775083],[35.149282,32.76814],[35.149282,32.76814]]]},"id":990,"properties":{"r_סמל ועדה":8,"SHEM_YISHUV":"ראס עלי","SEMEL_YISHUV":990,"r_בזב":444,"r_מצביעים":238,"r_פסולים":0,"r_כשרים":238,"r_ום":46,"r_מחל":10,"r_עם":162,"r_אחר":20,"max_party":"רע\"מ","color_general":"#F7C94C","color_ynet":"#FE9601","TOTAL_BZB":444}},{"type":"Feature","geometry":{"type":"Polygon","coordinates":[[[34.934429,32.069175],[34.993194,32.069175],[34.993194,32.115659],[34.934429,32.115659],[34.934429,32.069175],[34.934429,32.069175]]]},"id":2640,"properties":{"r_סמל ועדה":11,"SHEM_YISHUV":"ראש העין","SEMEL_YISHUV":2640,"r_בזב":49148,"r_מצביעים":38128,"r_פסולים":144,"r_כשרים":37984,"r_אמת":1039,"r_ג":701,"r_ט":5627,"r_כן":5321,"r_ל":1015,"r_מחל":11756,"r_מרצ":642,"r_פה":7539,"r_שס":3359,"r_אחר":985,"max_party":"הליכוד","color_general":"#1C5BAD","color_ynet":"#1417AC","TOTAL_BZB":49148}},{"type":"Feature","geometry":{"type":"Polygon","coordinates":[[[35.521724,32.953863],[35.592768,32.953863],[35.592768,33.030258],[35.521724,33.030258],[35.521724,32.953863],[35.521724,32.953863]]]},"id":26,"properties":{"r_סמל ועדה":3,"SHEM_YISHUV":"ראש פינה","SEMEL_YISHUV":26,"r_בזב":2531,"r_מצביעים":1674,"r_פסולים":7,"r_כשרים":1667,"r_אמת":119,"r_ג":18,"r_ום":12,"r_ט":186,"r_כן":227,"r_ל":27,"r_מחל":403,"r_מרצ":141,"r_פה":453,"r_שס":25,"r_אחר":56,"max_party":"יש עתיד","color_general":"#FF8E3C","color_ynet":"#F90000","TOTAL_BZB":2531}},{"type":"Feature","geometry":{"type":"Polygon","coordinates":[[[35.123205,31.666174],[35.128618,31.666174],[35.128618,31.671425],[35.123205,31.671425],[35.123205,31.666174],[35.123205,31.666174]]]},"id":3602,"properties":{"r_סמל ועדה":2,"SHEM_YISHUV":"ראש צורים","SEMEL_YISHUV":3602,"r_בזב":537,"r_מצביעים":433,"r_פסולים":0,"r_כשרים":433,"r_ט":212,"r_כן":30,"r_מחל":83,"r_פה":10,"r_שס":3,"r_אחר":95,"max_party":"הציונות הדתית","color_general":"#A88461","color_ynet":"#5C97BF","TOTAL_BZB":537}},{"type":"Feature","geometry":{"type":"Polygon","coordinates":[[[34.712656,31.93996],[34.849029,31.93996],[34.849029,32.009958],[34.712656,32.009958],[34.712656,31.93996],[34.712656,31.93996]]]},"id":8300,"properties":{"r_סמל ועדה":13,"SHEM_YISHUV":"ראשון לציון","SEMEL_YISHUV":8300,"r_בזב":211845,"r_מצביעים":140237,"r_פסולים":691,"r_כשרים":139546,"r_אמת":3992,"r_ג":915,"r_ט":13561,"r_כן":19255,"r_ל":8777,"r_מחל":45144,"r_מרצ":2209,"r_פה":35166,"r_שס":6936,"r_אחר":3591,"max_party":"הליכוד","color_general":"#1C5BAD","color_ynet":"#1417AC","TOTAL_BZB":211845}},{"type":"Feature","geometry":{"type":"Polygon","coordinates":[[[35.122963,32.114244],[35.131889,32.114244],[35.131889,32.123711],[35.122963,32.123711],[35.122963,32.114244],[35.122963,32.114244]]]},"id":3795,"properties":{"r_סמל ועדה":19,"SHEM_YISHUV":"רבבה","SEMEL_YISHUV":3795,"r_בזב":1457,"r_מצביעים":1197,"r_פסולים":2,"r_כשרים":1195,"r_ג":10,"r_ט":1028,"r_מחל":59,"r_שס":40,"r_אחר":58,"max_party":"הציונות הדתית","color_general":"#A88461","color_ynet":"#5C97BF","TOTAL_BZB":1457}},{"type":"Feature","geometry":{"type":"Polygon","coordinates":[[[34.802455,31.765404],[34.823642,31.765404],[34.823642,31.783407],[34.802455,31.783407],[34.802455,31.765404],[34.802455,31.765404]]]},"id":564,"properties":{"r_סמל ועדה":17,"SHEM_YISHUV":"רבדים","SEMEL_YISHUV":564,"r_בזב":643,"r_מצביעים":468,"r_פסולים":0,"r_כשרים":468,"r_אמת":69,"r_ום":4,"r_ט":8,"r_כן":60,"r_ל":6,"r_מחל":13,"r_מרצ":117,"r_פה":174,"r_אחר":17,"max_party":"יש עתיד","color_general":"#FF8E3C","color_ynet":"#F90000","TOTAL_BZB":643}},{"type":"Feature","geometry":{"type":"Polygon","coordinates":[[[34.710761,31.035335],[34.732912,31.035335],[34.732912,31.052656],[34.710761,31.052656],[34.710761,31.035335],[34.710761,31.035335]]]},"id":354,"properties":{"r_סמל ועדה":18,"SHEM_YISHUV":"רביבים","SEMEL_YISHUV":354,"r_בזב":722,"r_מצביעים":413,"r_פסולים":0,"r_כשרים":413,"r_אמת":107,"r_ט":13,"r_כן":63,"r_ל":23,"r_מחל":29,"r_מרצ":39,"r_פה":119,"r_אחר":20,"max_party":"יש עתיד","color_general":"#FF8E3C","color_ynet":"#F90000","TOTAL_BZB":722}},{"type":"Feature","geometry":{"type":"Polygon","coordinates":[[[35.092485,32.971017],[35.104677,32.971017],[35.104677,32.980968],[35.092485,32.980968],[35.092485,32.971017],[35.092485,32.971017]]]},"id":390,"properties":{"r_סמל ועדה":6,"SHEM_YISHUV":"רגבה","SEMEL_YISHUV":390,"r_בזב":856,"r_מצביעים":625,"r_פסולים":2,"r_כשרים":623,"r_אמת":69,"r_ט":23,"r_כן":98,"r_ל":7,"r_מחל":91,"r_מרצ":38,"r_פה":281,"r_אחר":16,"max_party":"יש עתיד","color_general":"#FF8E3C","color_ynet":"#F90000","TOTAL_BZB":856}},{"type":"Feature","geometry":{"type":"Polygon","coordinates":[[[35.030902,32.517808],[35.038257,32.517808],[35.038257,32.528098],[35.030902,32.528098],[35.030902,32.517808],[35.030902,32.517808]]]},"id":444,"properties":{"r_סמל ועדה":9,"SHEM_YISHUV":"רגבים","SEMEL_YISHUV":444,"r_בזב":447,"r_מצביעים":320,"r_פסולים":2,"r_כשרים":318,"r_אמת":60,"r_ום":4,"r_ט":15,"r_כן":49,"r_ל":4,"r_מחל":18,"r_מרצ":35,"r_עם":2,"r_פה":127,"r_אחר":4,"max_party":"יש עתיד","color_general":"#FF8E3C","color_ynet":"#F90000","TOTAL_BZB":447}},{"type":"Feature","geometry":{"type":"Polygon","coordinates":[[[34.711266,31.349758],[34.790288,31.349758],[34.790288,31.424638],[34.711266,31.424638],[34.711266,31.349758],[34.711266,31.349758]]]},"id":1161,"properties":{"r_סמל ועדה":18,"SHEM_YISHUV":"רהט","SEMEL_YISHUV":1161,"r_בזב":38346,"r_מצביעים":23240,"r_פסולים":217,"r_כשרים":23023,"r_אמת":122,"r_ום":2894,"r_כן":225,"r_מחל":367,"r_מרצ":951,"r_עם":14772,"r_פה":218,"r_אחר":3474,"max_party":"רע\"מ","color_general":"#F7C94C","color_ynet":"#FE9601","TOTAL_BZB":38346}},{"type":"Feature","geometry":{"type":"Polygon","coordinates":[[[34.723762,31.64062],[34.743236,31.64062],[34.743236,31.656382],[34.723762,31.656382],[34.723762,31.64062],[34.723762,31.64062]]]},"id":2051,"properties":{"r_סמל ועדה":17,"SHEM_YISHUV":"רווחה","SEMEL_YISHUV":2051,"r_בזב":415,"r_מצביעים":361,"r_פסולים":1,"r_כשרים":360,"r_ג":8,"r_ט":79,"r_כן":9,"r_מחל":183,"r_פה":3,"r_שס":73,"r_אחר":5,"max_party":"הליכוד","color_general":"#1C5BAD","color_ynet":"#1417AC","TOTAL_BZB":415}},{"type":"Feature","geometry":{"type":"Polygon","coordinates":[[[35.466034,32.444425],[35.480275,32.444425],[35.480275,32.453169],[35.466034,32.453169],[35.466034,32.444425],[35.466034,32.444425]]]},"id":2016,"properties":{"r_סמל ועדה":5,"SHEM_YISHUV":"רוויה","SEMEL_YISHUV":2016,"r_בזב":271,"r_מצביעים":187,"r_פסולים":0,"r_כשרים":187,"r_אמת":1,"r_ג":2,"r_ט":40,"r_כן":4,"r_מחל":102,"r_פה":2,"r_שס":35,"r_אחר":1,"max_party":"הליכוד","color_general":"#1C5BAD","color_ynet":"#1417AC","TOTAL_BZB":271}},{"type":"Feature","geometry":{"type":"Polygon","coordinates":[[[34.700251,31.493534],[34.710363,31.493534],[34.710363,31.501058],[34.700251,31.501058],[34.700251,31.493534],[34.700251,31.493534]]]},"id":362,"properties":{"r_סמל ועדה":17,"SHEM_YISHUV":"רוחמה","SEMEL_YISHUV":362,"r_בזב":550,"r_מצביעים":367,"r_פסולים":1,"r_כשרים":366,"r_אמת":67,"r_ט":5,"r_כן":43,"r_ל":4,"r_מחל":13,"r_מרצ":75,"r_פה":148,"r_אחר":11,"max_party":"יש עתיד","color_general":"#FF8E3C","color_ynet":"#F90000","TOTAL_BZB":550}},{"type":"Feature","geometry":{"type":"Polygon","coordinates":[[[35.306024,32.784512],[35.314678,32.784512],[35.314678,32.790606],[35.306024,32.790606],[35.306024,32.784512],[35.306024,32.784512]]]},"id":539,"properties":{"r_סמל ועדה":5,"SHEM_YISHUV":"רומאנה","SEMEL_YISHUV":539,"r_בזב":824,"r_מצביעים":622,"r_פסולים":8,"r_כשרים":614,"r_ום":298,"r_עם":213,"r_אחר":103,"max_party":"חד\"ש תע\"ל","color_general":"#58C879","color_ynet":"#FFC37B","TOTAL_BZB":824}},{"type":"Feature","geometry":{"type":"Polygon","coordinates":[[[35.296545,32.767374],[35.315177,32.767374],[35.315177,32.789229],[35.296545,32.789229],[35.296545,32.767374],[35.296545,32.767374]]]},"id":997,"properties":{"r_סמל ועדה":5,"SHEM_YISHUV":"רומת הייב","SEMEL_YISHUV":997,"r_בזב":1481,"r_מצביעים":646,"r_פסולים":11,"r_כשרים":635,"r_אמת":38,"r_ום":24,"r_כן":31,"r_ל":4,"r_מחל":27,"r_מרצ":5,"r_עם":295,"r_פה":12,"r_שס":139,"r_אחר":60,"max_party":"רע\"מ","color_general":"#F7C94C","color_ynet":"#FE9601","TOTAL_BZB":1481}},{"type":"Feature","geometry":{"type":"Polygon","coordinates":[[[35.486264,32.245356],[35.491829,32.245356],[35.491829,32.249534],[35.486264,32.249534],[35.486264,32.245356],[35.486264,32.245356]]]},"id":3619,"properties":{"r_סמל ועדה":5,"SHEM_YISHUV":"רועי","SEMEL_YISHUV":3619,"r_בזב":129,"r_מצביעים":86,"r_פסולים":0,"r_כשרים":86,"r_אמת":4,"r_ט":8,"r_כן":18,"r_ל":1,"r_מחל":25,"r_מרצ":3,"r_פה":25,"r_אחר":2,"max_party":"הליכוד","color_general":"#1C5BAD","color_ynet":"#1417AC","TOTAL_BZB":129}},{"type":"Feature","geometry":{"type":"Polygon","coordinates":[[[35.51759,32.334951],[35.523269,32.334951],[35.523269,32.340199],[35.51759,32.340199],[35.51759,32.334951],[35.51759,32.334951]]]},"id":3782,"properties":{"r_סמל ועדה":5,"SHEM_YISHUV":"רותם","SEMEL_YISHUV":3782,"r_בזב":117,"r_מצביעים":82,"r_פסולים":2,"r_כשרים":80,"r_אמת":1,"r_ט":29,"r_כן":6,"r_מחל":17,"r_עם":3,"r_פה":5,"r_שס":4,"r_אחר":15,"max_party":"הציונות הדתית","color_general":"#A88461","color_ynet":"#5C97BF","TOTAL_BZB":117}},{"type":"Feature","geometry":{"type":"Polygon","coordinates":[[[35.480791,32.444241],[35.495229,32.444241],[35.495229,32.456052],[35.480791,32.456052],[35.480791,32.444241],[35.480791,32.444241]]]},"id":854,"properties":{"r_סמל ועדה":5,"SHEM_YISHUV":"רחוב","SEMEL_YISHUV":854,"r_בזב":336,"r_מצביעים":248,"r_פסולים":1,"r_כשרים":247,"r_ט":40,"r_כן":4,"r_מחל":171,"r_פה":9,"r_שס":20,"r_אחר":3,"max_party":"הליכוד","color_general":"#1C5BAD","color_ynet":"#1417AC","TOTAL_BZB":336}},{"type":"Feature","geometry":{"type":"Polygon","coordinates":[[[34.762204,31.866361],[34.851159,31.866361],[34.851159,31.920515],[34.762204,31.920515],[34.762204,31.866361],[34.762204,31.866361]]]},"id":8400,"properties":{"r_סמל ועדה":13,"SHEM_YISHUV":"רחובות","SEMEL_YISHUV":8400,"r_בזב":111435,"r_מצביעים":76744,"r_פסולים":340,"r_כשרים":76404,"r_אמת":3144,"r_ג":2778,"r_ט":9983,"r_כן":8072,"r_ל":3989,"r_מחל":19688,"r_מרצ":2476,"r_פה":17646,"r_שס":6082,"r_אחר":2546,"max_party":"הליכוד","color_general":"#1C5BAD","color_ynet":"#1417AC","TOTAL_BZB":111435}},{"type":"Feature","geometry":{"type":"Polygon","coordinates":[[[35.253223,32.100311],[35.260283,32.100311],[35.260283,32.104134],[35.253223,32.104134],[35.253223,32.100311],[35.253223,32.100311]]]},"id":3822,"properties":{"r_סמל ועדה":19,"SHEM_YISHUV":"רחלים","SEMEL_YISHUV":3822,"r_בזב":422,"r_מצביעים":363,"r_פסולים":0,"r_כשרים":363,"r_ט":310,"r_כן":2,"r_מחל":22,"r_שס":4,"r_אחר":25,"max_party":"הציונות הדתית","color_general":"#A88461","color_ynet":"#5C97BF","TOTAL_BZB":422}},{"type":"Feature","geometry":{"type":"Polygon","coordinates":[[[35.479769,33.045208],[35.491788,33.045208],[35.491788,33.054751],[35.479769,33.054751],[35.479769,33.045208],[35.479769,33.045208]]]},"id":540,"properties":{"r_סמל ועדה":3,"SHEM_YISHUV":"ריחאנייה","SEMEL_YISHUV":540,"r_בזב":956,"r_מצביעים":488,"r_פסולים":6,"r_כשרים":482,"r_אמת":40,"r_ום":44,"r_כן":113,"r_ל":88,"r_מחל":15,"r_מרצ":24,"r_עם":42,"r_פה":90,"r_אחר":26,"max_party":"המחנה הממלכתי","color_general":"#6079FC","color_ynet":"#D600D6","TOTAL_BZB":956}},{"type":"Feature","geometry":{"type":"Polygon","coordinates":[[[35.131997,32.466017],[35.138049,32.466017],[35.138049,32.470531],[35.131997,32.470531],[35.131997,32.466017],[35.131997,32.466017]]]},"id":3568,"properties":{"r_סמל ועדה":9,"SHEM_YISHUV":"ריחן","SEMEL_YISHUV":3568,"r_בזב":242,"r_מצביעים":186,"r_פסולים":2,"r_כשרים":184,"r_אמת":10,"r_ט":31,"r_כן":37,"r_ל":9,"r_מחל":34,"r_מרצ":1,"r_פה":50,"r_שס":3,"r_אחר":9,"max_party":"יש עתיד","color_general":"#FF8E3C","color_ynet":"#F90000","TOTAL_BZB":242}},{"type":"Feature","geometry":{"type":"Polygon","coordinates":[[[35.279467,32.711812],[35.331683,32.711812],[35.331683,32.746517],[35.279467,32.746517],[35.279467,32.711812],[35.279467,32.711812]]]},"id":542,"properties":{"r_סמל ועדה":5,"SHEM_YISHUV":"ריינה","SEMEL_YISHUV":542,"r_בזב":11959,"r_מצביעים":6313,"r_פסולים":83,"r_כשרים":6230,"r_ום":1936,"r_מחל":89,"r_מרצ":44,"r_עם":1696,"r_פה":64,"r_אחר":2401,"max_party":"אחר","color_general":"#58C879","color_ynet":"#FFC37B","TOTAL_BZB":11959}},{"type":"Feature","geometry":{"type":"Polygon","coordinates":[[[35.337598,31.930075],[35.344868,31.930075],[35.344868,31.93792],[35.337598,31.93792],[35.337598,31.930075],[35.337598,31.930075]]]},"id":3565,"properties":{"r_סמל ועדה":2,"SHEM_YISHUV":"רימונים","SEMEL_YISHUV":3565,"r_בזב":512,"r_מצביעים":360,"r_פסולים":0,"r_כשרים":360,"r_ט":137,"r_כן":24,"r_ל":3,"r_מחל":154,"r_פה":23,"r_שס":4,"r_אחר":15,"max_party":"הליכוד","color_general":"#1C5BAD","color_ynet":"#1417AC","TOTAL_BZB":512}},{"type":"Feature","geometry":{"type":"Polygon","coordinates":[[[34.921957,32.039371],[34.936355,32.039371],[34.936355,32.050795],[34.921957,32.050795],[34.921957,32.039371],[34.921957,32.039371]]]},"id":616,"properties":{"r_סמל ועדה":11,"SHEM_YISHUV":"רינתיה","SEMEL_YISHUV":616,"r_בזב":692,"r_מצביעים":526,"r_פסולים":3,"r_כשרים":523,"r_אמת":36,"r_ט":28,"r_כן":86,"r_ל":8,"r_מחל":174,"r_מרצ":16,"r_פה":147,"r_שס":14,"r_אחר":14,"max_party":"הליכוד","color_general":"#1C5BAD","color_ynet":"#1417AC","TOTAL_BZB":692}},{"type":"Feature","geometry":{"type":"Polygon","coordinates":[[[35.094522,32.741184],[35.126983,32.741184],[35.126983,32.758511],[35.094522,32.758511],[35.094522,32.741184],[35.094522,32.741184]]]},"id":922,"properties":{"r_סמל ועדה":8,"SHEM_YISHUV":"רכסים","SEMEL_YISHUV":922,"r_בזב":6974,"r_מצביעים":5873,"r_פסולים":36,"r_כשרים":5837,"r_ג":2412,"r_ט":255,"r_כן":35,"r_מחל":271,"r_פה":40,"r_שס":2770,"r_אחר":54,"max_party":"ש\"ס","color_general":"#6C7CA5","color_ynet":"#995700","TOTAL_BZB":6974}},{"type":"Feature","geometry":{"type":"Polygon","coordinates":[[[35.251904,32.519746],[35.267157,32.519746],[35.267157,32.533222],[35.251904,32.533222],[35.251904,32.519746],[35.251904,32.519746]]]},"id":1069,"properties":{"r_סמל ועדה":5,"SHEM_YISHUV":"רם-און","SEMEL_YISHUV":1069,"r_בזב":687,"r_מצביעים":500,"r_פסולים":0,"r_כשרים":500,"r_אמת":74,"r_ג":3,"r_ט":14,"r_כן":108,"r_ל":8,"r_מחל":36,"r_מרצ":27,"r_פה":217,"r_אחר":13,"max_party":"יש עתיד","color_general":"#FF8E3C","color_ynet":"#F90000","TOTAL_BZB":687}},{"type":"Feature","geometry":{"type":"Polygon","coordinates":[[[35.657199,32.836311],[35.681832,32.836311],[35.681832,32.861034],[35.657199,32.861034],[35.657199,32.836311],[35.657199,32.836311]]]},"id":4702,"properties":{"r_סמל ועדה":4,"SHEM_YISHUV":"רמות","SEMEL_YISHUV":4702,"r_בזב":460,"r_מצביעים":348,"r_פסולים":0,"r_כשרים":348,"r_אמת":30,"r_ג":4,"r_ט":20,"r_כן":68,"r_ל":2,"r_מחל":29,"r_מרצ":23,"r_פה":161,"r_אחר":11,"max_party":"יש עתיד","color_general":"#FF8E3C","color_ynet":"#F90000","TOTAL_BZB":460}},{"type":"Feature","geometry":{"type":"Polygon","coordinates":[[[34.871872,32.157431],[34.891296,32.157431],[34.891296,32.173078],[34.871872,32.173078],[34.871872,32.157431],[34.871872,32.157431]]]},"id":206,"properties":{"r_סמל ועדה":19,"SHEM_YISHUV":"רמות השבים","SEMEL_YISHUV":206,"r_בזב":1196,"r_מצביעים":907,"r_פסולים":2,"r_כשרים":905,"r_אמת":92,"r_ט":20,"r_כן":123,"r_ל":21,"r_מחל":79,"r_מרצ":106,"r_פה":437,"r_שס":6,"r_אחר":21,"max_party":"יש עתיד","color_general":"#FF8E3C","color_ynet":"#F90000","TOTAL_BZB":1196}},{"type":"Feature","geometry":{"type":"Polygon","coordinates":[[[34.852024,31.870191],[34.86574,31.870191],[34.86574,31.876825],[34.852024,31.876825],[34.852024,31.870191],[34.852024,31.870191]]]},"id":735,"properties":{"r_סמל ועדה":12,"SHEM_YISHUV":"רמות מאיר","SEMEL_YISHUV":735,"r_בזב":553,"r_מצביעים":391,"r_פסולים":4,"r_כשרים":387,"r_אמת":32,"r_ג":2,"r_ום":2,"r_ט":38,"r_כן":72,"r_ל":3,"r_מחל":60,"r_מרצ":23,"r_פה":136,"r_שס":5,"r_אחר":14,"max_party":"יש עתיד","color_general":"#FF8E3C","color_ynet":"#F90000","TOTAL_BZB":553}},{"type":"Feature","geometry":{"type":"Polygon","coordinates":[[[35.051302,32.592094],[35.0662,32.592094],[35.0662,32.600926],[35.051302,32.600926],[35.051302,32.592094],[35.051302,32.592094]]]},"id":445,"properties":{"r_סמל ועדה":5,"SHEM_YISHUV":"רמות מנשה","SEMEL_YISHUV":445,"r_בזב":927,"r_מצביעים":706,"r_פסולים":0,"r_כשרים":706,"r_אמת":96,"r_כן":89,"r_ל":18,"r_מחל":29,"r_מרצ":147,"r_פה":305,"r_אחר":22,"max_party":"יש עתיד","color_general":"#FF8E3C","color_ynet":"#F90000","TOTAL_BZB":927}},{"type":"Feature","geometry":{"type":"Polygon","coordinates":[[[35.548752,33.093676],[35.557348,33.093676],[35.557348,33.108766],[35.548752,33.108766],[35.548752,33.093676],[35.548752,33.093676]]]},"id":372,"properties":{"r_סמל ועדה":3,"SHEM_YISHUV":"רמות נפתלי","SEMEL_YISHUV":372,"r_בזב":461,"r_מצביעים":297,"r_פסולים":2,"r_כשרים":295,"r_אמת":22,"r_ג":2,"r_ט":23,"r_כן":60,"r_ל":4,"r_מחל":69,"r_מרצ":7,"r_פה":81,"r_שס":14,"r_אחר":13,"max_party":"יש עתיד","color_general":"#FF8E3C","color_ynet":"#F90000","TOTAL_BZB":461}},{"type":"Feature","geometry":{"type":"Polygon","coordinates":[[[34.83752,31.909355],[34.898564,31.909355],[34.898564,31.942351],[34.83752,31.942351],[34.83752,31.909355],[34.83752,31.909355]]]},"id":8500,"properties":{"r_סמל ועדה":12,"SHEM_YISHUV":"רמלה","SEMEL_YISHUV":8500,"r_בזב":57383,"r_מצביעים":36627,"r_פסולים":392,"r_כשרים":36235,"r_אמת":495,"r_ום":1490,"r_ט":4593,"r_כן":1792,"r_ל":1106,"r_מחל":14288,"r_מרצ":338,"r_עם":2130,"r_פה":2224,"r_שס":4898,"r_אחר":2881,"max_party":"הליכוד","color_general":"#1C5BAD","color_ynet":"#1417AC","TOTAL_BZB":57383}},{"type":"Feature","geometry":{"type":"Polygon","coordinates":[[[34.799139,32.036085],[34.854752,32.036085],[34.854752,32.105569],[34.799139,32.105569],[34.799139,32.036085],[34.799139,32.036085]]]},"id":8600,"properties":{"r_סמל ועדה":15,"SHEM_YISHUV":"רמת גן","SEMEL_YISHUV":8600,"r_בזב":139055,"r_מצביעים":90709,"r_פסולים":367,"r_כשרים":90342,"r_אמת":5961,"r_ג":843,"r_ט":6440,"r_כן":12910,"r_ל":3450,"r_מחל":20172,"r_מרצ":5009,"r_פה":28672,"r_שס":3631,"r_אחר":3254,"max_party":"יש עתיד","color_general":"#FF8E3C","color_ynet":"#F90000","TOTAL_BZB":139055}},{"type":"Feature","geometry":{"type":"Polygon","coordinates":[[[35.18896,32.674689],[35.208476,32.674689],[35.208476,32.682225],[35.18896,32.682225],[35.18896,32.674689],[35.18896,32.674689]]]},"id":135,"properties":{"r_סמל ועדה":5,"SHEM_YISHUV":"רמת דוד","SEMEL_YISHUV":135,"r_בזב":404,"r_מצביעים":305,"r_פסולים":0,"r_כשרים":305,"r_אמת":60,"r_ום":2,"r_ט":11,"r_כן":52,"r_ל":6,"r_מחל":25,"r_מרצ":22,"r_פה":120,"r_אחר":7,"max_party":"יש עתיד","color_general":"#FF8E3C","color_ynet":"#F90000","TOTAL_BZB":404}},{"type":"Feature","geometry":{"type":"Polygon","coordinates":[[[34.932496,32.214261],[34.942461,32.214261],[34.942461,32.222343],[34.932496,32.222343],[34.932496,32.214261],[34.932496,32.214261]]]},"id":184,"properties":{"r_סמל ועדה":19,"SHEM_YISHUV":"רמת הכובש","SEMEL_YISHUV":184,"r_בזב":696,"r_מצביעים":531,"r_פסולים":2,"r_כשרים":529,"r_אמת":119,"r_ט":8,"r_כן":87,"r_ל":9,"r_מחל":22,"r_מרצ":63,"r_פה":206,"r_אחר":15,"max_party":"יש עתיד","color_general":"#FF8E3C","color_ynet":"#F90000","TOTAL_BZB":696}},{"type":"Feature","geometry":{"type":"Polygon","coordinates":[[[35.085616,32.606123],[35.100781,32.606123],[35.100781,32.614869],[35.085616,32.614869],[35.085616,32.606123],[35.085616,32.606123]]]},"id":335,"properties":{"r_סמל ועדה":5,"SHEM_YISHUV":"רמת השופט","SEMEL_YISHUV":335,"r_בזב":806,"r_מצביעים":545,"r_פסולים":3,"r_כשרים":542,"r_אמת":98,"r_ט":8,"r_כן":64,"r_ל":15,"r_מחל":33,"r_מרצ":92,"r_פה":214,"r_אחר":18,"max_party":"יש עתיד","color_general":"#FF8E3C","color_ynet":"#F90000","TOTAL_BZB":806}},{"type":"Feature","geometry":{"type":"Polygon","coordinates":[[[34.79586,32.111926],[34.867993,32.111926],[34.867993,32.158699],[34.79586,32.158699],[34.79586,32.111926],[34.79586,32.111926]]]},"id":2650,"properties":{"r_סמל ועדה":15,"SHEM_YISHUV":"רמת השרון","SEMEL_YISHUV":2650,"r_בזב":38282,"r_מצביעים":27342,"r_פסולים":67,"r_כשרים":27275,"r_אמת":1971,"r_ג":420,"r_ט":1002,"r_כן":3619,"r_ל":734,"r_מחל":4278,"r_מרצ":2306,"r_פה":11511,"r_שס":829,"r_אחר":605,"max_party":"יש עתיד","color_general":"#FF8E3C","color_ynet":"#F90000","TOTAL_BZB":38282}},{"type":"Feature","geometry":{"type":"Polygon","coordinates":[[[35.116162,32.788285],[35.129388,32.788285],[35.129388,32.800167],[35.116162,32.800167],[35.116162,32.788285],[35.116162,32.788285]]]},"id":178,"properties":{"r_סמל ועדה":8,"SHEM_YISHUV":"רמת יוחנן","SEMEL_YISHUV":178,"r_בזב":862,"r_מצביעים":584,"r_פסולים":2,"r_כשרים":582,"r_אמת":148,"r_ט":20,"r_כן":95,"r_ל":15,"r_מחל":35,"r_מרצ":50,"r_פה":204,"r_אחר":15,"max_party":"יש עתיד","color_general":"#FF8E3C","color_ynet":"#F90000","TOTAL_BZB":862}},{"type":"Feature","geometry":{"type":"Polygon","coordinates":[[[35.155318,32.695963],[35.182415,32.695963],[35.182415,32.716427],[35.155318,32.716427],[35.155318,32.695963],[35.155318,32.695963]]]},"id":122,"properties":{"r_סמל ועדה":5,"SHEM_YISHUV":"רמת ישי","SEMEL_YISHUV":122,"r_בזב":6016,"r_מצביעים":4373,"r_פסולים":18,"r_כשרים":4355,"r_אמת":270,"r_ט":319,"r_כן":757,"r_ל":120,"r_מחל":1023,"r_מרצ":170,"r_פה":1516,"r_שס":59,"r_אחר":121,"max_party":"יש עתיד","color_general":"#FF8E3C","color_ynet":"#F90000","TOTAL_BZB":6016}},{"type":"Feature","geometry":{"type":"Polygon","coordinates":[[[35.799672,32.836649],[35.815266,32.836649],[35.815266,32.856998],[35.799672,32.856998],[35.799672,32.836649],[35.799672,32.836649]]]},"id":4701,"properties":{"r_סמל ועדה":4,"SHEM_YISHUV":"רמת מגשימים","SEMEL_YISHUV":4701,"r_בזב":484,"r_מצביעים":357,"r_פסולים":0,"r_כשרים":357,"r_אמת":2,"r_ט":222,"r_כן":8,"r_מחל":45,"r_פה":11,"r_שס":8,"r_אחר":61,"max_party":"הציונות הדתית","color_general":"#A88461","color_ynet":"#5C97BF","TOTAL_BZB":484}},{"type":"Feature","geometry":{"type":"Polygon","coordinates":[[[35.404881,32.581813],[35.423637,32.581813],[35.423637,32.599449],[35.404881,32.599449],[35.404881,32.581813],[35.404881,32.581813]]]},"id":339,"properties":{"r_סמל ועדה":5,"SHEM_YISHUV":"רמת צבי","SEMEL_YISHUV":339,"r_בזב":488,"r_מצביעים":386,"r_פסולים":1,"r_כשרים":385,"r_אמת":64,"r_ט":18,"r_כן":92,"r_ל":2,"r_מחל":33,"r_מרצ":29,"r_פה":133,"r_אחר":14,"max_party":"יש עתיד","color_general":"#FF8E3C","color_ynet":"#F90000","TOTAL_BZB":488}},{"type":"Feature","geometry":{"type":"Polygon","coordinates":[[[35.064811,31.770892],[35.080762,31.770892],[35.080762,31.779846],[35.064811,31.779846],[35.064811,31.770892],[35.064811,31.770892]]]},"id":460,"properties":{"r_סמל ועדה":2,"SHEM_YISHUV":"רמת רזיאל","SEMEL_YISHUV":460,"r_בזב":472,"r_מצביעים":348,"r_פסולים":1,"r_כשרים":347,"r_אמת":33,"r_ג":4,"r_ום":2,"r_ט":37,"r_כן":51,"r_ל":8,"r_מחל":54,"r_מרצ":46,"r_פה":97,"r_שס":2,"r_אחר":13,"max_party":"יש עתיד","color_general":"#FF8E3C","color_ynet":"#F90000","TOTAL_BZB":472}},{"type":"Feature","geometry":{"type":"Polygon","coordinates":[[[35.213344,31.734014],[35.225116,31.734014],[35.225116,31.744179],[35.213344,31.744179],[35.213344,31.734014],[35.213344,31.734014]]]},"id":127,"properties":{"r_סמל ועדה":1,"SHEM_YISHUV":"רמת רחל","SEMEL_YISHUV":127,"r_בזב":359,"r_מצביעים":283,"r_פסולים":0,"r_כשרים":283,"r_אמת":46,"r_ט":7,"r_כן":39,"r_ל":9,"r_מחל":30,"r_מרצ":23,"r_פה":117,"r_שס":6,"r_אחר":6,"max_party":"יש עתיד","color_general":"#FF8E3C","color_ynet":"#F90000","TOTAL_BZB":359}},{"type":"Feature","geometry":{"type":"Polygon","coordinates":[[[34.590363,31.328404],[34.612744,31.328404],[34.612744,31.349723],[34.590363,31.349723],[34.590363,31.328404],[34.590363,31.328404]]]},"id":789,"properties":{"r_סמל ועדה":18,"SHEM_YISHUV":"רנן","SEMEL_YISHUV":789,"r_בזב":468,"r_מצביעים":347,"r_פסולים":3,"r_כשרים":344,"r_אמת":5,"r_ג":4,"r_ט":78,"r_כן":62,"r_מחל":130,"r_מרצ":2,"r_פה":49,"r_שס":5,"r_אחר":9,"max_party":"הליכוד","color_general":"#1C5BAD","color_ynet":"#1417AC","TOTAL_BZB":468}},{"type":"Feature","geometry":{"type":"Polygon","coordinates":[[[34.452258,31.379519],[34.465191,31.379519],[34.465191,31.38977],[34.452258,31.38977],[34.452258,31.379519],[34.452258,31.379519]]]},"id":713,"properties":{"r_סמל ועדה":18,"SHEM_YISHUV":"רעים","SEMEL_YISHUV":713,"r_בזב":387,"r_מצביעים":282,"r_פסולים":1,"r_כשרים":281,"r_אמת":70,"r_ט":4,"r_כן":30,"r_ל":7,"r_מחל":12,"r_מרצ":35,"r_פה":112,"r_אחר":11,"max_party":"יש עתיד","color_general":"#FF8E3C","color_ynet":"#F90000","TOTAL_BZB":387}},{"type":"Feature","geometry":{"type":"Polygon","coordinates":[[[34.836778,32.16967],[34.891245,32.16967],[34.891245,32.209678],[34.836778,32.209678],[34.836778,32.16967],[34.836778,32.16967]]]},"id":8700,"properties":{"r_סמל ועדה":19,"SHEM_YISHUV":"רעננה","SEMEL_YISHUV":8700,"r_בזב":69652,"r_מצביעים":46392,"r_פסולים":169,"r_כשרים":46223,"r_אמת":2326,"r_ג":522,"r_ט":4566,"r_כן":6402,"r_ל":1221,"r_מחל":9456,"r_מרצ":2114,"r_פה":15173,"r_שס":2301,"r_אחר":2142,"max_party":"יש עתיד","color_general":"#FF8E3C","color_ynet":"#F90000","TOTAL_BZB":69652}},{"type":"Feature","geometry":{"type":"Polygon","coordinates":[[[35.259212,32.849988],[35.269845,32.849988],[35.269845,32.860088],[35.259212,32.860088],[35.259212,32.849988],[35.259212,32.849988]]]},"id":1228,"properties":{"r_סמל ועדה":20,"SHEM_YISHUV":"רקפת","SEMEL_YISHUV":1228,"r_בזב":787,"r_מצביעים":576,"r_פסולים":1,"r_כשרים":575,"r_אמת":76,"r_ט":19,"r_כן":85,"r_ל":24,"r_מחל":44,"r_מרצ":43,"r_פה":268,"r_אחר":16,"max_party":"יש עתיד","color_general":"#FF8E3C","color_ynet":"#F90000","TOTAL_BZB":787}},{"type":"Feature","geometry":{"type":"Polygon","coordinates":[[[34.818031,32.192565],[34.830887,32.192565],[34.830887,32.209343],[34.818031,32.209343],[34.818031,32.192565],[34.818031,32.192565]]]},"id":247,"properties":{"r_סמל ועדה":10,"SHEM_YISHUV":"רשפון","SEMEL_YISHUV":247,"r_בזב":920,"r_מצביעים":675,"r_פסולים":1,"r_כשרים":674,"r_אמת":41,"r_ט":10,"r_כן":95,"r_ל":15,"r_מחל":86,"r_מרצ":70,"r_פה":338,"r_אחר":19,"max_party":"יש עתיד","color_general":"#FF8E3C","color_ynet":"#F90000","TOTAL_BZB":920}},{"type":"Feature","geometry":{"type":"Polygon","coordinates":[[[35.472722,32.473975],[35.482075,32.473975],[35.482075,32.484501],[35.472722,32.484501],[35.472722,32.473975],[35.472722,32.473975]]]},"id":437,"properties":{"r_סמל ועדה":5,"SHEM_YISHUV":"רשפים","SEMEL_YISHUV":437,"r_בזב":692,"r_מצביעים":546,"r_פסולים":1,"r_כשרים":545,"r_אמת":61,"r_ט":33,"r_כן":120,"r_ל":6,"r_מחל":54,"r_מרצ":51,"r_פה":169,"r_שס":7,"r_אחר":44,"max_party":"יש עתיד","color_general":"#FF8E3C","color_ynet":"#F90000","TOTAL_BZB":692}},{"type":"Feature","geometry":{"type":"Polygon","coordinates":[[[34.686272,31.049832],[34.691983,31.049832],[34.691983,31.055241],[34.686272,31.055241],[34.686272,31.049832],[34.686272,31.049832]]]},"id":1260,"properties":{"r_סמל ועדה":18,"SHEM_YISHUV":"רתמים","SEMEL_YISHUV":1260,"r_בזב":276,"r_מצביעים":220,"r_פסולים":0,"r_כשרים":220,"r_ט":83,"r_כן":38,"r_מחל":35,"r_פה":3,"r_אחר":61,"max_party":"הציונות הדתית","color_general":"#A88461","color_ynet":"#5C97BF","TOTAL_BZB":276}},{"type":"Feature","geometry":{"type":"Polygon","coordinates":[[[35.641507,33.21832],[35.654135,33.21832],[35.654135,33.232679],[35.641507,33.232679],[35.641507,33.21832],[35.641507,33.21832]]]},"id":324,"properties":{"r_סמל ועדה":3,"SHEM_YISHUV":"שאר ישוב","SEMEL_YISHUV":324,"r_בזב":425,"r_מצביעים":305,"r_פסולים":0,"r_כשרים":305,"r_אמת":25,"r_ט":31,"r_כן":53,"r_ל":5,"r_מחל":69,"r_מרצ":4,"r_פה":109,"r_אחר":9,"max_party":"יש עתיד","color_general":"#FF8E3C","color_ynet":"#F90000","TOTAL_BZB":425}},{"type":"Feature","geometry":{"type":"Polygon","coordinates":[[[34.628893,31.463226],[34.6409,31.463226],[34.6409,31.46801],[34.628893,31.46801],[34.628893,31.463226],[34.628893,31.463226]]]},"id":1377,"properties":{"r_סמל ועדה":18,"SHEM_YISHUV":"שבי דרום","SEMEL_YISHUV":1377,"r_בזב":170,"r_מצביעים":152,"r_פסולים":2,"r_כשרים":150,"r_ג":6,"r_ט":136,"r_מחל":1,"r_פה":1,"r_שס":4,"r_אחר":2,"max_party":"הציונות הדתית","color_general":"#A88461","color_ynet":"#5C97BF","TOTAL_BZB":170}},{"type":"Feature","geometry":{"type":"Polygon","coordinates":[[[35.078094,32.969009],[35.095095,32.969009],[35.095095,32.988172],[35.078094,32.988172],[35.078094,32.969009],[35.078094,32.969009]]]},"id":282,"properties":{"r_סמל ועדה":6,"SHEM_YISHUV":"שבי ציון","SEMEL_YISHUV":282,"r_בזב":944,"r_מצביעים":625,"r_פסולים":0,"r_כשרים":625,"r_אמת":52,"r_ט":36,"r_כן":119,"r_ל":8,"r_מחל":120,"r_מרצ":36,"r_פה":223,"r_שס":5,"r_אחר":26,"max_party":"יש עתיד","color_general":"#FF8E3C","color_ynet":"#F90000","TOTAL_BZB":944}},{"type":"Feature","geometry":{"type":"Polygon","coordinates":[[[35.180797,32.259983],[35.188299,32.259983],[35.188299,32.267343],[35.180797,32.267343],[35.180797,32.259983],[35.180797,32.259983]]]},"id":3571,"properties":{"r_סמל ועדה":10,"SHEM_YISHUV":"שבי שומרון","SEMEL_YISHUV":3571,"r_בזב":588,"r_מצביעים":467,"r_פסולים":1,"r_כשרים":466,"r_ג":6,"r_ט":343,"r_כן":5,"r_ל":6,"r_מחל":87,"r_שס":6,"r_אחר":13,"max_party":"הציונות הדתית","color_general":"#A88461","color_ynet":"#5C97BF","TOTAL_BZB":588}},{"type":"Feature","geometry":{"type":"Polygon","coordinates":[[[35.382934,32.669019],[35.411734,32.669019],[35.411734,32.702667],[35.382934,32.702667],[35.382934,32.669019],[35.382934,32.669019]]]},"id":913,"properties":{"r_סמל ועדה":5,"SHEM_YISHUV":"שבלי - אום אל-גנם","SEMEL_YISHUV":913,"r_בזב":4548,"r_מצביעים":2276,"r_פסולים":18,"r_כשרים":2258,"r_אמת":53,"r_ום":293,"r_כן":26,"r_מחל":33,"r_מרצ":21,"r_עם":1524,"r_פה":14,"r_שס":12,"r_אחר":282,"max_party":"רע\"מ","color_general":"#F7C94C","color_ynet":"#FE9601","TOTAL_BZB":4548}},{"type":"Feature","geometry":{"type":"Polygon","coordinates":[[[34.808394,31.178192],[34.851161,31.178192],[34.851161,31.224455],[34.808394,31.224455],[34.808394,31.178192],[34.808394,31.178192]]]},"id":1286,"properties":{"r_סמל ועדה":18,"SHEM_YISHUV":"שגב-שלום","SEMEL_YISHUV":1286,"r_בזב":6049,"r_מצביעים":3222,"r_פסולים":35,"r_כשרים":3187,"r_ום":802,"r_מחל":53,"r_עם":2235,"r_אחר":97,"max_party":"רע\"מ","color_general":"#F7C94C","color_ynet":"#FE9601","TOTAL_BZB":6049}},{"type":"Feature","geometry":{"type":"Polygon","coordinates":[[[35.414594,32.736245],[35.432427,32.736245],[35.432427,32.757517],[35.414594,32.757517],[35.414594,32.736245],[35.414594,32.736245]]]},"id":721,"properties":{"r_סמל ועדה":4,"SHEM_YISHUV":"שדה אילן","SEMEL_YISHUV":721,"r_בזב":419,"r_מצביעים":340,"r_פסולים":0,"r_כשרים":340,"r_אמת":3,"r_ג":2,"r_ט":123,"r_כן":56,"r_ל":3,"r_מחל":76,"r_פה":12,"r_שס":11,"r_אחר":54,"max_party":"הציונות הדתית","color_general":"#A88461","color_ynet":"#5C97BF","TOTAL_BZB":419}},{"type":"Feature","geometry":{"type":"Polygon","coordinates":[[[35.508009,32.43633],[35.520177,32.43633],[35.520177,32.445501],[35.508009,32.445501],[35.508009,32.43633],[35.508009,32.43633]]]},"id":304,"properties":{"r_סמל ועדה":5,"SHEM_YISHUV":"שדה אליהו","SEMEL_YISHUV":304,"r_בזב":650,"r_מצביעים":398,"r_פסולים":2,"r_כשרים":396,"r_אמת":13,"r_ג":4,"r_ט":146,"r_כן":48,"r_ל":4,"r_מחל":79,"r_פה":30,"r_אחר":72,"max_party":"הציונות הדתית","color_general":"#A88461","color_ynet":"#5C97BF","TOTAL_BZB":650}},{"type":"Feature","geometry":{"type":"Polygon","coordinates":[[[35.547864,33.03947],[35.573308,33.03947],[35.573308,33.054083],[35.547864,33.054083],[35.547864,33.03947],[35.547864,33.03947]]]},"id":861,"properties":{"r_סמל ועדה":3,"SHEM_YISHUV":"שדה אליעזר","SEMEL_YISHUV":861,"r_בזב":674,"r_מצביעים":471,"r_פסולים":0,"r_כשרים":471,"r_אמת":15,"r_ג":11,"r_ט":51,"r_כן":109,"r_ל":6,"r_מחל":127,"r_מרצ":11,"r_פה":109,"r_שס":7,"r_אחר":25,"max_party":"הליכוד","color_general":"#1C5BAD","color_ynet":"#1417AC","TOTAL_BZB":674}},{"type":"Feature","geometry":{"type":"Polygon","coordinates":[[[34.78676,30.868239],[34.80218,30.868239],[34.80218,30.88011],[34.78676,30.88011],[34.78676,30.868239],[34.78676,30.868239]]]},"id":885,"properties":{"r_סמל ועדה":18,"SHEM_YISHUV":"שדה בוקר","SEMEL_YISHUV":885,"r_בזב":428,"r_מצביעים":266,"r_פסולים":1,"r_כשרים":265,"r_אמת":50,"r_ט":4,"r_כן":40,"r_ל":6,"r_מחל":10,"r_מרצ":30,"r_פה":112,"r_אחר":13,"max_party":"יש עתיד","color_general":"#FF8E3C","color_ynet":"#F90000","TOTAL_BZB":428}},{"type":"Feature","geometry":{"type":"Polygon","coordinates":[[[34.675257,31.570522],[34.689998,31.570522],[34.689998,31.581861],[34.675257,31.581861],[34.675257,31.570522],[34.675257,31.570522]]]},"id":36,"properties":{"r_סמל ועדה":17,"SHEM_YISHUV":"שדה דוד","SEMEL_YISHUV":36,"r_בזב":449,"r_מצביעים":365,"r_פסולים":4,"r_כשרים":361,"r_אמת":5,"r_ג":5,"r_ט":45,"r_כן":33,"r_ל":7,"r_מחל":167,"r_פה":34,"r_שס":60,"r_אחר":5,"max_party":"הליכוד","color_general":"#1C5BAD","color_ynet":"#1417AC","TOTAL_BZB":449}},{"type":"Feature","geometry":{"type":"Polygon","coordinates":[[[34.89093,32.197351],[34.917845,32.197351],[34.917845,32.214108],[34.89093,32.214108],[34.89093,32.197351],[34.89093,32.197351]]]},"id":284,"properties":{"r_סמל ועדה":19,"SHEM_YISHUV":"שדה ורבורג","SEMEL_YISHUV":284,"r_בזב":1019,"r_מצביעים":737,"r_פסולים":4,"r_כשרים":733,"r_אמת":73,"r_ום":4,"r_ט":10,"r_כן":91,"r_ל":23,"r_מחל":60,"r_מרצ":97,"r_פה":366,"r_אחר":9,"max_party":"יש עתיד","color_general":"#FF8E3C","color_ynet":"#F90000","TOTAL_BZB":1019}},{"type":"Feature","geometry":{"type":"Polygon","coordinates":[[[34.672471,31.640561],[34.689363,31.640561],[34.689363,31.649456],[34.672471,31.649456],[34.672471,31.640561],[34.672471,31.640561]]]},"id":293,"properties":{"r_סמל ועדה":17,"SHEM_YISHUV":"שדה יואב","SEMEL_YISHUV":293,"r_בזב":398,"r_מצביעים":303,"r_פסולים":1,"r_כשרים":302,"r_אמת":39,"r_ט":4,"r_כן":44,"r_ל":9,"r_מחל":15,"r_מרצ":59,"r_פה":125,"r_אחר":7,"max_party":"יש עתיד","color_general":"#FF8E3C","color_ynet":"#F90000","TOTAL_BZB":398}},{"type":"Feature","geometry":{"type":"Polygon","coordinates":[[[35.129509,32.686334],[35.14765,32.686334],[35.14765,32.706481],[35.129509,32.706481],[35.129509,32.686334],[35.129509,32.686334]]]},"id":142,"properties":{"r_סמל ועדה":5,"SHEM_YISHUV":"שדה יעקב","SEMEL_YISHUV":142,"r_בזב":671,"r_מצביעים":524,"r_פסולים":2,"r_כשרים":522,"r_אמת":9,"r_ט":187,"r_כן":66,"r_ל":3,"r_מחל":127,"r_מרצ":8,"r_פה":47,"r_שס":7,"r_אחר":68,"max_party":"הציונות הדתית","color_general":"#A88461","color_ynet":"#5C97BF","TOTAL_BZB":671}},{"type":"Feature","geometry":{"type":"Polygon","coordinates":[[[34.98552,32.400031],[35.000872,32.400031],[35.000872,32.410822],[34.98552,32.410822],[34.98552,32.400031],[34.98552,32.400031]]]},"id":2008,"properties":{"r_סמל ועדה":9,"SHEM_YISHUV":"שדה יצחק","SEMEL_YISHUV":2008,"r_בזב":446,"r_מצביעים":334,"r_פסולים":2,"r_כשרים":332,"r_אמת":25,"r_ום":3,"r_ט":26,"r_כן":55,"r_מחל":78,"r_מרצ":19,"r_פה":113,"r_שס":5,"r_אחר":8,"max_party":"יש עתיד","color_general":"#FF8E3C","color_ynet":"#F90000","TOTAL_BZB":446}},{"type":"Feature","geometry":{"type":"Polygon","coordinates":[[[34.788964,31.605118],[34.810648,31.605118],[34.810648,31.619119],[34.788964,31.619119],[34.788964,31.605118],[34.788964,31.605118]]]},"id":18,"properties":{"r_סמל ועדה":17,"SHEM_YISHUV":"שדה משה","SEMEL_YISHUV":18,"r_בזב":405,"r_מצביעים":323,"r_פסולים":1,"r_כשרים":322,"r_אמת":26,"r_ט":29,"r_כן":60,"r_ל":5,"r_מחל":81,"r_מרצ":5,"r_פה":96,"r_שס":8,"r_אחר":12,"max_party":"יש עתיד","color_general":"#FF8E3C","color_ynet":"#F90000","TOTAL_BZB":405}},{"type":"Feature","geometry":{"type":"Polygon","coordinates":[[[35.477715,32.521697],[35.487047,32.521697],[35.487047,32.532253],[35.477715,32.532253],[35.477715,32.521697],[35.477715,32.521697]]]},"id":259,"properties":{"r_סמל ועדה":5,"SHEM_YISHUV":"שדה נחום","SEMEL_YISHUV":259,"r_בזב":719,"r_מצביעים":501,"r_פסולים":4,"r_כשרים":497,"r_אמת":37,"r_ט":40,"r_כן":86,"r_ל":9,"r_מחל":133,"r_מרצ":20,"r_פה":151,"r_שס":7,"r_אחר":14,"max_party":"יש עתיד","color_general":"#FF8E3C","color_ynet":"#F90000","TOTAL_BZB":719}},{"type":"Feature","geometry":{"type":"Polygon","coordinates":[[[35.617657,33.182563],[35.63026,33.182563],[35.63026,33.190556],[35.617657,33.190556],[35.617657,33.182563],[35.617657,33.182563]]]},"id":329,"properties":{"r_סמל ועדה":3,"SHEM_YISHUV":"שדה נחמיה","SEMEL_YISHUV":329,"r_בזב":821,"r_מצביעים":573,"r_פסולים":1,"r_כשרים":572,"r_אמת":68,"r_ט":39,"r_כן":114,"r_ל":6,"r_מחל":100,"r_מרצ":29,"r_פה":186,"r_שס":7,"r_אחר":23,"max_party":"יש עתיד","color_general":"#FF8E3C","color_ynet":"#F90000","TOTAL_BZB":821}},{"type":"Feature","geometry":{"type":"Polygon","coordinates":[[[34.41436,31.22504],[34.424141,31.22504],[34.424141,31.23579],[34.41436,31.23579],[34.41436,31.22504],[34.41436,31.22504]]]},"id":1058,"properties":{"r_סמל ועדה":18,"SHEM_YISHUV":"שדה ניצן","SEMEL_YISHUV":1058,"r_בזב":391,"r_מצביעים":228,"r_פסולים":1,"r_כשרים":227,"r_אמת":20,"r_ום":2,"r_ט":12,"r_כן":40,"r_ל":4,"r_מחל":21,"r_מרצ":23,"r_פה":95,"r_אחר":10,"max_party":"יש עתיד","color_general":"#FF8E3C","color_ynet":"#F90000","TOTAL_BZB":391}},{"type":"Feature","geometry":{"type":"Polygon","coordinates":[[[34.662875,31.747646],[34.685859,31.747646],[34.685859,31.765874],[34.662875,31.765874],[34.662875,31.747646],[34.662875,31.747646]]]},"id":739,"properties":{"r_סמל ועדה":17,"SHEM_YISHUV":"שדה עוזיהו","SEMEL_YISHUV":739,"r_בזב":1026,"r_מצביעים":851,"r_פסולים":2,"r_כשרים":849,"r_אמת":7,"r_ג":20,"r_ט":129,"r_כן":55,"r_מחל":462,"r_פה":25,"r_שס":141,"r_אחר":10,"max_party":"הליכוד","color_general":"#1C5BAD","color_ynet":"#1417AC","TOTAL_BZB":1026}},{"type":"Feature","geometry":{"type":"Polygon","coordinates":[[[34.706704,31.444743],[34.718152,31.444743],[34.718152,31.453406],[34.706704,31.453406],[34.706704,31.444743],[34.706704,31.444743]]]},"id":2049,"properties":{"r_סמל ועדה":18,"SHEM_YISHUV":"שדה צבי","SEMEL_YISHUV":2049,"r_בזב":442,"r_מצביעים":337,"r_פסולים":0,"r_כשרים":337,"r_אמת":19,"r_ג":3,"r_ט":43,"r_כן":38,"r_מחל":133,"r_מרצ":5,"r_פה":40,"r_שס":42,"r_אחר":14,"max_party":"הליכוד","color_general":"#1C5BAD","color_ynet":"#1417AC","TOTAL_BZB":442}},{"type":"Feature","geometry":{"type":"Polygon","coordinates":[[[34.888529,32.487816],[34.898204,32.487816],[34.898204,32.497033],[34.888529,32.497033],[34.888529,32.487816],[34.888529,32.487816]]]},"id":327,"properties":{"r_סמל ועדה":9,"SHEM_YISHUV":"שדות ים","SEMEL_YISHUV":327,"r_בזב":749,"r_מצביעים":603,"r_פסולים":1,"r_כשרים":602,"r_אמת":75,"r_ג":9,"r_ט":10,"r_כן":102,"r_ל":12,"r_מחל":38,"r_מרצ":56,"r_פה":275,"r_שס":6,"r_אחר":19,"max_party":"יש עתיד","color_general":"#FF8E3C","color_ynet":"#F90000","TOTAL_BZB":749}},{"type":"Feature","geometry":{"type":"Polygon","coordinates":[[[34.916378,31.71705],[34.931832,31.71705],[34.931832,31.726793],[34.916378,31.726793],[34.916378,31.71705],[34.916378,31.71705]]]},"id":27,"properties":{"r_סמל ועדה":2,"SHEM_YISHUV":"שדות מיכה","SEMEL_YISHUV":27,"r_בזב":275,"r_מצביעים":206,"r_פסולים":0,"r_כשרים":206,"r_ג":13,"r_ט":37,"r_כן":11,"r_מחל":80,"r_פה":4,"r_שס":57,"r_אחר":4,"max_party":"הליכוד","color_general":"#1C5BAD","color_ynet":"#1417AC","TOTAL_BZB":275}},{"type":"Feature","geometry":{"type":"Polygon","coordinates":[[[34.329871,31.204801],[34.344118,31.204801],[34.344118,31.218426],[34.329871,31.218426],[34.329871,31.204801],[34.329871,31.204801]]]},"id":1223,"properties":{"r_סמל ועדה":18,"SHEM_YISHUV":"שדי אברהם","SEMEL_YISHUV":1223,"r_בזב":264,"r_מצביעים":169,"r_פסולים":0,"r_כשרים":169,"r_אמת":10,"r_ג":1,"r_ט":22,"r_כן":43,"r_ל":5,"r_מחל":27,"r_מרצ":4,"r_פה":53,"r_שס":1,"r_אחר":3,"max_party":"יש עתיד","color_general":"#FF8E3C","color_ynet":"#F90000","TOTAL_BZB":264}},{"type":"Feature","geometry":{"type":"Polygon","coordinates":[[[34.937597,32.155392],[34.948578,32.155392],[34.948578,32.163129],[34.937597,32.163129],[34.937597,32.155392],[34.937597,32.155392]]]},"id":2015,"properties":{"r_סמל ועדה":19,"SHEM_YISHUV":"שדי חמד","SEMEL_YISHUV":2015,"r_בזב":728,"r_מצביעים":547,"r_פסולים":4,"r_כשרים":543,"r_אמת":50,"r_ט":28,"r_כן":104,"r_ל":12,"r_מחל":77,"r_מרצ":33,"r_פה":214,"r_שס":4,"r_אחר":21,"max_party":"יש עתיד","color_general":"#FF8E3C","color_ynet":"#F90000","TOTAL_BZB":728}},{"type":"Feature","geometry":{"type":"Polygon","coordinates":[[[35.47963,32.434829],[35.491531,32.434829],[35.491531,32.445941],[35.47963,32.445941],[35.47963,32.434829],[35.47963,32.434829]]]},"id":2057,"properties":{"r_סמל ועדה":5,"SHEM_YISHUV":"שדי תרומות","SEMEL_YISHUV":2057,"r_בזב":387,"r_מצביעים":293,"r_פסולים":0,"r_כשרים":293,"r_ט":42,"r_כן":9,"r_מחל":202,"r_פה":3,"r_שס":31,"r_אחר":6,"max_party":"הליכוד","color_general":"#1C5BAD","color_ynet":"#1417AC","TOTAL_BZB":387}},{"type":"Feature","geometry":{"type":"Polygon","coordinates":[[[34.734126,31.826217],[34.750072,31.826217],[34.750072,31.840083],[34.734126,31.840083],[34.734126,31.826217],[34.734126,31.826217]]]},"id":555,"properties":{"r_סמל ועדה":13,"SHEM_YISHUV":"שדמה","SEMEL_YISHUV":555,"r_בזב":384,"r_מצביעים":278,"r_פסולים":1,"r_כשרים":277,"r_אמת":24,"r_ום":5,"r_ט":6,"r_כן":66,"r_ל":2,"r_מחל":21,"r_מרצ":27,"r_פה":117,"r_אחר":9,"max_party":"יש עתיד","color_general":"#FF8E3C","color_ynet":"#F90000","TOTAL_BZB":384}},{"type":"Feature","geometry":{"type":"Polygon","coordinates":[[[35.427878,32.685762],[35.448592,32.685762],[35.448592,32.707297],[35.427878,32.707297],[35.427878,32.685762],[35.427878,32.685762]]]},"id":306,"properties":{"r_סמל ועדה":4,"SHEM_YISHUV":"שדמות דבורה","SEMEL_YISHUV":306,"r_בזב":495,"r_מצביעים":387,"r_פסולים":1,"r_כשרים":386,"r_אמת":36,"r_ט":11,"r_כן":76,"r_ל":4,"r_מחל":32,"r_מרצ":19,"r_פה":192,"r_שס":3,"r_אחר":13,"max_party":"יש עתיד","color_general":"#FF8E3C","color_ynet":"#F90000","TOTAL_BZB":495}},{"type":"Feature","geometry":{"type":"Polygon","coordinates":[[[35.528016,32.344233],[35.534861,32.344233],[35.534861,32.350855],[35.528016,32.350855],[35.528016,32.344233],[35.528016,32.344233]]]},"id":3578,"properties":{"r_סמל ועדה":5,"SHEM_YISHUV":"שדמות מחולה","SEMEL_YISHUV":3578,"r_בזב":437,"r_מצביעים":340,"r_פסולים":0,"r_כשרים":340,"r_ג":2,"r_ט":244,"r_כן":6,"r_מחל":27,"r_שס":7,"r_אחר":54,"max_party":"הציונות הדתית","color_general":"#A88461","color_ynet":"#5C97BF","TOTAL_BZB":437}},{"type":"Feature","geometry":{"type":"Polygon","coordinates":[[[34.579618,31.51198],[34.620245,31.51198],[34.620245,31.553767],[34.579618,31.553767],[34.579618,31.51198],[34.579618,31.51198]]]},"id":1031,"properties":{"r_סמל ועדה":17,"SHEM_YISHUV":"שדרות","SEMEL_YISHUV":1031,"r_בזב":23403,"r_מצביעים":15342,"r_פסולים":100,"r_כשרים":15242,"r_אמת":169,"r_ג":149,"r_ט":3742,"r_כן":860,"r_ל":792,"r_מחל":6329,"r_מרצ":113,"r_פה":888,"r_שס":1838,"r_אחר":362,"max_party":"הליכוד","color_general":"#1C5BAD","color_ynet":"#1417AC","TOTAL_BZB":23403}},{"type":"Feature","geometry":{"type":"Polygon","coordinates":[[[35.074649,31.794167],[35.082665,31.794167],[35.082665,31.800793],[35.074649,31.800793],[35.074649,31.794167],[35.074649,31.794167]]]},"id":741,"properties":{"r_סמל ועדה":2,"SHEM_YISHUV":"שואבה","SEMEL_YISHUV":741,"r_בזב":462,"r_מצביעים":341,"r_פסולים":2,"r_כשרים":339,"r_אמת":30,"r_ום":3,"r_ט":24,"r_כן":40,"r_ל":6,"r_מחל":98,"r_מרצ":37,"r_פה":88,"r_שס":8,"r_אחר":5,"max_party":"הליכוד","color_general":"#1C5BAD","color_ynet":"#1417AC","TOTAL_BZB":462}},{"type":"Feature","geometry":{"type":"Polygon","coordinates":[[[34.53479,31.444851],[34.554971,31.444851],[34.554971,31.460202],[34.53479,31.460202],[34.53479,31.444851],[34.53479,31.444851]]]},"id":761,"properties":{"r_סמל ועדה":18,"SHEM_YISHUV":"שובה","SEMEL_YISHUV":761,"r_בזב":448,"r_מצביעים":347,"r_פסולים":1,"r_כשרים":346,"r_ג":7,"r_ט":120,"r_כן":6,"r_מחל":154,"r_פה":5,"r_שס":39,"r_אחר":15,"max_party":"הליכוד","color_general":"#1C5BAD","color_ynet":"#1417AC","TOTAL_BZB":448}},{"type":"Feature","geometry":{"type":"Polygon","coordinates":[[[34.73721,31.408053],[34.748613,31.408053],[34.748613,31.419076],[34.73721,31.419076],[34.73721,31.408053],[34.73721,31.408053]]]},"id":394,"properties":{"r_סמל ועדה":18,"SHEM_YISHUV":"שובל","SEMEL_YISHUV":394,"r_בזב":645,"r_מצביעים":466,"r_פסולים":1,"r_כשרים":465,"r_אמת":81,"r_ט":3,"r_כן":79,"r_ל":10,"r_מחל":12,"r_מרצ":100,"r_פה":168,"r_אחר":12,"max_party":"יש עתיד","color_general":"#FF8E3C","color_ynet":"#F90000","TOTAL_BZB":645}},{"type":"Feature","geometry":{"type":"Polygon","coordinates":[[[34.931718,31.982573],[34.967997,31.982573],[34.967997,32.022471],[34.931718,32.022471],[34.931718,31.982573],[34.931718,31.982573]]]},"id":1304,"properties":{"r_סמל ועדה":12,"SHEM_YISHUV":"שוהם","SEMEL_YISHUV":1304,"r_בזב":17006,"r_מצביעים":12931,"r_פסולים":21,"r_כשרים":12910,"r_אמת":653,"r_ט":1032,"r_כן":2425,"r_ל":292,"r_מחל":2802,"r_מרצ":431,"r_פה":4269,"r_שס":289,"r_אחר":717,"max_party":"יש עתיד","color_general":"#FF8E3C","color_ynet":"#F90000","TOTAL_BZB":17006}},{"type":"Feature","geometry":{"type":"Polygon","coordinates":[[[35.27355,33.078848],[35.292103,33.078848],[35.292103,33.0901],[35.27355,33.0901],[35.27355,33.078848],[35.27355,33.078848]]]},"id":614,"properties":{"r_סמל ועדה":6,"SHEM_YISHUV":"שומרה","SEMEL_YISHUV":614,"r_בזב":310,"r_מצביעים":203,"r_פסולים":0,"r_כשרים":203,"r_אמת":3,"r_ג":2,"r_ט":34,"r_כן":15,"r_מחל":117,"r_פה":14,"r_שס":14,"r_אחר":4,"max_party":"הליכוד","color_general":"#1C5BAD","color_ynet":"#1417AC","TOTAL_BZB":310}},{"type":"Feature","geometry":{"type":"Polygon","coordinates":[[[34.878254,31.428334],[34.889738,31.428334],[34.889738,31.435685],[34.878254,31.435685],[34.878254,31.428334],[34.878254,31.428334]]]},"id":1265,"properties":{"r_סמל ועדה":18,"SHEM_YISHUV":"שומרייה","SEMEL_YISHUV":1265,"r_בזב":354,"r_מצביעים":277,"r_פסולים":0,"r_כשרים":277,"r_ט":245,"r_כן":2,"r_מחל":17,"r_פה":3,"r_שס":8,"r_אחר":2,"max_party":"הציונות הדתית","color_general":"#A88461","color_ynet":"#5C97BF","TOTAL_BZB":354}},{"type":"Feature","geometry":{"type":"Polygon","coordinates":[[[34.518779,31.417951],[34.530297,31.417951],[34.530297,31.426716],[34.518779,31.426716],[34.518779,31.417951],[34.518779,31.417951]]]},"id":415,"properties":{"r_סמל ועדה":18,"SHEM_YISHUV":"שוקדה","SEMEL_YISHUV":415,"r_בזב":302,"r_מצביעים":255,"r_פסולים":0,"r_כשרים":255,"r_ט":112,"r_כן":3,"r_מחל":82,"r_פה":2,"r_שס":37,"r_אחר":19,"max_party":"הציונות הדתית","color_general":"#A88461","color_ynet":"#5C97BF","TOTAL_BZB":302}},{"type":"Feature","geometry":{"type":"Polygon","coordinates":[[[35.060548,31.792797],[35.07056,31.792797],[35.07056,31.800913],[35.060548,31.800913],[35.060548,31.792797],[35.060548,31.792797]]]},"id":456,"properties":{"r_סמל ועדה":2,"SHEM_YISHUV":"שורש","SEMEL_YISHUV":456,"r_בזב":1065,"r_מצביעים":476,"r_פסולים":0,"r_כשרים":476,"r_אמת":42,"r_ג":4,"r_ט":39,"r_כן":70,"r_ל":23,"r_מחל":67,"r_מרצ":40,"r_פה":157,"r_שס":3,"r_אחר":31,"max_party":"יש עתיד","color_general":"#FF8E3C","color_ynet":"#F90000","TOTAL_BZB":1065}},{"type":"Feature","geometry":{"type":"Polygon","coordinates":[[[35.252505,32.890497],[35.264135,32.890497],[35.264135,32.896939],[35.252505,32.896939],[35.252505,32.890497],[35.252505,32.890497]]]},"id":1235,"properties":{"r_סמל ועדה":20,"SHEM_YISHUV":"שורשים","SEMEL_YISHUV":1235,"r_בזב":456,"r_מצביעים":319,"r_פסולים":1,"r_כשרים":318,"r_אמת":31,"r_ום":5,"r_ט":10,"r_כן":58,"r_ל":7,"r_מחל":41,"r_מרצ":22,"r_פה":129,"r_אחר":15,"max_party":"יש עתיד","color_general":"#FF8E3C","color_ynet":"#F90000","TOTAL_BZB":456}},{"type":"Feature","geometry":{"type":"Polygon","coordinates":[[[34.855446,32.352705],[34.857953,32.352705],[34.857953,32.35605],[34.855446,32.35605],[34.855446,32.352705],[34.855446,32.352705]]]},"id":224,"properties":{"r_סמל ועדה":10,"SHEM_YISHUV":"שושנת העמקים","SEMEL_YISHUV":224,"r_בזב":443,"r_מצביעים":318,"r_פסולים":1,"r_כשרים":317,"r_אמת":15,"r_ג":2,"r_ט":29,"r_כן":38,"r_ל":8,"r_מחל":107,"r_מרצ":12,"r_פה":64,"r_שס":33,"r_אחר":9,"max_party":"הליכוד","color_general":"#1C5BAD","color_ynet":"#1417AC","TOTAL_BZB":443}},{"type":"Feature","geometry":{"type":"Polygon","coordinates":[[[35.347239,32.92751],[35.357698,32.92751],[35.357698,32.935785],[35.347239,32.935785],[35.347239,32.92751],[35.347239,32.92751]]]},"id":527,"properties":{"r_סמל ועדה":20,"SHEM_YISHUV":"שזור","SEMEL_YISHUV":527,"r_בזב":274,"r_מצביעים":214,"r_פסולים":0,"r_כשרים":214,"r_ג":3,"r_ט":31,"r_כן":20,"r_ל":3,"r_מחל":126,"r_פה":12,"r_שס":14,"r_אחר":5,"max_party":"הליכוד","color_general":"#1C5BAD","color_ynet":"#1417AC","TOTAL_BZB":274}},{"type":"Feature","geometry":{"type":"Polygon","coordinates":[[[34.715337,31.611526],[34.735115,31.611526],[34.735115,31.631214],[34.715337,31.631214],[34.715337,31.611526],[34.715337,31.611526]]]},"id":7,"properties":{"r_סמל ועדה":17,"SHEM_YISHUV":"שחר","SEMEL_YISHUV":7,"r_בזב":530,"r_מצביעים":376,"r_פסולים":1,"r_כשרים":375,"r_אמת":11,"r_ט":38,"r_כן":62,"r_ל":5,"r_מחל":144,"r_מרצ":4,"r_פה":46,"r_שס":55,"r_אחר":10,"max_party":"הליכוד","color_general":"#1C5BAD","color_ynet":"#1417AC","TOTAL_BZB":530}},{"type":"Feature","geometry":{"type":"Polygon","coordinates":[[[34.996774,29.902142],[35.003258,29.902142],[35.003258,29.907585],[34.996774,29.907585],[34.996774,29.902142],[34.996774,29.902142]]]},"id":1266,"properties":{"r_סמל ועדה":18,"SHEM_YISHUV":"שחרות","SEMEL_YISHUV":1266,"r_בזב":151,"r_מצביעים":79,"r_פסולים":0,"r_כשרים":79,"r_אמת":13,"r_ום":1,"r_ט":1,"r_כן":8,"r_ל":4,"r_מחל":5,"r_מרצ":13,"r_פה":28,"r_אחר":6,"max_party":"יש עתיד","color_general":"#FF8E3C","color_ynet":"#F90000","TOTAL_BZB":151}},{"type":"Feature","geometry":{"type":"Polygon","coordinates":[[[34.600887,31.387706],[34.613334,31.387706],[34.613334,31.401138],[34.600887,31.401138],[34.600887,31.387706],[34.600887,31.387706]]]},"id":865,"properties":{"r_סמל ועדה":18,"SHEM_YISHUV":"שיבולים","SEMEL_YISHUV":865,"r_בזב":282,"r_מצביעים":216,"r_פסולים":0,"r_כשרים":216,"r_ג":4,"r_ט":62,"r_כן":12,"r_ל":3,"r_מחל":110,"r_פה":4,"r_שס":13,"r_אחר":8,"max_party":"הליכוד","color_general":"#1C5BAD","color_ynet":"#1417AC","TOTAL_BZB":282}},{"type":"Feature","geometry":{"type":"Polygon","coordinates":[[[35.143055,32.988718],[35.153238,32.988718],[35.153238,32.999004],[35.143055,32.999004],[35.143055,32.988718],[35.143055,32.988718]]]},"id":658,"properties":{"r_סמל ועדה":6,"SHEM_YISHUV":"שייח' דנון","SEMEL_YISHUV":658,"r_בזב":2134,"r_מצביעים":1191,"r_פסולים":14,"r_כשרים":1177,"r_ום":356,"r_מרצ":33,"r_עם":363,"r_אחר":425,"max_party":"אחר","color_general":"#F7C94C","color_ynet":"#FE9601","TOTAL_BZB":2134}},{"type":"Feature","geometry":{"type":"Polygon","coordinates":[[[35.290811,32.048682],[35.303969,32.048682],[35.303969,32.057354],[35.290811,32.057354],[35.290811,32.048682],[35.290811,32.048682]]]},"id":3641,"properties":{"r_סמל ועדה":2,"SHEM_YISHUV":"שילה","SEMEL_YISHUV":3641,"r_בזב":2259,"r_מצביעים":1772,"r_פסולים":3,"r_כשרים":1769,"r_ג":13,"r_ט":1451,"r_מחל":162,"r_שס":38,"r_אחר":105,"max_party":"הציונות הדתית","color_general":"#A88461","color_ynet":"#5C97BF","TOTAL_BZB":2259}},{"type":"Feature","geometry":{"type":"Polygon","coordinates":[[[35.011562,31.91233],[35.028062,31.91233],[35.028062,31.923871],[35.011562,31.923871],[35.011562,31.91233],[35.011562,31.91233]]]},"id":1165,"properties":{"r_סמל ועדה":12,"SHEM_YISHUV":"שילת","SEMEL_YISHUV":1165,"r_בזב":529,"r_מצביעים":414,"r_פסולים":1,"r_כשרים":413,"r_אמת":54,"r_ום":6,"r_ט":9,"r_כן":49,"r_ל":12,"r_מחל":42,"r_מרצ":53,"r_פה":168,"r_שס":5,"r_אחר":15,"max_party":"יש עתיד","color_general":"#FF8E3C","color_ynet":"#F90000","TOTAL_BZB":529}},{"type":"Feature","geometry":{"type":"Polygon","coordinates":[[[35.24176,32.844635],[35.250509,32.844635],[35.250509,32.853606],[35.24176,32.853606],[35.24176,32.844635],[35.24176,32.844635]]]},"id":1160,"properties":{"r_סמל ועדה":20,"SHEM_YISHUV":"שכניה","SEMEL_YISHUV":1160,"r_בזב":623,"r_מצביעים":454,"r_פסולים":0,"r_כשרים":454,"r_אמת":65,"r_ט":14,"r_כן":66,"r_ל":6,"r_מחל":28,"r_מרצ":51,"r_פה":205,"r_אחר":19,"max_party":"יש עתיד","color_general":"#FF8E3C","color_ynet":"#F90000","TOTAL_BZB":623}},{"type":"Feature","geometry":{"type":"Polygon","coordinates":[[[34.758766,31.557736],[34.774734,31.557736],[34.774734,31.570301],[34.758766,31.570301],[34.758766,31.557736],[34.758766,31.557736]]]},"id":873,"properties":{"r_סמל ועדה":17,"SHEM_YISHUV":"שלווה","SEMEL_YISHUV":873,"r_בזב":421,"r_מצביעים":351,"r_פסולים":0,"r_כשרים":351,"r_ג":8,"r_ט":73,"r_כן":3,"r_מחל":174,"r_פה":4,"r_שס":81,"r_אחר":8,"max_party":"הליכוד","color_general":"#1C5BAD","color_ynet":"#1417AC","TOTAL_BZB":421}},{"type":"Feature","geometry":{"type":"Polygon","coordinates":[[[35.474472,32.468123],[35.486469,32.468123],[35.486469,32.475776],[35.474472,32.475776],[35.474472,32.468123],[35.474472,32.468123]]]},"id":439,"properties":{"r_סמל ועדה":5,"SHEM_YISHUV":"שלוחות","SEMEL_YISHUV":439,"r_בזב":342,"r_מצביעים":241,"r_פסולים":2,"r_כשרים":239,"r_אמת":7,"r_ג":5,"r_ט":45,"r_כן":43,"r_ל":2,"r_מחל":36,"r_מרצ":2,"r_פה":30,"r_שס":4,"r_אחר":65,"max_party":"אחר","color_general":"#A88461","color_ynet":"#5C97BF","TOTAL_BZB":342}},{"type":"Feature","geometry":{"type":"Polygon","coordinates":[[[35.130179,33.046721],[35.162649,33.046721],[35.162649,33.086417],[35.130179,33.086417],[35.130179,33.046721],[35.130179,33.046721]]]},"id":812,"properties":{"r_סמל ועדה":6,"SHEM_YISHUV":"שלומי","SEMEL_YISHUV":812,"r_בזב":5887,"r_מצביעים":3913,"r_פסולים":25,"r_כשרים":3888,"r_אמת":65,"r_ג":24,"r_ט":606,"r_כן":292,"r_ל":265,"r_מחל":1692,"r_מרצ":22,"r_פה":457,"r_שס":370,"r_אחר":95,"max_party":"הליכוד","color_general":"#1C5BAD","color_ynet":"#1417AC","TOTAL_BZB":5887}},{"type":"Feature","geometry":{"type":"Polygon","coordinates":[[[34.297865,31.164913],[34.308923,31.164913],[34.308923,31.172265],[34.297865,31.172265],[34.297865,31.164913],[34.297865,31.164913]]]},"id":1364,"properties":{"r_סמל ועדה":18,"SHEM_YISHUV":"שלומית","SEMEL_YISHUV":1364,"r_בזב":157,"r_מצביעים":129,"r_פסולים":0,"r_כשרים":129,"r_ט":105,"r_כן":2,"r_מחל":14,"r_שס":3,"r_אחר":5,"max_party":"הציונות הדתית","color_general":"#A88461","color_ynet":"#5C97BF","TOTAL_BZB":157}},{"type":"Feature","geometry":{"type":"Polygon","coordinates":[[[35.655871,33.159411],[35.66415,33.159411],[35.66415,33.171896],[35.655871,33.171896],[35.655871,33.159411],[35.655871,33.159411]]]},"id":366,"properties":{"r_סמל ועדה":3,"SHEM_YISHUV":"שמיר","SEMEL_YISHUV":366,"r_בזב":707,"r_מצביעים":490,"r_פסולים":2,"r_כשרים":488,"r_אמת":70,"r_ום":4,"r_ט":8,"r_כן":83,"r_ל":8,"r_מחל":23,"r_מרצ":92,"r_פה":183,"r_אחר":17,"max_party":"יש עתיד","color_general":"#FF8E3C","color_ynet":"#F90000","TOTAL_BZB":707}},{"type":"Feature","geometry":{"type":"Polygon","coordinates":[[[35.007656,31.384819],[35.014619,31.384819],[35.014619,31.39004],[35.007656,31.39004],[35.007656,31.384819],[35.007656,31.384819]]]},"id":3784,"properties":{"r_סמל ועדה":18,"SHEM_YISHUV":"שמעה","SEMEL_YISHUV":3784,"r_בזב":485,"r_מצביעים":370,"r_פסולים":1,"r_כשרים":369,"r_אמת":7,"r_ט":217,"r_כן":16,"r_ל":4,"r_מחל":88,"r_פה":13,"r_שס":11,"r_אחר":13,"max_party":"הציונות הדתית","color_general":"#A88461","color_ynet":"#5C97BF","TOTAL_BZB":485}},{"type":"Feature","geometry":{"type":"Polygon","coordinates":[[[35.088896,32.944109],[35.099498,32.944109],[35.099498,32.958556],[35.088896,32.958556],[35.088896,32.944109],[35.088896,32.944109]]]},"id":432,"properties":{"r_סמל ועדה":6,"SHEM_YISHUV":"שמרת","SEMEL_YISHUV":432,"r_בזב":468,"r_מצביעים":340,"r_פסולים":0,"r_כשרים":340,"r_אמת":31,"r_ט":10,"r_כן":49,"r_ל":8,"r_מחל":23,"r_מרצ":91,"r_פה":120,"r_אחר":8,"max_party":"יש עתיד","color_general":"#FF8E3C","color_ynet":"#F90000","TOTAL_BZB":468}},{"type":"Feature","geometry":{"type":"Polygon","coordinates":[[[35.239124,32.727875],[35.256152,32.727875],[35.256152,32.737895],[35.239124,32.737895],[35.239124,32.727875],[35.239124,32.727875]]]},"id":1337,"properties":{"r_סמל ועדה":5,"SHEM_YISHUV":"שמשית","SEMEL_YISHUV":1337,"r_בזב":1960,"r_מצביעים":1356,"r_פסולים":2,"r_כשרים":1354,"r_אמת":173,"r_ט":33,"r_כן":255,"r_ל":17,"r_מחל":119,"r_מרצ":114,"r_פה":613,"r_אחר":30,"max_party":"יש עתיד","color_general":"#FF8E3C","color_ynet":"#F90000","TOTAL_BZB":1960}},{"type":"Feature","geometry":{"type":"Polygon","coordinates":[[[35.065897,31.352307],[35.073531,31.352307],[35.073531,31.358843],[35.065897,31.358843],[35.065897,31.352307],[35.065897,31.352307]]]},"id":1287,"properties":{"r_סמל ועדה":18,"SHEM_YISHUV":"שני","SEMEL_YISHUV":1287,"r_בזב":377,"r_מצביעים":249,"r_פסולים":2,"r_כשרים":247,"r_אמת":8,"r_ט":40,"r_כן":31,"r_ל":31,"r_מחל":54,"r_מרצ":6,"r_פה":60,"r_שס":3,"r_אחר":14,"max_party":"יש עתיד","color_general":"#FF8E3C","color_ynet":"#F90000","TOTAL_BZB":377}},{"type":"Feature","geometry":{"type":"Polygon","coordinates":[[[35.674585,33.236602],[35.682021,33.236602],[35.682021,33.246831],[35.674585,33.246831],[35.674585,33.236602],[35.674585,33.236602]]]},"id":1132,"properties":{"r_סמל ועדה":3,"SHEM_YISHUV":"שניר","SEMEL_YISHUV":1132,"r_בזב":493,"r_מצביעים":358,"r_פסולים":0,"r_כשרים":358,"r_אמת":63,"r_ט":5,"r_כן":68,"r_ל":4,"r_מחל":28,"r_מרצ":35,"r_פה":139,"r_אחר":16,"max_party":"יש עתיד","color_general":"#FF8E3C","color_ynet":"#F90000","TOTAL_BZB":493}},{"type":"Feature","geometry":{"type":"Polygon","coordinates":[[[35.192438,32.882644],[35.254149,32.882644],[35.254149,32.903573],[35.192438,32.903573],[35.192438,32.882644],[35.192438,32.882644]]]},"id":538,"properties":{"r_סמל ועדה":20,"SHEM_YISHUV":"שעב","SEMEL_YISHUV":538,"r_בזב":5247,"r_מצביעים":3337,"r_פסולים":24,"r_כשרים":3313,"r_אמת":27,"r_ום":1514,"r_מחל":20,"r_עם":1021,"r_פה":142,"r_אחר":589,"max_party":"חד\"ש תע\"ל","color_general":"#58C879","color_ynet":"#FFC37B","TOTAL_BZB":5247}},{"type":"Feature","geometry":{"type":"Polygon","coordinates":[[[35.710437,33.109143],[35.728111,33.109143],[35.728111,33.121399],[35.710437,33.121399],[35.710437,33.109143],[35.710437,33.109143]]]},"id":4009,"properties":{"r_סמל ועדה":3,"SHEM_YISHUV":"שעל","SEMEL_YISHUV":4009,"r_בזב":237,"r_מצביעים":180,"r_פסולים":1,"r_כשרים":179,"r_אמת":14,"r_ט":12,"r_כן":36,"r_ל":5,"r_מחל":46,"r_מרצ":5,"r_פה":49,"r_שס":6,"r_אחר":6,"max_party":"יש עתיד","color_general":"#FF8E3C","color_ynet":"#F90000","TOTAL_BZB":237}},{"type":"Feature","geometry":{"type":"Polygon","coordinates":[[[34.978386,31.867186],[34.987913,31.867186],[34.987913,31.875712],[34.978386,31.875712],[34.978386,31.867186],[34.978386,31.867186]]]},"id":856,"properties":{"r_סמל ועדה":12,"SHEM_YISHUV":"שעלבים","SEMEL_YISHUV":856,"r_בזב":824,"r_מצביעים":663,"r_פסולים":1,"r_כשרים":662,"r_אמת":5,"r_ג":17,"r_ט":476,"r_כן":10,"r_מחל":62,"r_פה":9,"r_שס":25,"r_אחר":58,"max_party":"הציונות הדתית","color_general":"#A88461","color_ynet":"#5C97BF","TOTAL_BZB":824}},{"type":"Feature","geometry":{"type":"Polygon","coordinates":[[[34.992195,32.283892],[35.004564,32.283892],[35.004564,32.294534],[34.992195,32.294534],[34.992195,32.283892],[34.992195,32.283892]]]},"id":661,"properties":{"r_סמל ועדה":10,"SHEM_YISHUV":"שער אפרים","SEMEL_YISHUV":661,"r_בזב":1352,"r_מצביעים":993,"r_פסולים":2,"r_כשרים":991,"r_אמת":38,"r_ג":5,"r_ט":120,"r_כן":150,"r_ל":9,"r_מחל":319,"r_מרצ":36,"r_פה":232,"r_שס":59,"r_אחר":23,"max_party":"הליכוד","color_general":"#1C5BAD","color_ynet":"#1417AC","TOTAL_BZB":1352}},{"type":"Feature","geometry":{"type":"Polygon","coordinates":[[[35.599802,32.677997],[35.609605,32.677997],[35.609605,32.692039],[35.599802,32.692039],[35.599802,32.677997],[35.599802,32.677997]]]},"id":264,"properties":{"r_סמל ועדה":4,"SHEM_YISHUV":"שער הגולן","SEMEL_YISHUV":264,"r_בזב":490,"r_מצביעים":346,"r_פסולים":0,"r_כשרים":346,"r_אמת":57,"r_ט":9,"r_כן":45,"r_מחל":13,"r_מרצ":86,"r_פה":129,"r_אחר":7,"max_party":"יש עתיד","color_general":"#FF8E3C","color_ynet":"#F90000","TOTAL_BZB":490}},{"type":"Feature","geometry":{"type":"Polygon","coordinates":[[[35.104943,32.719435],[35.120382,32.719435],[35.120382,32.732734],[35.104943,32.732734],[35.104943,32.719435],[35.104943,32.719435]]]},"id":237,"properties":{"r_סמל ועדה":8,"SHEM_YISHUV":"שער העמקים","SEMEL_YISHUV":237,"r_בזב":562,"r_מצביעים":435,"r_פסולים":4,"r_כשרים":431,"r_אמת":82,"r_ט":3,"r_כן":42,"r_ל":8,"r_מחל":4,"r_מרצ":135,"r_עם":3,"r_פה":144,"r_אחר":10,"max_party":"יש עתיד","color_general":"#FF8E3C","color_ynet":"#F90000","TOTAL_BZB":562}},{"type":"Feature","geometry":{"type":"Polygon","coordinates":[[[35.008314,32.441949],[35.020677,32.441949],[35.020677,32.452815],[35.008314,32.452815],[35.008314,32.441949],[35.008314,32.441949]]]},"id":921,"properties":{"r_סמל ועדה":9,"SHEM_YISHUV":"שער מנשה","SEMEL_YISHUV":921,"r_בזב":132,"r_מצביעים":21,"r_פסולים":1,"r_כשרים":20,"r_אמת":1,"r_ום":1,"r_ל":1,"r_מחל":7,"r_פה":5,"r_שס":4,"r_אחר":1,"max_party":"הליכוד","color_general":"#1C5BAD","color_ynet":"#1417AC","TOTAL_BZB":132}},{"type":"Feature","geometry":{"type":"Polygon","coordinates":[[[35.01678,32.115587],[35.050949,32.115587],[35.050949,32.13065],[35.01678,32.13065],[35.01678,32.115587],[35.01678,32.115587]]]},"id":3826,"properties":{"r_סמל ועדה":19,"SHEM_YISHUV":"שער שומרון","SEMEL_YISHUV":3826,"r_בזב":5566,"r_מצביעים":4173,"r_פסולים":11,"r_כשרים":4162,"r_אמת":56,"r_ט":1221,"r_כן":400,"r_ל":94,"r_מחל":1449,"r_מרצ":22,"r_פה":416,"r_שס":150,"r_אחר":354,"max_party":"הליכוד","color_general":"#1C5BAD","color_ynet":"#1417AC","TOTAL_BZB":5566}},{"type":"Feature","geometry":{"type":"Polygon","coordinates":[[[34.817587,32.211998],[34.837963,32.211998],[34.837963,32.227665],[34.817587,32.227665],[34.817587,32.211998],[34.817587,32.211998]]]},"id":232,"properties":{"r_סמל ועדה":10,"SHEM_YISHUV":"שפיים","SEMEL_YISHUV":232,"r_בזב":1042,"r_מצביעים":813,"r_פסולים":1,"r_כשרים":812,"r_אמת":237,"r_ום":5,"r_כן":116,"r_ל":10,"r_מחל":25,"r_מרצ":85,"r_פה":316,"r_אחר":18,"max_party":"יש עתיד","color_general":"#FF8E3C","color_ynet":"#F90000","TOTAL_BZB":1042}},{"type":"Feature","geometry":{"type":"Polygon","coordinates":[[[34.71578,31.684557],[34.745362,31.684557],[34.745362,31.705981],[34.71578,31.705981],[34.71578,31.684557],[34.71578,31.684557]]]},"id":692,"properties":{"r_סמל ועדה":17,"SHEM_YISHUV":"שפיר","SEMEL_YISHUV":692,"r_בזב":565,"r_מצביעים":456,"r_פסולים":1,"r_כשרים":455,"r_אמת":13,"r_ג":10,"r_ט":96,"r_כן":45,"r_ל":5,"r_מחל":175,"r_מרצ":5,"r_פה":61,"r_שס":27,"r_אחר":18,"max_party":"הליכוד","color_general":"#1C5BAD","color_ynet":"#1417AC","TOTAL_BZB":565}},{"type":"Feature","geometry":{"type":"Polygon","coordinates":[[[35.432888,32.93974],[35.440478,32.93974],[35.440478,32.946214],[35.432888,32.946214],[35.432888,32.93974],[35.432888,32.93974]]]},"id":846,"properties":{"r_סמל ועדה":3,"SHEM_YISHUV":"שפר","SEMEL_YISHUV":846,"r_בזב":319,"r_מצביעים":223,"r_פסולים":0,"r_כשרים":223,"r_אמת":2,"r_ג":2,"r_ט":34,"r_כן":15,"r_ל":2,"r_מחל":125,"r_מרצ":5,"r_פה":15,"r_שס":18,"r_אחר":5,"max_party":"הליכוד","color_general":"#1C5BAD","color_ynet":"#1417AC","TOTAL_BZB":319}},{"type":"Feature","geometry":{"type":"Polygon","coordinates":[[[35.142685,32.769408],[35.215233,32.769408],[35.215233,32.832379],[35.142685,32.832379],[35.142685,32.769408],[35.142685,32.769408]]]},"id":8800,"properties":{"r_סמל ועדה":20,"SHEM_YISHUV":"שפרעם","SEMEL_YISHUV":8800,"r_בזב":30875,"r_מצביעים":15890,"r_פסולים":187,"r_כשרים":15703,"r_אמת":316,"r_ום":5742,"r_כן":304,"r_ל":1291,"r_מחל":256,"r_מרצ":430,"r_עם":3165,"r_פה":458,"r_אחר":3741,"max_party":"חד\"ש תע\"ל","color_general":"#58C879","color_ynet":"#FFC37B","TOTAL_BZB":30875}},{"type":"Feature","geometry":{"type":"Polygon","coordinates":[[[35.163489,32.470601],[35.172982,32.470601],[35.172982,32.476177],[35.163489,32.476177],[35.163489,32.470601],[35.163489,32.470601]]]},"id":3649,"properties":{"r_סמל ועדה":9,"SHEM_YISHUV":"שקד","SEMEL_YISHUV":3649,"r_בזב":674,"r_מצביעים":492,"r_פסולים":2,"r_כשרים":490,"r_אמת":8,"r_ט":121,"r_כן":50,"r_ל":12,"r_מחל":166,"r_מרצ":3,"r_פה":95,"r_אחר":35,"max_party":"הליכוד","color_general":"#1C5BAD","color_ynet":"#1417AC","TOTAL_BZB":674}},{"type":"Feature","geometry":{"type":"Polygon","coordinates":[[[34.931246,31.508922],[34.940845,31.508922],[34.940845,31.519005],[34.931246,31.519005],[34.931246,31.508922],[34.931246,31.508922]]]},"id":1233,"properties":{"r_סמל ועדה":17,"SHEM_YISHUV":"שקף","SEMEL_YISHUV":1233,"r_בזב":323,"r_מצביעים":255,"r_פסולים":0,"r_כשרים":255,"r_אמת":44,"r_ט":24,"r_כן":67,"r_ל":2,"r_מחל":22,"r_מרצ":15,"r_פה":69,"r_אחר":12,"max_party":"יש עתיד","color_general":"#FF8E3C","color_ynet":"#F90000","TOTAL_BZB":323}},{"type":"Feature","geometry":{"type":"Polygon","coordinates":[[[35.455223,32.714475],[35.482203,32.714475],[35.482203,32.736005],[35.455223,32.736005],[35.455223,32.714475],[35.455223,32.714475]]]},"id":292,"properties":{"r_סמל ועדה":4,"SHEM_YISHUV":"שרונה","SEMEL_YISHUV":292,"r_בזב":441,"r_מצביעים":333,"r_פסולים":1,"r_כשרים":332,"r_אמת":45,"r_ט":21,"r_כן":93,"r_ל":8,"r_מחל":35,"r_מרצ":21,"r_פה":101,"r_אחר":8,"max_party":"יש עתיד","color_general":"#FF8E3C","color_ynet":"#F90000","TOTAL_BZB":441}},{"type":"Feature","geometry":{"type":"Polygon","coordinates":[[[34.930875,31.672075],[34.939918,31.672075],[34.939918,31.681074],[34.930875,31.681074],[34.930875,31.672075],[34.930875,31.672075]]]},"id":1114,"properties":{"r_סמל ועדה":2,"SHEM_YISHUV":"שריגים (לי-און)","SEMEL_YISHUV":1114,"r_בזב":779,"r_מצביעים":524,"r_פסולים":0,"r_כשרים":524,"r_אמת":69,"r_ום":4,"r_ט":18,"r_כן":67,"r_ל":10,"r_מחל":83,"r_מרצ":71,"r_פה":178,"r_שס":10,"r_אחר":14,"max_party":"יש עתיד","color_general":"#FF8E3C","color_ynet":"#F90000","TOTAL_BZB":779}},{"type":"Feature","geometry":{"type":"Polygon","coordinates":[[[35.217279,32.651355],[35.24116,32.651355],[35.24116,32.671576],[35.217279,32.671576],[35.217279,32.651355],[35.217279,32.651355]]]},"id":126,"properties":{"r_סמל ועדה":5,"SHEM_YISHUV":"שריד","SEMEL_YISHUV":126,"r_בזב":772,"r_מצביעים":533,"r_פסולים":1,"r_כשרים":532,"r_אמת":76,"r_ט":4,"r_כן":59,"r_ל":12,"r_מחל":27,"r_מרצ":127,"r_פה":215,"r_אחר":12,"max_party":"יש עתיד","color_general":"#FF8E3C","color_ynet":"#F90000","TOTAL_BZB":772}},{"type":"Feature","geometry":{"type":"Polygon","coordinates":[[[34.592025,31.398281],[34.61283,31.398281],[34.61283,31.415947],[34.592025,31.415947],[34.592025,31.398281],[34.592025,31.398281]]]},"id":398,"properties":{"r_סמל ועדה":18,"SHEM_YISHUV":"שרשרת","SEMEL_YISHUV":398,"r_בזב":280,"r_מצביעים":211,"r_פסולים":0,"r_כשרים":211,"r_ג":5,"r_ט":49,"r_כן":8,"r_מחל":104,"r_פה":2,"r_שס":41,"r_אחר":2,"max_party":"הליכוד","color_general":"#1C5BAD","color_ynet":"#1417AC","TOTAL_BZB":280}},{"type":"Feature","geometry":{"type":"Polygon","coordinates":[[[35.30548,33.081945],[35.321291,33.081945],[35.321291,33.09018],[35.30548,33.09018],[35.30548,33.081945],[35.30548,33.081945]]]},"id":1045,"properties":{"r_סמל ועדה":6,"SHEM_YISHUV":"שתולה","SEMEL_YISHUV":1045,"r_בזב":240,"r_מצביעים":166,"r_פסולים":1,"r_כשרים":165,"r_אמת":5,"r_ג":4,"r_ט":46,"r_כן":26,"r_ל":1,"r_מחל":57,"r_מרצ":1,"r_פה":6,"r_שס":11,"r_אחר":8,"max_party":"הליכוד","color_general":"#1C5BAD","color_ynet":"#1417AC","TOTAL_BZB":240}},{"type":"Feature","geometry":{"type":"Polygon","coordinates":[[[34.675253,31.767209],[34.692412,31.767209],[34.692412,31.780497],[34.675253,31.780497],[34.675253,31.767209],[34.675253,31.767209]]]},"id":763,"properties":{"r_סמל ועדה":17,"SHEM_YISHUV":"שתולים","SEMEL_YISHUV":763,"r_בזב":1460,"r_מצביעים":1133,"r_פסולים":6,"r_כשרים":1127,"r_אמת":19,"r_ג":17,"r_ט":230,"r_כן":127,"r_ל":16,"r_מחל":458,"r_פה":119,"r_שס":92,"r_אחר":49,"max_party":"הליכוד","color_general":"#1C5BAD","color_ynet":"#1417AC","TOTAL_BZB":1460}},{"type":"Feature","geometry":{"type":"Polygon","coordinates":[[[34.636938,31.365282],[34.651732,31.365282],[34.651732,31.377325],[34.636938,31.377325],[34.636938,31.365282],[34.636938,31.365282]]]},"id":2062,"properties":{"r_סמל ועדה":18,"SHEM_YISHUV":"תאשור","SEMEL_YISHUV":2062,"r_בזב":309,"r_מצביעים":223,"r_פסולים":0,"r_כשרים":223,"r_אמת":11,"r_ום":2,"r_ט":30,"r_כן":36,"r_מחל":63,"r_מרצ":9,"r_פה":59,"r_שס":5,"r_אחר":8,"max_party":"הליכוד","color_general":"#1C5BAD","color_ynet":"#1417AC","TOTAL_BZB":309}},{"type":"Feature","geometry":{"type":"Polygon","coordinates":[[[34.617961,31.373981],[34.637262,31.373981],[34.637262,31.384956],[34.617961,31.384956],[34.617961,31.373981],[34.617961,31.373981]]]},"id":2061,"properties":{"r_סמל ועדה":18,"SHEM_YISHUV":"תדהר","SEMEL_YISHUV":2061,"r_בזב":440,"r_מצביעים":329,"r_פסולים":3,"r_כשרים":326,"r_אמת":6,"r_ג":2,"r_ט":61,"r_כן":35,"r_מחל":171,"r_מרצ":2,"r_פה":26,"r_שס":17,"r_אחר":6,"max_party":"הליכוד","color_general":"#1C5BAD","color_ynet":"#1417AC","TOTAL_BZB":440}},{"type":"Feature","geometry":{"type":"Polygon","coordinates":[[[35.24134,32.925841],[35.25181,32.925841],[35.25181,32.933196],[35.24134,32.933196],[35.24134,32.925841],[35.24134,32.925841]]]},"id":1172,"properties":{"r_סמל ועדה":6,"SHEM_YISHUV":"תובל","SEMEL_YISHUV":1172,"r_בזב":324,"r_מצביעים":196,"r_פסולים":0,"r_כשרים":196,"r_אמת":35,"r_ום":5,"r_ט":3,"r_כן":15,"r_ל":5,"r_מחל":11,"r_מרצ":37,"r_עם":2,"r_פה":74,"r_אחר":9,"max_party":"יש עתיד","color_general":"#FF8E3C","color_ynet":"#F90000","TOTAL_BZB":324}},{"type":"Feature","geometry":{"type":"Polygon","coordinates":[[[35.435179,32.016161],[35.441895,32.016161],[35.441895,32.021919],[35.435179,32.021919],[35.435179,32.016161],[35.435179,32.016161]]]},"id":3558,"properties":{"r_סמל ועדה":2,"SHEM_YISHUV":"תומר","SEMEL_YISHUV":3558,"r_בזב":254,"r_מצביעים":197,"r_פסולים":4,"r_כשרים":193,"r_אמת":11,"r_ט":23,"r_כן":36,"r_ל":4,"r_מחל":47,"r_מרצ":4,"r_פה":53,"r_אחר":15,"max_party":"יש עתיד","color_general":"#FF8E3C","color_ynet":"#F90000","TOTAL_BZB":254}},{"type":"Feature","geometry":{"type":"Polygon","coordinates":[[[34.537836,31.431015],[34.545613,31.431015],[34.545613,31.436398],[34.537836,31.436398],[34.537836,31.431015],[34.537836,31.431015]]]},"id":1083,"properties":{"r_סמל ועדה":18,"SHEM_YISHUV":"תושייה","SEMEL_YISHUV":1083,"r_בזב":362,"r_מצביעים":273,"r_פסולים":0,"r_כשרים":273,"r_ט":178,"r_כן":3,"r_מחל":68,"r_שס":13,"r_אחר":11,"max_party":"הציונות הדתית","color_general":"#A88461","color_ynet":"#5C97BF","TOTAL_BZB":362}},{"type":"Feature","geometry":{"type":"Polygon","coordinates":[[[34.753249,31.711038],[34.767315,31.711038],[34.767315,31.721482],[34.753249,31.721482],[34.753249,31.711038],[34.753249,31.711038]]]},"id":163,"properties":{"r_סמל ועדה":17,"SHEM_YISHUV":"תימורים","SEMEL_YISHUV":163,"r_בזב":636,"r_מצביעים":456,"r_פסולים":4,"r_כשרים":452,"r_אמת":30,"r_ום":4,"r_ט":19,"r_כן":97,"r_ל":6,"r_מחל":66,"r_מרצ":16,"r_פה":199,"r_שס":4,"r_אחר":11,"max_party":"יש עתיד","color_general":"#FF8E3C","color_ynet":"#F90000","TOTAL_BZB":636}},{"type":"Feature","geometry":{"type":"Polygon","coordinates":[[[34.877237,31.744357],[34.895129,31.744357],[34.895129,31.756915],[34.877237,31.756915],[34.877237,31.744357],[34.877237,31.744357]]]},"id":10,"properties":{"r_סמל ועדה":2,"SHEM_YISHUV":"תירוש","SEMEL_YISHUV":10,"r_בזב":336,"r_מצביעים":268,"r_פסולים":0,"r_כשרים":268,"r_ג":9,"r_ט":37,"r_כן":5,"r_מחל":108,"r_פה":2,"r_שס":103,"r_אחר":4,"max_party":"הליכוד","color_general":"#1C5BAD","color_ynet":"#1417AC","TOTAL_BZB":336}},{"type":"Feature","geometry":{"type":"Polygon","coordinates":[[[34.742376,32.029336],[34.852262,32.029336],[34.852262,32.146063],[34.742376,32.146063],[34.742376,32.029336],[34.742376,32.029336]]]},"id":5000,"properties":{"r_סמל ועדה":14,"SHEM_YISHUV":"תל אביב -יפו","SEMEL_YISHUV":5000,"r_בזב":447576,"r_מצביעים":266837,"r_פסולים":1041,"r_כשרים":265796,"r_אמת":24603,"r_ג":2204,"r_ום":4058,"r_ט":11968,"r_כן":29291,"r_ל":8806,"r_מחל":45221,"r_מרצ":29060,"r_עם":1826,"r_פה":87227,"r_שס":11442,"r_אחר":10090,"max_party":"יש עתיד","color_general":"#FF8E3C","color_ynet":"#F90000","TOTAL_BZB":447576}},{"type":"Feature","geometry":{"type":"Polygon","coordinates":[[[35.394154,32.550888],[35.404716,32.550888],[35.404716,32.559259],[35.394154,32.559259],[35.394154,32.550888],[35.394154,32.550888]]]},"id":84,"properties":{"r_סמל ועדה":5,"SHEM_YISHUV":"תל יוסף","SEMEL_YISHUV":84,"r_בזב":390,"r_מצביעים":279,"r_פסולים":0,"r_כשרים":279,"r_אמת":51,"r_ט":11,"r_כן":48,"r_ל":5,"r_מחל":15,"r_מרצ":20,"r_פה":117,"r_אחר":12,"max_party":"יש עתיד","color_general":"#FF8E3C","color_ynet":"#F90000","TOTAL_BZB":390}},{"type":"Feature","geometry":{"type":"Polygon","coordinates":[[[34.864296,32.249874],[34.873436,32.249874],[34.873436,32.255138],[34.864296,32.255138],[34.864296,32.249874],[34.864296,32.249874]]]},"id":287,"properties":{"r_סמל ועדה":10,"SHEM_YISHUV":"תל יצחק","SEMEL_YISHUV":287,"r_בזב":683,"r_מצביעים":229,"r_פסולים":2,"r_כשרים":227,"r_אמת":28,"r_ט":5,"r_כן":42,"r_ל":7,"r_מחל":23,"r_מרצ":28,"r_פה":88,"r_שס":2,"r_אחר":4,"max_party":"יש עתיד","color_general":"#FF8E3C","color_ynet":"#F90000","TOTAL_BZB":683}},{"type":"Feature","geometry":{"type":"Polygon","coordinates":[[[34.883255,32.219499],[34.928477,32.219499],[34.928477,32.262571],[34.883255,32.262571],[34.883255,32.219499],[34.883255,32.219499]]]},"id":154,"properties":{"r_סמל ועדה":10,"SHEM_YISHUV":"תל מונד","SEMEL_YISHUV":154,"r_בזב":10458,"r_מצביעים":7815,"r_פסולים":23,"r_כשרים":7792,"r_אמת":416,"r_ט":535,"r_כן":1195,"r_ל":186,"r_מחל":1679,"r_מרצ":273,"r_פה":3029,"r_שס":203,"r_אחר":276,"max_party":"יש עתיד","color_general":"#FF8E3C","color_ynet":"#F90000","TOTAL_BZB":10458}},{"type":"Feature","geometry":{"type":"Polygon","coordinates":[[[35.291757,32.64525],[35.315324,32.64525],[35.315324,32.665798],[35.291757,32.665798],[35.291757,32.64525],[35.291757,32.64525]]]},"id":103,"properties":{"r_סמל ועדה":5,"SHEM_YISHUV":"תל עדשים","SEMEL_YISHUV":103,"r_בזב":898,"r_מצביעים":668,"r_פסולים":2,"r_כשרים":666,"r_אמת":43,"r_ט":38,"r_כן":154,"r_ל":12,"r_מחל":143,"r_מרצ":21,"r_פה":233,"r_שס":5,"r_אחר":17,"max_party":"יש עתיד","color_general":"#FF8E3C","color_ynet":"#F90000","TOTAL_BZB":898}},{"type":"Feature","geometry":{"type":"Polygon","coordinates":[[[35.613722,32.695465],[35.625625,32.695465],[35.625625,32.711928],[35.613722,32.711928],[35.613722,32.695465],[35.613722,32.695465]]]},"id":719,"properties":{"r_סמל ועדה":4,"SHEM_YISHUV":"תל קציר","SEMEL_YISHUV":719,"r_בזב":358,"r_מצביעים":250,"r_פסולים":3,"r_כשרים":247,"r_אמת":34,"r_ט":17,"r_כן":39,"r_ל":9,"r_מחל":21,"r_מרצ":12,"r_פה":100,"r_שס":3,"r_אחר":12,"max_party":"יש עתיד","color_general":"#FF8E3C","color_ynet":"#F90000","TOTAL_BZB":358}},{"type":"Feature","geometry":{"type":"Polygon","coordinates":[[[34.835125,31.235229],[34.888207,31.235229],[34.888207,31.265909],[34.835125,31.265909],[34.835125,31.235229],[34.835125,31.235229]]]},"id":1054,"properties":{"r_סמל ועדה":18,"SHEM_YISHUV":"תל שבע","SEMEL_YISHUV":1054,"r_בזב":10918,"r_מצביעים":5820,"r_פסולים":54,"r_כשרים":5766,"r_ום":461,"r_מחל":59,"r_עם":4692,"r_פה":46,"r_אחר":508,"max_party":"רע\"מ","color_general":"#F7C94C","color_ynet":"#FE9601","TOTAL_BZB":10918}},{"type":"Feature","geometry":{"type":"Polygon","coordinates":[[[35.490775,32.437964],[35.501301,32.437964],[35.501301,32.446077],[35.490775,32.446077],[35.490775,32.437964],[35.490775,32.437964]]]},"id":1283,"properties":{"r_סמל ועדה":5,"SHEM_YISHUV":"תל תאומים","SEMEL_YISHUV":1283,"r_בזב":345,"r_מצביעים":269,"r_פסולים":0,"r_כשרים":269,"r_ג":2,"r_ט":59,"r_כן":29,"r_מחל":135,"r_פה":4,"r_שס":26,"r_אחר":14,"max_party":"הליכוד","color_general":"#1C5BAD","color_ynet":"#1417AC","TOTAL_BZB":345}},{"type":"Feature","geometry":{"type":"Polygon","coordinates":[[[35.029811,31.560972],[35.033249,31.560972],[35.033249,31.567123],[35.029811,31.567123],[35.029811,31.560972],[35.029811,31.560972]]]},"id":3719,"properties":{"r_סמל ועדה":2,"SHEM_YISHUV":"תלם","SEMEL_YISHUV":3719,"r_בזב":230,"r_מצביעים":181,"r_פסולים":1,"r_כשרים":180,"r_ג":5,"r_ט":136,"r_כן":4,"r_ל":3,"r_מחל":13,"r_פה":7,"r_שס":4,"r_אחר":8,"max_party":"הציונות הדתית","color_general":"#A88461","color_ynet":"#5C97BF","TOTAL_BZB":230}},{"type":"Feature","geometry":{"type":"Polygon","coordinates":[[[34.424505,31.225335],[34.433136,31.225335],[34.433136,31.232751],[34.424505,31.232751],[34.424505,31.225335],[34.424505,31.225335]]]},"id":1051,"properties":{"r_סמל ועדה":18,"SHEM_YISHUV":"תלמי אליהו","SEMEL_YISHUV":1051,"r_בזב":232,"r_מצביעים":149,"r_פסולים":1,"r_כשרים":148,"r_אמת":3,"r_ג":2,"r_ט":19,"r_כן":17,"r_מחל":58,"r_מרצ":5,"r_פה":25,"r_שס":13,"r_אחר":6,"max_party":"הליכוד","color_general":"#1C5BAD","color_ynet":"#1417AC","TOTAL_BZB":232}},{"type":"Feature","geometry":{"type":"Polygon","coordinates":[[[34.970229,32.43906],[34.986115,32.43906],[34.986115,32.451433],[34.970229,32.451433],[34.970229,32.43906],[34.970229,32.43906]]]},"id":2003,"properties":{"r_סמל ועדה":9,"SHEM_YISHUV":"תלמי אלעזר","SEMEL_YISHUV":2003,"r_בזב":685,"r_מצביעים":522,"r_פסולים":2,"r_כשרים":520,"r_אמת":49,"r_ג":5,"r_ט":20,"r_כן":97,"r_ל":11,"r_מחל":86,"r_מרצ":25,"r_פה":214,"r_שס":3,"r_אחר":10,"max_party":"יש עתיד","color_general":"#FF8E3C","color_ynet":"#F90000","TOTAL_BZB":685}},{"type":"Feature","geometry":{"type":"Polygon","coordinates":[[[34.633521,31.428608],[34.660047,31.428608],[34.660047,31.448331],[34.633521,31.448331],[34.633521,31.428608],[34.633521,31.428608]]]},"id":2050,"properties":{"r_סמל ועדה":18,"SHEM_YISHUV":"תלמי ביל\"ו","SEMEL_YISHUV":2050,"r_בזב":367,"r_מצביעים":292,"r_פסולים":0,"r_כשרים":292,"r_אמת":3,"r_ט":77,"r_כן":24,"r_ל":3,"r_מחל":148,"r_מרצ":3,"r_פה":15,"r_שס":16,"r_אחר":3,"max_party":"הליכוד","color_general":"#1C5BAD","color_ynet":"#1417AC","TOTAL_BZB":367}},{"type":"Feature","geometry":{"type":"Polygon","coordinates":[[[34.349935,31.191857],[34.370454,31.191857],[34.370454,31.21],[34.349935,31.21],[34.349935,31.191857],[34.349935,31.191857]]]},"id":1237,"properties":{"r_סמל ועדה":18,"SHEM_YISHUV":"תלמי יוסף","SEMEL_YISHUV":1237,"r_בזב":275,"r_מצביעים":167,"r_פסולים":0,"r_כשרים":167,"r_אמת":11,"r_ט":28,"r_כן":27,"r_ל":1,"r_מחל":25,"r_מרצ":18,"r_עם":1,"r_פה":49,"r_אחר":7,"max_party":"יש עתיד","color_general":"#FF8E3C","color_ynet":"#F90000","TOTAL_BZB":275}},{"type":"Feature","geometry":{"type":"Polygon","coordinates":[[[34.746906,31.743261],[34.775463,31.743261],[34.775463,31.763741],[34.746906,31.763741],[34.746906,31.743261],[34.746906,31.743261]]]},"id":727,"properties":{"r_סמל ועדה":17,"SHEM_YISHUV":"תלמי יחיאל","SEMEL_YISHUV":727,"r_בזב":634,"r_מצביעים":464,"r_פסולים":2,"r_כשרים":462,"r_אמת":14,"r_ט":46,"r_כן":106,"r_ל":11,"r_מחל":119,"r_מרצ":7,"r_פה":124,"r_שס":18,"r_אחר":17,"max_party":"יש עתיד","color_general":"#FF8E3C","color_ynet":"#F90000","TOTAL_BZB":634}},{"type":"Feature","geometry":{"type":"Polygon","coordinates":[[[34.6093,31.614237],[34.618197,31.614237],[34.618197,31.620695],[34.6093,31.620695],[34.6093,31.614237],[34.6093,31.614237]]]},"id":744,"properties":{"r_סמל ועדה":17,"SHEM_YISHUV":"תלמי יפה","SEMEL_YISHUV":744,"r_בזב":526,"r_מצביעים":386,"r_פסולים":0,"r_כשרים":386,"r_אמת":21,"r_ג":4,"r_ט":30,"r_כן":65,"r_ל":3,"r_מחל":101,"r_מרצ":12,"r_פה":126,"r_שס":10,"r_אחר":14,"max_party":"יש עתיד","color_general":"#FF8E3C","color_ynet":"#F90000","TOTAL_BZB":526}},{"type":"Feature","geometry":{"type":"Polygon","coordinates":[[[34.664438,31.557151],[34.683201,31.557151],[34.683201,31.572535],[34.664438,31.572535],[34.664438,31.557151],[34.664438,31.557151]]]},"id":814,"properties":{"r_סמל ועדה":17,"SHEM_YISHUV":"תלמים","SEMEL_YISHUV":814,"r_בזב":577,"r_מצביעים":474,"r_פסולים":1,"r_כשרים":473,"r_ג":7,"r_ט":113,"r_כן":13,"r_מחל":155,"r_פה":6,"r_שס":168,"r_אחר":11,"max_party":"ש\"ס","color_general":"#6C7CA5","color_ynet":"#995700","TOTAL_BZB":577}},{"type":"Feature","geometry":{"type":"Polygon","coordinates":[[[35.218889,32.699883],[35.231665,32.699883],[35.231665,32.707432],[35.218889,32.707432],[35.218889,32.699883],[35.218889,32.699883]]]},"id":1244,"properties":{"r_סמל ועדה":5,"SHEM_YISHUV":"תמרת","SEMEL_YISHUV":1244,"r_בזב":1164,"r_מצביעים":855,"r_פסולים":0,"r_כשרים":855,"r_אמת":120,"r_ט":12,"r_כן":124,"r_ל":20,"r_מחל":61,"r_מרצ":82,"r_פה":404,"r_אחר":32,"max_party":"יש עתיד","color_general":"#FF8E3C","color_ynet":"#F90000","TOTAL_BZB":1164}},{"type":"Feature","geometry":{"type":"Polygon","coordinates":[[[34.957463,32.296517],[34.967325,32.296517],[34.967325,32.314267],[34.957463,32.314267],[34.957463,32.296517],[34.957463,32.296517]]]},"id":2002,"properties":{"r_סמל ועדה":10,"SHEM_YISHUV":"תנובות","SEMEL_YISHUV":2002,"r_בזב":633,"r_מצביעים":460,"r_פסולים":2,"r_כשרים":458,"r_אמת":18,"r_ג":4,"r_ט":57,"r_כן":81,"r_מחל":165,"r_מרצ":8,"r_פה":89,"r_שס":21,"r_אחר":15,"max_party":"הליכוד","color_general":"#1C5BAD","color_ynet":"#1417AC","TOTAL_BZB":633}},{"type":"Feature","geometry":{"type":"Polygon","coordinates":[[[34.968757,31.79554],[34.97862,31.79554],[34.97862,31.806112],[34.968757,31.806112],[34.968757,31.79554],[34.968757,31.79554]]]},"id":752,"properties":{"r_סמל ועדה":2,"SHEM_YISHUV":"תעוז","SEMEL_YISHUV":752,"r_בזב":433,"r_מצביעים":344,"r_פסולים":1,"r_כשרים":343,"r_אמת":16,"r_ג":3,"r_ט":58,"r_כן":30,"r_ל":4,"r_מחל":118,"r_מרצ":16,"r_פה":44,"r_שס":39,"r_אחר":15,"max_party":"הליכוד","color_general":"#1C5BAD","color_ynet":"#1417AC","TOTAL_BZB":433}},{"type":"Feature","geometry":{"type":"Polygon","coordinates":[[[34.662187,31.319722],[34.68803,31.319722],[34.68803,31.333432],[34.662187,31.333432],[34.662187,31.319722],[34.662187,31.319722]]]},"id":709,"properties":{"r_סמל ועדה":18,"SHEM_YISHUV":"תפרח","SEMEL_YISHUV":709,"r_בזב":1082,"r_מצביעים":953,"r_פסולים":9,"r_כשרים":944,"r_ג":670,"r_ט":44,"r_מחל":37,"r_שס":180,"r_אחר":13,"max_party":"יהדות התורה","color_general":"#49536B","color_ynet":"#683B04","TOTAL_BZB":1082}},{"type":"Feature","geometry":{"type":"Polygon","coordinates":[[[34.569373,31.441822],[34.588893,31.441822],[34.588893,31.46108],[34.569373,31.46108],[34.569373,31.441822],[34.569373,31.441822]]]},"id":665,"properties":{"r_סמל ועדה":18,"SHEM_YISHUV":"תקומה","SEMEL_YISHUV":665,"r_בזב":514,"r_מצביעים":415,"r_פסולים":1,"r_כשרים":414,"r_אמת":3,"r_ט":138,"r_כן":44,"r_מחל":142,"r_פה":25,"r_שס":13,"r_אחר":49,"max_party":"הליכוד","color_general":"#1C5BAD","color_ynet":"#1417AC","TOTAL_BZB":514}},{"type":"Feature","geometry":{"type":"Polygon","coordinates":[[[35.224015,31.648121],[35.233855,31.648121],[35.233855,31.658174],[35.224015,31.658174],[35.224015,31.648121],[35.224015,31.648121]]]},"id":3563,"properties":{"r_סמל ועדה":2,"SHEM_YISHUV":"תקוע","SEMEL_YISHUV":3563,"r_בזב":2334,"r_מצביעים":1686,"r_פסולים":11,"r_כשרים":1675,"r_אמת":25,"r_ג":13,"r_ט":749,"r_כן":94,"r_ל":28,"r_מחל":353,"r_מרצ":9,"r_פה":48,"r_שס":27,"r_אחר":329,"max_party":"הציונות הדתית","color_general":"#A88461","color_ynet":"#5C97BF","TOTAL_BZB":2334}},{"type":"Feature","geometry":{"type":"Polygon","coordinates":[[[34.807304,31.158978],[34.826186,31.158978],[34.826186,31.16937],[34.807304,31.16937],[34.807304,31.158978],[34.807304,31.158978]]]},"id":970,"properties":{"r_סמל ועדה":18,"SHEM_YISHUV":"תראבין א-צאנע (שבט)","SEMEL_YISHUV":970,"r_בזב":582,"r_מצביעים":74,"r_פסולים":2,"r_כשרים":72,"r_ום":1,"r_מחל":28,"r_מרצ":1,"r_עם":42,"max_party":"רע\"מ","color_general":"#F7C94C","color_ynet":"#FE9601","TOTAL_BZB":582}},{"type":"Feature","geometry":{"type":"Polygon","coordinates":[[[34.727449,31.334515],[34.752217,31.334515],[34.752217,31.350635],[34.727449,31.350635],[34.727449,31.334515],[34.727449,31.334515]]]},"id":1346,"properties":{"r_סמל ועדה":18,"SHEM_YISHUV":"תרבין א-צאנע (יישוב)","SEMEL_YISHUV":1346,"r_בזב":650,"r_מצביעים":248,"r_פסולים":5,"r_כשרים":243,"r_מחל":143,"r_מרצ":2,"r_עם":87,"r_אחר":11,"max_party":"הליכוד","color_general":"#1C5BAD","color_ynet":"#1417AC","TOTAL_BZB":650}},{"type":"Feature","geometry":{"type":"Polygon","coordinates":[[[34.97766,31.777822],[34.987498,31.777822],[34.987498,31.788567],[34.97766,31.788567],[34.97766,31.777822],[34.97766,31.777822]]]},"id":778,"properties":{"r_סמל ועדה":2,"SHEM_YISHUV":"תרום","SEMEL_YISHUV":778,"r_בזב":616,"r_מצביעים":494,"r_פסולים":0,"r_כשרים":494,"r_אמת":5,"r_ג":12,"r_ט":130,"r_כן":46,"r_מחל":201,"r_פה":21,"r_שס":49,"r_אחר":30,"max_party":"הליכוד","color_general":"#1C5BAD","color_ynet":"#1417AC","TOTAL_BZB":616}}],"date":"08/11/2022","time":"15:25","precent_counted":70.62,"voters_now":"4794588","total_bzb":"6788804","total_kalpiot":"12495","voting_percent_now":"70.62"}